latency_ms,time_s,tracking_error_m
0,4.0,0.014297760316160178
0,4.002,0.014354956624470719
0,4.0040000000000004,0.014414080095292804
0,4.006,0.014475029768075041
0,4.008,0.01453770847495152
0,4.01,0.01460202270878932
0,4.0120000000000005,0.014667882495775338
0,4.014,0.01473520127237881
0,4.016,0.01480389576653186
0,4.018,0.014873885882874647
0,4.0200000000000005,0.014945094591922132
0,4.022,0.01501744782301237
0,4.024,0.015090874360904371
0,4.026,0.015165305745897056
0,4.0280000000000005,0.015240676177348547
0,4.03,0.015316922420475795
0,4.032,0.015393983716325539
0,4.034,0.015471801694804712
0,4.0360000000000005,0.015550320290668574
0,4.038,0.015629485662364304
0,4.04,0.015709246113636225
0,4.042,0.015791799635655537
0,4.0440000000000005,0.01587699369358244
0,4.046,0.01596468151453774
0,4.048,0.016054721889628996
0,4.05,0.016146978982411617
0,4.0520000000000005,0.016241322143582305
0,4.054,0.016337625731709268
0,4.056,0.016435768939810927
0,4.058,0.016535635627602713
0,4.0600000000000005,0.016637114159238516
0,4.062,0.0167400972463785
0,4.064,0.016844481796421368
0,4.066,0.01695016876574434
0,4.0680000000000005,0.01705706301779886
0,4.07,0.017165073185913066
0,4.072,0.017274111540660077
0,4.074,0.017384093861650397
0,4.0760000000000005,0.017494939313614
0,4.078,0.01760657032664061
0,4.08,0.017718912480448365
0,4.082,0.01781187511196754
0,4.0840000000000005,0.017886274231650408
0,4.086,0.01794289683683088
0,4.088,0.01798250193184548
0,4.09,0.018005821511322566
0,4.0920000000000005,0.018013561507623135
0,4.094,0.018006402703533927
0,4.096,0.017985001611389453
0,4.098,0.01794999131983163
0,4.1,0.017901982309425076
0,4.102,0.017841563238335193
0,4.104,0.01776930169925512
0,4.106,0.01768574494873502
0,4.108,0.017591420610034426
0,4.11,0.017486837350575005
0,4.112,0.017372485535034572
0,4.114,0.01724883785507878
0,4.116,0.017116349936687727
0,4.118,0.016975460925993273
0,4.12,0.01682659405450515
0,4.122,0.016668950195539482
0,4.124,0.016502978148486235
0,4.126,0.016329110372899414
0,4.128,0.016147763547157384
0,4.13,0.01595933910763692
0,4.132,0.015764223769203653
0,4.134,0.015562790027784944
0,4.136,0.01535539664575858
0,4.138,0.015142389120860673
0,4.14,0.014924100139286793
0,4.142,0.014700850013634342
0,4.144,0.014472947106312271
0,4.146,0.014240688239019765
0,4.148,0.014004359088879557
0,4.15,0.013764234571792036
0,4.152,0.013520579213564917
0,4.154,0.013273647509359566
0,4.156,0.013023684271988299
0,4.158,0.012770924969589521
0,4.16,0.012515596053209045
0,4.162,0.01227692290993219
0,4.164,0.012054260544474546
0,4.166,0.011846986210948289
0,4.168,0.011654498738796813
0,4.17,0.011476217874367825
0,4.172,0.011311583637733073
0,4.174,0.011160055694381277
0,4.176,0.011021112741443483
0,4.178,0.010894251908145924
0,4.18,0.010778988170223535
0,4.182,0.010674853778073368
0,4.184,0.010581397698464352
0,4.186,0.010498185069665199
0,4.188,0.010424796669882865
0,4.19,0.01036082839894047
0,4.192,0.010305890773139667
0,4.194,0.010259608433277409
0,4.196,0.01022161966578864
0,4.198,0.010191575936989912
0,4.2,0.010169141440395721
0,4.202,0.010152827399069963
0,4.204,0.010142376722201136
0,4.206,0.010137541767849026
0,4.208,0.01013808401092805
0,4.21,0.01014377372158602
0,4.212,0.010154389653844938
0,4.214,0.010169718744345232
0,4.216,0.010189555821026444
0,4.218,0.010213703321554366
0,4.22,0.010241971021293565
0,4.222,0.010274175770610345
0,4.224,0.010310141241276724
0,4.226,0.010349697681741979
0,4.228,0.010392681681024656
0,4.23,0.010438935940976267
0,4.232,0.010488309056662577
0,4.234,0.010540655304607013
0,4.236,0.010595834438639724
0,4.238,0.01065371149309735
0,4.24,0.010714156593121506
0,4.242,0.010777044771807655
0,4.244,0.010842255793958686
0,4.246,0.010909673986207565
0,4.248,0.01097918807327268
0,4.25,0.011050691020123767
0,4.252,0.011124079879836732
0,4.2540000000000004,0.011199255646926958
0,4.256,0.011276123115955496
0,4.258,0.011354590745212322
0,4.26,0.011434570525285393
0,4.2620000000000005,0.011515977852333876
0,4.264,0.011598731405889648
0,4.266,0.011682753031018707
0,4.268,0.011767967624680438
0,4.2700000000000005,0.0118543030261296
0,4.272,0.01194168991121136
0,4.274,0.012030061690408635
0,4.276,0.012119354410500747
0,4.2780000000000005,0.012209506659705103
0,4.28,0.012300459476173456
0,4.282,0.012392156259722915
0,4.284,0.012484542686683324
0,4.2860000000000005,0.012577566627750444
0,4.288,0.012671178068737238
0,4.29,0.012765329034118814
0,4.292,0.012859973513272555
0,4.2940000000000005,0.01295506738931785
0,4.296,0.01305056837046207
0,4.298,0.013146435923766034
0,4.3,0.013242631211242268
0,4.3020000000000005,0.013339117028203801
0,4.304,0.013435857743786174
0,4.306,0.013532819243563782
0,4.308,0.013629968874189104
0,4.3100000000000005,0.013727275389983536
0,4.312,0.01382470890140971
0,4.314,0.013922240825362866
0,4.316,0.01401984383721413
0,4.3180000000000005,0.014117491824547398
0,4.32,0.014215159842527645
0,4.322,0.014313980230517477
0,4.324,0.014413875889837655
0,4.3260000000000005,0.014514772766226846
0,4.328,0.0146165997414329
0,4.33,0.014719288528525732
0,4.332,0.014822773570808974
0,4.3340000000000005,0.01492699194420956
0,4.336,0.01503188326303036
0,4.338,0.015137389588954064
0,4.34,0.015243455343189266
0,4.3420000000000005,0.015350027221655523
0,4.344,0.015457054113103044
0,4.346,0.015564487020073493
0,4.348,0.015672278982601394
0,4.3500000000000005,0.01578038500456854
0,4.352,0.01588876198262007
0,4.354,0.015997368637556724
0,4.356,0.016106165448118825
0,4.358,0.01621511458708263
0,4.36,0.016324179859589213
0,4.362,0.016435565436667535
0,4.364,0.01654913300518737
0,4.366,0.016664749608121695
0,4.368,0.016782287455893514
0,4.37,0.016901623743993663
0,4.372,0.017022640476687098
0,4.374,0.01714522429662574
0,4.376,0.017269266320192867
0,4.378,0.017394661978405595
0,4.38,0.017521310863208805
0,4.382,0.017649116578993543
0,4.384,0.017777986599180375
0,4.386,0.01790783212770916
0,4.388,0.0180385679652824
0,4.39,0.018170112380211472
0,4.392,0.018302386983718458
0,4.394,0.018435316609552534
0,4.396,0.018568829197779208
0,4.398,0.018702855682608606
0,4.4,0.018837329884129225
0,4.402,0.01895217087417005
0,4.404,0.019048204337869454
0,4.406,0.019126226355442876
0,4.408,0.019187004476112348
0,4.41,0.019231278747826666
0,4.412,0.019259762705027442
0,4.414,0.01927314431657816
0,4.416,0.019272086895843282
0,4.418,0.0192572299747821
0,4.42,0.019229190143807497
0,4.422,0.019188561859052065
0,4.424,0.01913591821858525
0,4.426,0.019071811709032237
0,4.428,0.018996774923959018
0,4.43,0.01891132125530746
0,4.432,0.018815945559092932
0,4.434,0.01871112479650375
0,4.436,0.018597318651481457
0,4.438,0.01847497012579846
0,4.44,0.018344506112598045
0,4.442,0.018205135651169102
0,4.444,0.01805731096685467
0,4.446,0.01790146777745656
0,4.448,0.017738025857941868
0,4.45,0.017567389585002317
0,4.452,0.01738994846230014
0,4.454,0.017206077627187292
0,4.456,0.017016138339648074
0,4.458,0.016820478454173702
0,4.46,0.01661943287524747
0,4.462,0.016413323997080086
0,4.464,0.016202462128209572
0,4.466,0.015987145901547633
0,4.468,0.015767662670427885
0,4.47,0.01554428889118776
0,4.472,0.015317290492787215
0,4.474,0.015086923233951551
0,4.476,0.014853433048297171
0,4.478,0.014617056377883648
0,4.48,0.014378020495615188
0,4.482,0.014154418153468481
0,4.484,0.013945661717106537
0,4.486,0.013751183758116282
0,4.488,0.013570436427813295
0,4.49,0.01340289084638242
0,4.492,0.013248036507174628
0,4.494,0.013105380695973803
0,4.496,0.012974447925051367
0,4.498,0.012854779381819758
0,4.5,0.012745932391902
0,4.502,0.01264747989642657
0,4.5040000000000004,0.012559009943361416
0,4.506,0.012480125192695472
0,4.508,0.012410442435274678
0,4.51,0.012349592125097075
0,4.5120000000000005,0.012297217924865638
0,4.514,0.012252976264594848
0,4.516,0.012216535913061459
0,4.518,0.012187577561881652
0,4.5200000000000005,0.012165793421996302
0,4.522,0.012150886832333046
0,4.524,0.012142571880413611
0,4.526,0.012140573034665956
0,4.5280000000000005,0.01214462478819604
0,4.53,0.012154471313768156
0,4.532,0.012169866129740732
0,4.534,0.012190571776697452
0,4.5360000000000005,0.012216359504513337
0,4.538,0.012247008969591721
0,4.54,0.012282307942008243
0,4.542,0.012322052022295773
0,4.5440000000000005,0.012366044367605921
0,4.546,0.012414095426983237
0,4.548,0.012466022685490828
0,4.55,0.012521650416927722
0,4.5520000000000005,0.01258080944488272
0,4.554,0.012643336911871219
0,4.556,0.012709076056308465
0,4.558,0.012777875997074747
0,4.5600000000000005,0.012849591525434264
0,4.562,0.01292289459460955
0,4.564,0.012997702407708683
0,4.566,0.013073935350051576
0,4.5680000000000005,0.01315151687563044
0,4.57,0.013230373397510766
0,4.572,0.013310434182041114
0,4.574,0.013391631246742107
0,4.5760000000000005,0.013473899261749871
0,4.578,0.013557175454695038
0,4.58,0.013641399518897946
0,4.582,0.013726513524770813
0,4.5840000000000005,0.013812461834313299
0,4.586,0.013899191018600125
0,4.588,0.013986649778155572
0,4.59,0.014074788866117792
0,4.5920000000000005,0.014163561014096443
0,4.594,0.014252920860631128
0,4.596,0.014342824882162729
0,4.598,0.014433231326429284
0,4.6000000000000005,0.014524100148203954
0,4.602,0.014616581693886537
0,4.604,0.014710587580055971
0,4.606,0.014806032850315034
0,4.6080000000000005,0.014902835852453427
0,4.61,0.015000918119891946
0,4.612,0.015100204257264799
0,4.614,0.015200621829999213
0,4.616,0.01530210125775708
0,4.618,0.015404575711607894
0,4.62,0.015507981014805262
0,4.622,0.015612255547045
0,4.624,0.015717340152084713
0,4.626,0.015823178048610068
0,4.628,0.015929714744237114
0,4.63,0.016036897952541262
0,4.632,0.01614467751301035
0,4.634,0.016253005313819346
0,4.636,0.016361835217330322
0,4.638,0.016471122988222186
0,4.64,0.016580826224161065
0,4.642,0.016672783702269375
0,4.644,0.01674775802991316
0,4.646,0.01680648412236369
0,4.648,0.016849670215661704
0,4.65,0.016877998837589565
0,4.652,0.016892127738905683
0,4.654,0.016892690786858254
0,4.656,0.016880298822867897
0,4.658,0.0168555404861509
0,4.66,0.016818983004942372
0,4.662,0.016771172956878425
0,4.664,0.01671263699999991
0,4.666,0.016643882575752927
0,4.668,0.016565398585279303
0,4.67,0.0164776560402147
0,4.672,0.016381108689142058
0,4.674,0.016276193620782902
0,4.676,0.016163331844947393
0,4.678,0.016042928852210182
0,4.68,0.01591537515322384
0,4.682,0.01580134351588062
0,4.684,0.01570028139027097
0,4.686,0.01561165578604416
0,4.688,0.015534952648214128
0,4.69,0.015469676249010451
0,4.692,0.015415348595534695
0,4.694,0.015371508852986934
0,4.696,0.015337712783238045
0,4.698,0.015313532198522077
0,4.7,0.01529855443003258
0,4.702,0.015292381811205574
0,4.704,0.015294631175475663
0,4.706,0.015304933368285964
0,4.708,0.015322932773137976
0,4.71,0.015348286851455959
0,4.712,0.015380665696041993
0,4.714,0.01541975159788891
0,4.716,0.015465238626114302
0,4.718,0.015516832220771064
0,4.72,0.015574248798284982
0,4.722,0.015634993683900682
0,4.724,0.015698909773479427
0,4.726,0.015765845852390662
0,4.728,0.015835656388167273
0,4.73,0.015908201330149262
0,4.732,0.015983345915900646
0,4.734,0.01606096048419268
0,4.736,0.016140920294348084
0,4.738,0.0162231053517464
0,4.74,0.016307400239296825
0,4.742,0.016393693954687646
0,4.744,0.016481879753228155
0,4.746,0.016571854996101372
0,4.748,0.016663521003853293
0,4.75,0.016756782914947376
0,4.752,0.016851549549218043
0,4.7540000000000004,0.01694773327606185
0,4.756,0.0170452498872098
0,4.758,0.0171440184739283
0,4.76,0.017243961308500363
0,4.7620000000000005,0.017347222776299725
0,4.764,0.017453625974510882
0,4.766,0.01756300079888274
0,4.768,0.017675183700875237
0,4.7700000000000005,0.017790017453120074
0,4.772,0.01790735092294132
0,4.774,0.018027038853691002
0,4.776,0.01814894165365305
0,4.7780000000000005,0.01827292519227976
0,4.78,0.018398860603524147
0,4.782,0.018526624096041763
0,4.784,0.01865609677003664
0,4.7860000000000005,0.01878716444053352
0,4.788,0.018919717466864015
0,4.79,0.019053650588159547
0,4.792,0.019188862764648026
0,4.7940000000000005,0.019325257024560148
0,4.796,0.019462740316453193
0,4.798,0.019601223366768204
0,4.8,0.01974062054244047
0,4.8020000000000005,0.019860573719254808
0,4.804,0.01996190883521758
0,4.806,0.020045421927283397
0,4.808,0.020111880228937735
0,4.8100000000000005,0.020162023222017232
0,4.812,0.020196563645096418
0,4.814,0.020216188460636407
0,4.816,0.020221559782962608
0,4.8180000000000005,0.020213315769011992
0,4.82,0.02019207147367924
0,4.822,0.02015841967147687
0,4.824,0.020112931646123013
0,4.8260000000000005,0.0200561579495759
0,4.828,0.019988629131941663
0,4.83,0.0199108564436007
0,4.832,0.019823332510819105
0,4.8340000000000005,0.019726531986038437
0,4.836,0.019620912173970766
0,4.838,0.019506913634562754
0,4.84,0.019384960763832705
0,4.8420000000000005,0.019275754212713568
0,4.844,0.019178778483383417
0,4.846,0.01909353628323005
0,4.848,0.019019547934745952
0,4.8500000000000005,0.01895635080146458
0,4.852,0.018903498729737865
0,4.854,0.018860561506138882
0,4.856,0.01882712433026216
0,4.8580000000000005,0.018802787302678724
0,4.86,0.018787164927792466
0,4.862,0.018779885631333336
0,4.864,0.018780591292214675
0,4.866,0.018788936788469462
0,4.868,0.0188045895569791
0,4.87,0.01882722916669797
0,4.872,0.01885654690507335
0,4.874,0.018892245377358747
0,4.876,0.0189340381185129
0,4.878,0.018981649217377897
0,4.88,0.019034812952828897
0,4.882,0.019071471080194566
0,4.884,0.0190923531044215
0,4.886,0.019098162031447628
0,4.888,0.01908957532861048
0,4.89,0.019067245846073857
0,4.892,0.019031802701245125
0,4.894,0.018983852128025756
0,4.896,0.018923978292623114
0,4.898,0.018852744077545523
0,4.9,0.018770691835301605
0,4.902,0.018678344113234102
0,4.904,0.01857620435083382
0,4.906,0.018464757550797854
0,4.908,0.018344470925027064
0,4.91,0.01821579451668612
0,4.912,0.018079161799389964
0,4.914,0.017934990254519508
0,4.916,0.017783681927616646
0,4.918,0.017625623964757902
0,4.92,0.01746118912975906
0,4.922,0.01729192455719448
0,4.924,0.017118119840325744
0,4.926,0.016940053673423185
0,4.928,0.016757994231486547
0,4.93,0.01657219953711491
0,4.932,0.016382917815041028
0,4.934,0.016190387834822347
0,4.936,0.01599483924216474
0,4.938,0.015796492879330267
0,4.94,0.015595561095068267
0,4.942,0.015392248044490322
0,4.944,0.015186749979296517
0,4.946,0.014979255528743888
0,4.948,0.01476994597174002
0,4.95,0.014558995500427921
0,4.952,0.01434657147562394
0,4.954,0.014132834674457436
0,4.956,0.01391793953055356
0,4.958,0.013702034367096688
0,4.96,0.013485261623102202
0,4.962,0.013283821669367674
0,4.964,0.013097118473280042
0,4.966,0.012924576667881523
0,4.968,0.012765640917510448
0,4.97,0.012619775300282087
0,4.972,0.012486462706955071
0,4.974,0.012365204255706206
0,4.976,0.012255518722328282
0,4.978,0.012156941985364576
0,4.98,0.012069026485707833
0,4.982,0.01199134070020605
0,4.984,0.011923468628851935
0,4.986,0.011865009295156156
0,4.988,0.011815576259348037
0,4.99,0.011774797144076974
0,4.992,0.01174231317233044
0,4.994,0.011717778717315207
0,4.996,0.011700860864082735
0,4.998,0.011691238982706105
0,5.0,0.011688604312843421
0,5.002,0.01169265955953516
0,5.0040000000000004,0.01170311850010502
0,5.006,0.011719705602035578
0,5.008,0.011742155651701397
0,5.01,0.011770213393837907
0,5.0120000000000005,0.01180363318162527
0,5.014,0.01184217863725993
0,5.016,0.011885622322878119
0,5.018,0.011933745421687316
0,5.0200000000000005,0.01198633742915196
0,5.022,0.012043195854066213
0,5.024,0.012104125929340197
0,5.026,0.012168940332310271
0,5.0280000000000005,0.012237458914379353
0,5.03,0.01230950843978073
0,5.032,0.012384922333252741
0,5.034,0.012463540436403712
0,5.0360000000000005,0.012545208772544126
0,5.038,0.01262977931975459
0,5.04,0.012717109791959455
0,5.042,0.01280706342777094
0,5.0440000000000005,0.012899508786872124
0,5.046,0.01299431955370252
0,5.048,0.013091374348216939
0,5.05,0.013190556543485827
0,5.0520000000000005,0.013291754089913415
0,5.054,0.01339485934584702
0,5.056,0.013499768914363693
0,5.058,0.013606383486016449
0,5.0600000000000005,0.013714607687333982
0,5.062,0.013824349934869487
0,5.064,0.013935522294600761
0,5.066,0.01404804034648999
0,5.0680000000000005,0.014161823054016729
0,5.07,0.014276792638503021
0,5.072,0.014392874458057101
0,5.074,0.014509996890965904
0,5.0760000000000005,0.014628091223373529
0,5.078,0.014747091541087625
0,5.08,0.014866934625363619
0,5.082,0.014987488071939444
0,5.0840000000000005,0.015108692812674289
0,5.086,0.015230492229664262
0,5.088,0.015352832064636827
0,5.09,0.015475660331603658
0,5.0920000000000005,0.015598927232654587
0,5.094,0.015722585076782838
0,5.096,0.015846588201633878
0,5.098,0.015970892898072617
0,5.1000000000000005,0.016095457337470833
0,5.102,0.01622024150161697
0,5.104,0.01634520711515605
0,5.106,0.01647031758046821
0,5.1080000000000005,0.016595537914901145
0,5.11,0.016720834690270796
0,5.112,0.016846175974550754
0,5.114,0.016971531275671588
0,5.1160000000000005,0.017096871487355374
0,5.118,0.017222168836911463
0,5.12,0.017347396834925893
0,5.122,0.017474772433668
0,5.124,0.017604164712923157
0,5.126,0.01773544793257247
0,5.128,0.017868501345203246
0,5.13,0.018003209015226784
0,5.132,0.018139459644289282
0,5.134,0.018277146402770752
0,5.136,0.01841616676717177
0,5.138,0.018556422363194346
0,5.14,0.018697818814328266
0,5.142,0.01884026559576017
0,5.144,0.018983675893429364
0,5.146,0.019127966468057093
0,5.148,0.019273057523982763
0,5.15,0.019418872582646712
0,5.152,0.019565338360560115
0,5.154,0.01971238465161261
0,5.156,0.01985994421356761
0,5.158,0.020007952658604073
0,5.16,0.02015634834776502
0,5.162,0.02028415997942769
0,5.164,0.020392275878024706
0,5.166,0.02048155187620911
0,5.168,0.020552812515717868
0,5.17,0.020606852199795453
0,5.172,0.02064443629911313
0,5.174,0.0206663022131475
0,5.176,0.02067316038895625
0,5.178,0.020665695299254418
0,5.18,0.020644566381629904
0,5.182,0.02061040894067083
0,5.184,0.0205638350147028
0,5.186,0.020505434208756636
0,5.188,0.02043577449531099
0,5.19,0.020355402984276523
0,5.192,0.02026484666361653
0,5.194,0.02016461311192516
0,5.196,0.020055191184218068
0,5.198,0.01993705167212441
0,5.2,0.019810647939606685
0,5.202,0.019676416535278896
0,5.204,0.019534777782335748
0,5.206,0.01938613634705553
0,5.208,0.019230881786789628
0,5.21,0.01906938907830689
0,5.212,0.018902019127315765
0,5.214,0.01872911925994968
0,5.216,0.01855102369695913
0,5.218,0.018368054011323097
0,5.22,0.018180519569954454
0,5.222,0.01798871796014513
0,5.224,0.017792935401366117
0,5.226,0.017593447143011327
0,5.228,0.01739051784864603
0,5.23,0.017184401967298354
0,5.232,0.01697534409230835
0,5.234,0.016763579308228062
0,5.236,0.016549333526247368
0,5.238,0.016332823808598726
0,5.24,0.016114258682380197
0,5.242,0.015911355061273516
0,5.244,0.015723498252418377
0,5.246,0.015550095253526037
0,5.248,0.015390574105737182
0,5.25,0.01524438325846217
0,5.252,0.015110990945959642
0,5.2540000000000004,0.014989884575483128
0,5.256,0.014880570126895082
0,5.258,0.014782571563717498
0,5.26,0.014695430255648543
0,5.2620000000000005,0.014618704412630025
0,5.264,0.014551968530591809
0,5.266,0.0144948128490364
0,5.268,0.01444684282064684
0,5.2700000000000005,0.014407678593111279
0,5.272,0.014376954503362021
0,5.274,0.01435431858441228
0,5.276,0.01433943208495941
0,5.2780000000000005,0.014331969001896639
0,5.28,0.014331615625841733
0,5.282,0.014336822798878782
0,5.284,0.014347356220811354
0,5.2860000000000005,0.014362990409969172
0,5.288,0.014383508383585967
0,5.29,0.014408701348754605
0,5.292,0.014438368403762362
0,5.2940000000000005,0.014472316249597298
0,5.296,0.014510358911400532
0,5.298,0.014552317469629228
0,5.3,0.014598019800685416
0,5.3020000000000005,0.01464730032675761
0,5.304,0.014699999774618076
0,5.306,0.014755964943110728
0,5.308,0.014815048479068909
0,5.3100000000000005,0.014877108661394342
0,5.312,0.01494200919303517
0,5.314,0.015009619000598311
0,5.316,0.01507981204133834
0,5.3180000000000005,0.015152467117264725
0,5.32,0.015227467696118617
0,5.322,0.015304701738971548
0,5.324,0.015384061534207013
0,5.3260000000000005,0.015465443537650761
0,5.328,0.015548748218623636
0,5.33,0.015633879911695663
0,5.332,0.015720746673929243
0,5.3340000000000005,0.015809260147404976
0,5.336,0.015899335426831165
0,5.338,0.015990890932045164
0,5.34,0.016083848285221802
0,5.3420000000000005,0.01617813219261055
0,5.344,0.016273670330630135
0,5.346,0.01637039323615585
0,5.348,0.01646823420084187
0,5.3500000000000005,0.01656712916932424
0,5.352,0.016667016641161447
0,5.354,0.016767837576368
0,5.356,0.01686953530441085
0,5.3580000000000005,0.016972055436533746
0,5.36,0.01707534578128979
0,5.362,0.01717935626315899
0,5.364,0.017284038844138226
0,5.3660000000000005,0.017389347448191643
0,5.368,0.017495237888456496
0,5.37,0.017601667797101993
0,5.372,0.017708596557743473
0,5.3740000000000006,0.017815985240317463
0,5.376,0.01792379653832708
0,5.378,0.01803199470837125
0,5.38,0.018140545511873246
0,5.382,0.018249416158929208
0,5.384,0.018358575254197453
0,5.386,0.018467992744756006
0,5.388,0.018577639869855146
0,5.39,0.018687489112496725
0,5.392,0.018797514152773438
0,5.394,0.018907689822904163
0,5.396,0.01901799206390447
0,5.398,0.019128397883831333
0,5.4,0.019238885317547087
0,5.402,0.01935283920607321
0,5.404,0.019470075698971512
0,5.406,0.01959041805292482
0,5.408,0.01971369637712797
0,5.41,0.01983974738745341
0,5.412,0.019968414169092962
0,5.414,0.020099545947386298
0,5.416,0.020232997866561565
0,5.418,0.020368630776120257
0,5.42,0.020506311024612433
0,5.422,0.020645910260554377
0,5.424,0.020787305240252248
0,5.426,0.020930377642301736
0,5.428,0.02107501388854437
0,5.43,0.02122110497126429
0,5.432,0.021368546286421257
0,5.434,0.021517237472718536
0,5.436,0.021667082256313745
0,5.438,0.021817988300984175
0,5.44,0.02196986706356616
0,5.442,0.02209979241828269
0,5.444,0.022208723771100673
0,5.446,0.022297585135347735
0,5.448,0.02236726643609728
0,5.45,0.022418624764898944
0,5.452,0.022452485586035152
0,5.454,0.022469643895744882
0,5.456,0.02247086533600354
0,5.458,0.022456887264541966
0,5.46,0.02242841978281796
0,5.462,0.022386146723657258
0,5.464,0.022330726600258467
0,5.466,0.022262793518214797
0,5.468,0.02218295805215784
0,5.47,0.02209180808856739
0,5.472,0.021989909636233814
0,5.474,0.02187780760579366
0,5.476,0.0217560265596956
0,5.478,0.021625071433891613
0,5.48,0.02148542823248842
0,5.482,0.021338783485008537
0,5.484,0.02118552904842963
0,5.486,0.021026041933224746
0,5.488,0.02086068482504663
0,5.49,0.020689806587794225
0,5.492,0.02051374274881659
0,5.494,0.02033281596697463
0,5.496,0.020147336484246967
0,5.498,0.019957602561536482
0,5.5,0.01976390089930146
0,5.502,0.019566507043611122
0,5.5040000000000004,0.019365685778191376
0,5.506,0.019161691503010312
0,5.508,0.018954768599921408
0,5.51,0.018745151785863234
0,5.5120000000000005,0.018533066454092785
0,5.514,0.01831872900390865
0,5.516,0.018102347159300196
0,5.518,0.017884120276943485
0,5.5200000000000005,0.017664239643944535
0,5.522,0.017459856862027938
0,5.524,0.01727036132338368
0,5.526,0.01709516419661916
0,5.5280000000000005,0.016933697756550223
0,5.53,0.016785414726859457
0,5.532,0.016649787635675147
0,5.534,0.016526308184146864
0,5.5360000000000005,0.016414486628117918
0,5.538,0.016313851173011852
0,5.54,0.016223947382058467
0,5.542,0.01614433759799372
0,5.5440000000000005,0.0160746003783631
0,5.546,0.0160143299445516
0,5.548,0.015963135644650666
0,5.55,0.01592064143025111
0,5.5520000000000005,0.015886485347231003
0,5.554,0.015860319040576044
0,5.556,0.015841807273244468
0,5.558,0.01583062745905292
0,5.5600000000000005,0.01582646920952778
0,5.562,0.01582903389463492
0,5.564,0.015838034217263937
0,5.566,0.015853193801317233
0,5.5680000000000005,0.015874246793218038
0,5.57,0.015900937476628924
0,5.572,0.015933019900145295
0,5.574,0.015970257517705953
0,5.5760000000000005,0.016012422841443493
0,5.578,0.016059297106681563
0,5.58,0.016110669948773127
0,5.582,0.01616633909146044
0,5.5840000000000005,0.01622611004643372
0,5.586,0.016289795823755684
0,5.588,0.0163572166528213
0,5.59,0.01642819971351569
0,5.5920000000000005,0.016502578877238452
0,5.594,0.01658019445746323
0,5.596,0.016660892969505802
0,5.598,0.016744526899179803
0,5.6000000000000005,0.016830954480024276
0,5.602,0.016918736850258867
0,5.604,0.017007802087593563
0,5.606,0.01709808112314558
0,5.6080000000000005,0.017189507635127808
0,5.61,0.017282017946447657
0,5.612,0.01737555092607204
0,5.614,0.01747004789401956
0,5.6160000000000005,0.017565452529844826
0,5.618,0.017661710784486275
0,5.62,0.01775877079535288
0,5.622,0.017856582804531132
0,5.6240000000000006,0.017955099079995936
0,5.626,0.018054273839715328
0,5.628,0.01815406317854393
0,5.63,0.018254424997800646
0,5.632,0.01835531893743226
0,5.634,0.018456706310670187
0,5.636,0.018558550041086256
0,5.638,0.018660814601961884
0,5.64,0.018763465957883453
0,5.642,0.018849138662292392
0,5.644,0.018918596900804416
0,5.646,0.01897257619472854
0,5.648,0.019011784443856684
0,5.65,0.01903690293388499
0,5.652,0.019048587308518203
0,5.654,0.019047468506677316
0,5.656,0.019034153665480513
0,5.658,0.019009226989851295
0,5.66,0.018973250589717217
0,5.662,0.018926765285839982
0,5.664,0.01887029138535826
0,5.666,0.01880432942813899
0,5.668,0.0187293609050364
0,5.67,0.018645848949144245
0,5.672,0.018554239001103735
0,5.674,0.018454959449505752
0,5.676,0.018348422247389876
0,5.678,0.01823502350581246
0,5.68,0.018115144065418195
0,5.682,0.018007658576218194
0,5.684,0.017912055990966246
0,5.686,0.017827844113816976
0,5.688,0.017754548965630848
0,5.69,0.017691714165531905
0,5.692,0.017638900328774635
0,5.694,0.01759568448093525
0,5.696,0.01756165948840858
0,5.698,0.017536433505153826
0,5.7,0.017519629435594743
0,5.702,0.01751088441354515
0,5.704,0.01750984929699651
0,5.706,0.017516188178571743
0,5.708,0.01752957791142101
0,5.71,0.017549707650307774
0,5.712,0.017576278407610172
0,5.714,0.01760900262394104
0,5.716,0.017647603753073754
0,5.718,0.017691815860844014
0,5.72,0.017741383237688643
0,5.722,0.01777708200833852
0,5.724,0.01779955584788787
0,5.726,0.017809424023992028
0,5.728,0.017807282297235678
0,5.73,0.017793703788740328
0,5.732,0.017769239815791493
0,5.734,0.01773442069638164
0,5.736,0.01768975652365016
0,5.738,0.017635737911241654
0,5.74,0.017572836710626857
0,5.742,0.01750150670143658
0,5.744,0.017422184255846025
0,5.746,0.017335288978033058
0,5.748,0.017241224319706493
0,5.75,0.017140378172673644
0,5.752,0.01703312343938396
0,5.7540000000000004,0.01691981858235095
0,5.756,0.01680080815332473
0,5.758,0.016676423303047628
0,5.76,0.016546982272395372
0,5.7620000000000005,0.01642927621245277
0,5.764,0.016322824786164685
0,5.766,0.016227165490639243
0,5.768,0.01614185306114413
0,5.7700000000000005,0.016066458889437397
0,5.772,0.01600057045649115
0,5.774,0.015943790779651575
0,5.776,0.015895737874263963
0,5.7780000000000005,0.015856044229771223
0,5.78,0.015824356300269557
0,5.782,0.01580033400948535
0,5.784,0.015783650270106826
0,5.7860000000000005,0.015773990517380692
0,5.788,0.015771052256856277
0,5.79,0.015774544626132963
0,5.792,0.015784187970442152
0,5.7940000000000005,0.015799713431869665
0,5.796,0.015820862552002175
0,5.798,0.01584738688776071
0,5.8,0.015879047640166004
0,5.8020000000000005,0.015915615295761697
0,5.804,0.015956869280411328
0,5.806,0.016002597625168837
0,5.808,0.016052596643915625
0,5.8100000000000005,0.016106670622448745
0,5.812,0.016164631518700397
0,5.814,0.016226298673763958
0,5.816,0.016291498533402577
0,5.8180000000000005,0.016360064379713768
0,5.82,0.01643183607262822
0,5.822,0.016506659800920743
0,5.824,0.0165843878424181
0,5.8260000000000005,0.016664878333091236
0,5.828,0.016747995044726162
0,5.83,0.016833607170875876
0,5.832,0.01692158912079761
0,5.8340000000000005,0.017011820321095186
0,5.836,0.017104185024784266
0,5.838,0.017198572127515816
0,5.84,0.017294874990694088
0,5.8420000000000005,0.017392991271236714
0,5.844,0.01749282275773231
0,5.846,0.01759427521275955
0,5.848,0.017697258221137983
0,5.8500000000000005,0.017801685043890726
0,5.852,0.0179074724777056
0,5.854,0.01801454071968989
0,5.856,0.01812281323722086
0,5.8580000000000005,0.018232216642699705
0,5.86,0.018342680573028007
0,5.862,0.01845413757362694
0,5.864,0.018566522986831265
0,5.8660000000000005,0.018679774844491216
0,5.868,0.018793833764627236
0,5.87,0.018908642851984
0,5.872,0.019024147602336637
0,5.8740000000000006,0.01914029581041014
0,5.876,0.019257037481275354
0,5.878,0.01937432474508995
0,5.88,0.019492111775061077
0,5.882000000000001,0.019590912523644817
0,5.884,0.01967159191665615
0,5.886,0.019734981742338023
0,5.888,0.019781881907117466
0,5.89,0.0198130616443932
0,5.892,0.01982926067702041
0,5.894,0.019831190334531783
0,5.896,0.019819534626381426
0,5.898,0.019794951272653252
0,5.9,0.019758072693768686
0,5.902,0.019709506960769927
0,5.904,0.019649838707767403
0,5.906,0.0195796300081237
0,5.908,0.019499421215918033
0,5.91,0.019409731774190045
0,5.912,0.01931106099141678
0,5.914,0.019203888787617387
0,5.916,0.01908867641142819
0,5.918,0.018965867129428514
0,5.92,0.018835886888945972
0,5.922,0.018700375850656654
0,5.924,0.018559666126111336
0,5.926,0.018414076698567778
0,5.928,0.018263913904831963
0,5.93,0.01810947189947538
0,5.932,0.01795103310215753
0,5.934,0.017788868628750166
0,5.936,0.017623238706924966
0,5.938,0.01745439307683998
0,5.94,0.01728257137752732
0,5.942,0.017108003519559285
0,5.944,0.016930910044545267
0,5.946,0.01675150247198446
0,5.948,0.016569983633977523
0,5.95,0.016386547998279283
0,5.952,0.016201381980153105
0,5.954,0.01601466424346652
0,5.956,0.01582656599145121
0,5.958,0.01563725124753303
0,5.96,0.015446877126618156
0,5.962,0.01527246251192315
0,5.964,0.015113338288673627
0,5.966,0.014968860498251328
0,5.968,0.014838409542780071
0,5.97,0.014721389402028412
0,5.972,0.014617226862994348
0,5.974,0.014525370762604626
0,5.976,0.01444529124402237
0,5.978,0.014376479027091514
0,5.98,0.014318444693476762
0,5.982,0.014270717987054704
0,5.984,0.014232847130107385
0,5.986,0.014204398155832102
0,5.988,0.014184954257639815
0,5.99,0.014174115155657838
0,5.992,0.014171496480783707
0,5.994,0.014176729176559712
0,5.996,0.014189458919064805
0,5.998,0.01420934555493155
0,6.0,0.014236062557519576
0,6.002,0.014266705940478694
0,6.0040000000000004,0.014301101339656765
0,6.006,0.014339081356033631
0,6.008,0.014380485285385353
0,6.01,0.014425158857964483
0,6.0120000000000005,0.014472953987907433
0,6.014,0.01452372853207224
0,6.016,0.014577346058012518
0,6.018,0.014633675620791054
0,6.0200000000000005,0.01469259154833789
0,6.022,0.014753973235063672
0,6.024,0.014817704943437338
0,6.026,0.014883675613247152
0,6.0280000000000005,0.014951778678266144
0,6.03,0.015021911890049804
0,6.032,0.015093977148602458
0,6.034,0.015167880339651132
0,6.0360000000000005,0.01524353117827934
0,6.038,0.01532084305867514
0,6.04,0.015399732909758003
0,6.042,0.015480121056457087
0,6.0440000000000005,0.015561931086420764
0,6.046,0.01564508972194457
0,6.048,0.015729526696912056
0,6.05,0.015815174638553336
0,6.0520000000000005,0.015901968953829046
0,6.054,0.015989847720258552
0,6.056,0.01607875158101722
0,6.058,0.016168623644131526
0,6.0600000000000005,0.016259409385613488
0,6.062,0.01635105655637545
0,6.064,0.016443515092778055
0,6.066,0.016536737030666313
0,6.0680000000000005,0.01663067642275733
0,6.07,0.01672528925924658
0,6.072,0.016820533391505656
0,6.074,0.016916368458751774
0,6.0760000000000005,0.017012755817568562
0,6.078,0.017109658474170546
0,6.08,0.017207041019298725
0,6.082,0.017304869565649188
0,6.0840000000000005,0.017403111687730736
0,6.086,0.01750173636406034
0,6.088,0.017600713921602805
0,6.09,0.01770001598236733
0,6.0920000000000005,0.017799615412077814
0,6.094,0.01789948627083454
0,6.096,0.01799960376569166
0,6.098,0.018099944205073465
0,6.1000000000000005,0.01820048495496066
0,6.102,0.01830120439677449
0,6.104,0.018402081886897854
0,6.106,0.018503097717762776
0,6.1080000000000005,0.01860423308045116
0,6.11,0.018705470028744516
0,6.112,0.01880679144456882
0,6.114,0.01890818100478016
0,6.1160000000000005,0.019009623149239645
0,6.118,0.01911110305012656
0,6.12,0.01921260658244332
0,6.122,0.01929924465573383
0,6.1240000000000006,0.019371701320016244
0,6.126,0.019430633952026963
0,6.128,0.01947667426679136
0,6.13,0.01951042929346593
0,6.132000000000001,0.01953248231565541
0,6.134,0.019543393776736286
0,6.136,0.019543702150941953
0,6.138,0.019533924781124264
0,6.140000000000001,0.019514558684207664
0,6.142,0.01948608132541521
0,6.144,0.01944895136237948
0,6.146,0.019403609360264442
0,6.148,0.019350478479018794
0,6.15,0.019289965133866466
0,6.152,0.01922245963011547
0,6.154,0.019148336773338673
0,6.156,0.01906795645594209
0,6.158,0.018981664221107242
0,6.16,0.018889791805048413
0,6.162,0.018789648591056717
0,6.164,0.01868168851583042
0,6.166,0.018566347444759296
0,6.168,0.018444043856739627
0,6.17,0.018315179502222684
0,6.172,0.018180140035693113
0,6.174,0.018039295623726463
0,6.176,0.017893001529709664
0,6.178,0.017741598676263563
0,6.18,0.017585414186350026
0,6.182,0.01742476190400224
0,6.184,0.017259942895567613
0,6.186,0.017091245932312947
0,6.188,0.016918947955194826
0,6.19,0.016743314522567172
0,6.192,0.01656460024155284
0,6.194,0.016383049183779513
0,6.196,0.01619889528614141
0,6.198,0.016012362737221265
0,6.2,0.015823666349978872
0,6.202,0.015649495790226026
0,6.204,0.015489240930491975
0,6.206,0.015342314926793905
0,6.208,0.01520815346198431
0,6.21,0.015086214002740343
0,6.212,0.014975975070499617
0,6.214,0.01487693552666971
0,6.216,0.014788613872455727
0,6.218,0.01471054756365853
0,6.22,0.014642292340795357
0,6.222,0.014583421574881761
0,6.224,0.01453352562919292
0,6.226,0.014492211237293605
0,6.228,0.014459100897584957
0,6.23,0.014433832284575815
0,6.232,0.014416057677032416
0,6.234,0.014405443403109877
0,6.236,0.014401669302512198
0,6.238,0.014404428205669978
0,6.24,0.014413425429872633
0,6.242,0.01442837829223574
0,6.244,0.014449015639331838
0,6.246,0.014475077393271075
0,6.248,0.014506314113967626
0,6.25,0.014542486577295418
0,6.252,0.014583365368799372
0,6.2540000000000004,0.014628730492600734
0,6.256,0.014678370995110122
0,6.258,0.01473208460314622
0,6.26,0.014789677376036101
0,6.2620000000000005,0.014850963371272605
0,6.264,0.01491576432328622
0,6.266,0.014983909334897759
0,6.268,0.015055234581006039
0,6.2700000000000005,0.015129583024076462
0,6.272,0.01520680414099728
0,6.274,0.015286753660877336
0,6.276,0.01536929331336728
0,6.2780000000000005,0.015454290587098008
0,6.28,0.01554161849783873
0,6.282,0.015630923147166048
0,6.284,0.015722094862402003
0,6.2860000000000005,0.01581502856212758
0,6.288,0.015909623573518158
0,6.29,0.016005783456881167
0,6.292,0.016103415837107393
0,6.2940000000000005,0.016202432241757166
0,6.296,0.016302747945519405
0,6.298,0.01640428182078807
0,6.3,0.016506956194113766
0,6.3020000000000005,0.01661069670829671
0,6.304,0.01671543218989899
0,6.306,0.016821094521961927
0,6.308,0.016927618521722896
0,6.3100000000000005,0.01703494182313595
0,6.312,0.017143004764007916
0,6.314,0.017251750277567816
0,6.316,0.017361123788298405
0,6.3180000000000005,0.017471073111860653
0,6.32,0.017581548358953338
0,6.322,0.017675603463277713
0,6.324,0.017754008863256295
0,6.3260000000000005,0.01781750424146385
0,6.328,0.017866799721747713
0,6.33,0.017902577025038634
0,6.332,0.017925490583315645
0,6.3340000000000005,0.01793616861183809
0,6.336,0.017935214140211046
0,6.338,0.017923206003169732
0,6.34,0.017900699792179196
0,6.3420000000000005,0.017868228769092782
0,6.344,0.017826304743189563
0,6.346,0.017775418912962287
0,6.348,0.017716042674039853
0,6.3500000000000005,0.017648628394621453
0,6.352,0.017573610159780716
0,6.354,0.01749140448596564
0,6.356,0.017402411006977255
0,6.3580000000000005,0.017307013132674496
0,6.36,0.017205578681596043
0,6.362,0.017115362628968688
0,6.364,0.017035872828208634
0,6.3660000000000005,0.016966636590334906
0,6.368,0.016907199986103787
0,6.37,0.016857127166527337
0,6.372,0.016815999701902323
0,6.3740000000000006,0.016783415939434245
0,6.376,0.01675899037948624
0,6.378,0.016742353070435655
0,6.38,0.01673314902206608
0,6.382000000000001,0.016731037637381437
0,6.384,0.016735692162675814
0,6.386,0.01674679915565777
0,6.388,0.016764057971380794
0,6.390000000000001,0.01678718026569981
0,6.392,0.016815889515941526
0,6.394,0.016849920558445995
0,6.396,0.016889019142611983
0,6.398000000000001,0.016932941501062115
0,6.4,0.016981453935521435
0,6.402,0.017033111366750526
0,6.404,0.017087762509016852
0,6.406,0.017145262356028923
0,6.408,0.017205471929537794
0,6.41,0.017268258037652768
0,6.412,0.017333493042536858
0,6.414,0.017401054637156133
0,6.416,0.017470825630760994
0,6.418,0.017542693742785612
0,6.42,0.017616551404860525
0,6.422,0.017692295570637343
0,6.424,0.017769827533137834
0,6.426,0.017849052749342727
0,6.428,0.017929880671748097
0,6.43,0.018012224586623073
0,6.432,0.01809600145871183
0,6.434,0.018181131782132383
0,6.436,0.018267539437230758
0,6.438,0.0183551515531591
0,6.44,0.01844389837595418
0,6.442,0.018514859900599354
0,6.444,0.018568892132382983
0,6.446,0.018606816495695126
0,6.448,0.018629421214612
0,6.45,0.018637462640507075
0,6.452,0.018631666527226164
0,6.454,0.018612729254878575
0,6.456,0.018581319003635282
0,6.458,0.01853807687915336
0,6.46,0.018483617991379663
0,6.462,0.018418532488554
0,6.464,0.018343386548266196
0,6.466,0.018258723327405333
0,6.468,0.01816506387281688
0,6.47,0.01806290799443625
0,6.472,0.017952735102607312
0,6.474,0.01783500501123923
0,6.476,0.017710158708382003
0,6.478,0.01757861909573666
0,6.48,0.01744079169854668
0,6.482,0.017315659995811198
0,6.484,0.017202666881735093
0,6.486,0.01710127735074261
0,6.488,0.017010977718675366
0,6.49,0.01693127486207294
0,6.492,0.016861695475926176
0,6.494,0.016801785350232197
0,6.496,0.016751108665626496
0,6.498,0.01670924730830917
0,6.5,0.01667580020441626
0,6.502,0.01665038267392902
0,6.5040000000000004,0.016632625804146848
0,6.506,0.01662217584269044
0,6.508,0.01661869360994415
0,6.51,0.016621853930785857
0,6.5120000000000005,0.016631345085403988
0,6.514,0.01664686827895071
0,6.516,0.0166681371297373
0,6.518,0.016694877175638653
0,6.5200000000000005,0.01672682539833838
0,6.522,0.016762500759681807
0,6.524,0.016801726259013414
0,6.526,0.016844332299092185
0,6.5280000000000005,0.016890156386408575
0,6.53,0.01693904284311314
0,6.532,0.016990842530172787
0,6.534,0.017045412581382417
0,6.5360000000000005,0.01710261614785796
0,6.538,0.017162322152643093
0,6.54,0.01722440505507035
0,6.542,0.017288744624522498
0,6.5440000000000005,0.01735522572324686
0,6.546,0.017423738097886946
0,6.548,0.017494176179400578
0,6.55,0.01756643889104584
0,6.5520000000000005,0.017640429464124953
0,6.554,0.017716055261182768
0,6.556,0.017793227606371472
0,6.558,0.017871861622697723
0,6.5600000000000005,0.017951876075880887
0,6.562,0.018033193224559825
0,6.564,0.018115738676594932
0,6.566,0.01819944125122016
0,6.5680000000000005,0.01828423284681246
0,6.57,0.01837004831404994
0,6.572,0.018456825334243247
0,6.574,0.018544504302628304
0,6.5760000000000005,0.01863302821642319
0,6.578,0.01872234256745152
0,6.58,0.018812395239150088
0,6.582,0.018903136407780796
0,6.5840000000000005,0.01899451844767651
0,6.586,0.019086495840355634
0,6.588,0.01917902508734923
0,6.59,0.01927206462658721
0,6.5920000000000005,0.019365574752201044
0,6.594,0.019459517537600127
0,6.596,0.01955385676169321
0,6.598,0.01964855783812068
0,6.6000000000000005,0.019743587747378777
0,6.602,0.019819553045859823
0,6.604,0.01987737722604412
0,6.606,0.019917946117939758
0,6.6080000000000005,0.019942109404228373
0,6.61,0.01995068207804545
0,6.612,0.019944445843514614
0,6.614,0.019924150459862653
0,6.6160000000000005,0.019890515030423894
0,6.618,0.019844229238165596
0,6.62,0.01978595452956941
0,6.622,0.01971632524882005
0,6.6240000000000006,0.019635949724313907
0,6.626,0.019545411309509778
0,6.628,0.019445269380126064
0,6.63,0.0193360602896497
0,6.632000000000001,0.019218298285064238
0,6.634,0.019092476384642756
0,6.636,0.018959067219575444
0,6.638,0.018818523841130353
0,6.640000000000001,0.018671280494971215
0,6.642,0.018519044603185892
0,6.644,0.018362146871712136
0,6.646,0.018200904125679023
0,6.648000000000001,0.01803561985781034
0,6.65,0.017866584755750547
0,6.652,0.017694077209253055
0,6.654,0.01751836379812166
0,6.656000000000001,0.017339699761757095
0,6.658,0.01715832945111693
0,6.66,0.016974486763860507
0,6.662,0.016788395563412297
0,6.664,0.016600270082646515
0,6.666,0.016410315312859105
0,6.668,0.016218727378667003
0,6.67,0.01602569389944353
0,6.672,0.0158313943378726
0,6.674,0.015636000336180365
0,6.676,0.015439676040577234
0,6.678,0.015242578414423804
0,6.68,0.015044857540610511
0,6.682,0.014863170252220257
0,6.684,0.01469679360273926
0,6.686,0.014545034019331
0,6.688,0.014407226349799206
0,6.69,0.014282732918118218
0,6.692,0.014170942589444567
0,6.694,0.01407126984569608
0,6.696,0.013983153872921587
0,6.698,0.01390605766178396
0,6.7,0.01383946712254301
0,6.702,0.013782890215939222
0,6.704,0.013735856101363011
0,6.706,0.013697914303634262
0,6.708,0.013668633899624838
0,6.71,0.013647602725843934
0,6.712,0.013634426607961632
0,6.714,0.013628728613095187
0,6.716,0.013630148325514327
0,6.718,0.01363834114626111
0,6.72,0.013652977617003141
0,6.722,0.013673742768286735
0,6.724,0.01370033549219639
0,6.726,0.013732467939292316
0,6.728,0.013769864939562738
0,6.73,0.013812263447022705
0,6.732,0.01385941200748481
0,6.734,0.013911070248953397
0,6.736,0.013967008394017143
0,6.738,0.014027006793571564
0,6.74,0.014090855481152409
0,6.742,0.014158353747140744
0,6.744,0.014229309732079674
0,6.746,0.014303540038334346
0,6.748,0.014380869359326878
0,6.75,0.014461130125588646
0,6.752,0.0145441621668767
0,6.7540000000000004,0.014629812389628209
0,6.756,0.01471793446903962
0,6.758,0.014808388555084822
0,6.76,0.014901040991810291
0,6.7620000000000005,0.014994217211231396
0,6.764,0.015087872875756504
0,6.766,0.015181965690475604
0,6.768,0.015276455315913158
0,6.7700000000000005,0.01537130328448709
0,6.772,0.01546647292051526
0,6.774,0.015561929263611177
0,6.776,0.01565763899532291
0,6.7780000000000005,0.01575357036887444
0,6.78,0.015849693141874722
0,6.782,0.015945978511868082
0,6.784,0.016042399054601614
0,6.7860000000000005,0.016138928664895698
0,6.788,0.01623554250000499
0,6.79,0.016332216925364525
0,6.792,0.016428929462618688
0,6.7940000000000005,0.016525658739837742
0,6.796,0.016622384443827097
0,6.798,0.016719087274443666
0,6.8,0.01681574890083142
0,6.8020000000000005,0.01691235191949851
0,6.804,0.017008879814155543
0,6.806,0.017105316917242656
0,6.808,0.01720164837307446
0,6.8100000000000005,0.01729786010253369
0,6.812,0.017393938769249405
0,6.814,0.01748987174719852
0,6.816,0.017585647089668373
0,6.8180000000000005,0.017681253499526248
0,6.82,0.01777668030073857
0,6.822,0.017871917411090135
0,6.824,0.017966955316050307
0,6.8260000000000005,0.018061785043740477
0,6.828,0.018156398140955033
0,6.83,0.01825078665019398
0,6.832,0.01834494308766164
0,6.8340000000000005,0.018438860422194336
0,6.836,0.018532532055076538
0,6.838,0.018625951800707936
0,6.84,0.018719113868086525
0,6.8420000000000005,0.018796235473302017
0,6.844,0.018858098099266387
0,6.846,0.018905450940606236
0,6.848,0.01893901217624998
0,6.8500000000000005,0.018959470203630223
0,6.852,0.018967484832296745
0,6.854,0.01896368843580199
0,6.856,0.01894868706149533
0,6.8580000000000005,0.018923061498434125
0,6.86,0.018887368304016924
0,6.862,0.01884214079023886
0,6.864,0.01878788997066323
0,6.8660000000000005,0.018725105469338324
0,6.868,0.018654256392965765
0,6.87,0.01857579216767768
0,6.872,0.018490143341791443
0,6.8740000000000006,0.018397722355910306
0,6.876,0.018298924281719742
0,6.878,0.018194127530800606
0,6.88,0.018083694534744066
0,6.882000000000001,0.017983738591053972
0,6.884,0.017893783493413414
0,6.886,0.017813372906055017
0,6.888,0.017742069610790365
0,6.890000000000001,0.017679454774411255
0,6.892,0.017625127236720092
0,6.894,0.017578702819377796
0,6.896,0.01753981365568186
0,6.898000000000001,0.017508107541311352
0,6.9,0.017483247306009992
0,6.902,0.017464910206108977
0,6.904,0.017452787337724776
0,6.906000000000001,0.017446583070414554
0,6.908,0.017446014501009566
0,6.91,0.01745081092730733
0,6.912,0.017460713341250978
0,6.914,0.017475473941193136
0,6.916,0.01749485566280661
0,6.918,0.01751863172817608
0,6.92,0.017546585212586285
0,6.922,0.017559396947440808
0,6.924,0.017557845465231856
0,6.926,0.0175426767676525
0,6.928,0.017514605644095724
0,6.93,0.017474316944017916
0,6.932,0.017422466802739272
0,6.934,0.01735968382091575
0,6.936,0.01728657019839547
0,6.938,0.017203702823507243
0,6.94,0.017111634319055536
0,6.942,0.017010894046450238
0,6.944,0.016901989069491707
0,6.946,0.016785405079380703
0,6.948,0.01666160728254226
0,6.95,0.01653104125284975
0,6.952,0.016394133749809796
0,6.954,0.016251293504241603
0,6.956,0.01610291197293966
0,6.958,0.015949364063764182
0,6.96,0.015791008832556064
0,6.962,0.015645653073281567
0,6.964,0.015512695308214721
0,6.966,0.01539155953389875
0,6.968,0.015281694304244574
0,6.97,0.015182571829022704
0,6.972,0.015093687088863082
0,6.974,0.015014556967855301
0,6.976,0.014944719404807131
0,6.978,0.01488373256414925
0,6.98,0.014831174027398102
0,6.982,0.014786640005986854
0,6.984,0.01474974457616443
0,6.986,0.01472011893654243
0,6.988,0.01469741068874609
0,6.99,0.014681283141493327
0,6.992,0.01467141463830562
0,6.994,0.01466749790892681
0,6.996,0.014669239444411319
0,6.998,0.014676358895732985
0,7.0,0.01468858849566756
0,7.002,0.014705672503609652
0,7.0040000000000004,0.014727366672907012
0,7.006,0.01475343774022619
0,7.008,0.014783662936404934
0,7.01,0.014817829518200775
0,7.0120000000000005,0.014855734320304901
0,7.014,0.014897183326964264
0,7.016,0.014941991262534095
0,7.018,0.01498998120026867
0,7.0200000000000005,0.015040984188655591
0,7.022,0.015094838894595534
0,7.024,0.015151391262736737
0,7.026,0.015210494190282909
0,7.0280000000000005,0.015272007216604514
0,7.03,0.0153357962270022
0,7.032,0.015401733169985565
0,7.034,0.015469695787455133
0,7.0360000000000005,0.01553956735719294
0,7.038,0.015611236447089784
0,7.04,0.015684596680562362
0,7.042,0.01575954651263398
0,7.0440000000000005,0.015835989016175292
0,7.046,0.015913831677825455
0,7.048,0.01599298620313616
0,7.05,0.016073368330500593
0,7.0520000000000005,0.016154897653452207
0,7.054,0.01623749745093947
0,7.056,0.016321094525197387
0,7.058,0.016405619046861667
0,7.0600000000000005,0.016491004406984647
0,7.062,0.01657718707562884
0,7.064,0.016664106466734864
0,7.066,0.016751704808971063
0,7.0680000000000005,0.016839927022286524
0,7.07,0.016928720599908825
0,7.072,0.017018035495533265
0,7.074,0.017107824015467666
0,7.0760000000000005,0.017198040715508768
0,7.078,0.01728864230233202
0,7.08,0.017379587539195038
0,7.082,0.01747083715575742
0,7.0840000000000005,0.017562353761834352
0,7.086,0.017654101764906043
0,7.088,0.01774604729121792
0,7.09,0.017838158110310136
0,7.0920000000000005,0.017930403562825402
0,7.094,0.018022754491449557
0,7.096,0.018115183174847494
0,7.098,0.018207663264461906
0,7.1000000000000005,0.018300169724049863
0,7.102,0.018392678771836746
0,7.104,0.018485167825172906
0,7.106,0.01857761544758495
0,7.1080000000000005,0.018670001298115316
0,7.11,0.018762306082852988
0,7.112,0.018854511508557537
0,7.114,0.01894660023828716
0,7.1160000000000005,0.019038555848944157
0,7.118,0.019130362790653034
0,7.12,0.019222006347893873
0,7.122,0.019293780660019248
0,7.1240000000000006,0.019346680549380033
0,7.126,0.01938165922678426
0,7.128,0.019399629919243513
0,7.13,0.019401467460415812
0,7.132000000000001,0.01938800983691286
0,7.134,0.019360059686135
0,7.136,0.01931838574311501
0,7.138,0.01926372423517997
0,7.140000000000001,0.019196780224198323
0,7.142,0.019118228896872078
0,7.144,0.019028716804023085
0,7.146,0.018928863050164703
0,7.148000000000001,0.018819260434881278
0,7.15,0.018700476547687465
0,7.152,0.018573054818123325
0,7.154,0.01843751552289221
0,7.156000000000001,0.018294356751847655
0,7.158,0.018144055334631204
0,7.16,0.01798706772972675
0,7.162,0.01782515984409451
0,7.164000000000001,0.01765867640449701
0,7.166,0.017487947328306986
0,7.168,0.01731328834940154
0,7.17,0.017135001619955664
0,7.172,0.016953376289263404
0,7.174,0.016768689060665642
0,7.176,0.016581204727621313
0,7.178,0.016391176689909793
0,7.18,0.016198847450918773
0,7.182,0.016004449096923588
0,7.184,0.01580820375923351
0,7.186,0.015610324060042405
0,7.188,0.0154110135427873
0,7.19,0.015210467087789566
0,7.192,0.01500887131392097
0,7.194,0.014806404967013399
0,7.196,0.014603239295698867
0,7.198,0.014399538415352487
0,7.2,0.014195459660773001
0,7.202,0.014007660503174583
0,7.204,0.013835349268012323
0,7.206,0.013677768862232455
0,7.208,0.013534195671810117
0,7.21,0.013403938453386303
0,7.212,0.013286337221856882
0,7.214,0.013180762136292936
0,7.216,0.013086612387016907
0,7.218,0.013003315086985212
0,7.22,0.012930324170851932
0,7.222,0.012867119305187339
0,7.224,0.012813204813324784
0,7.226,0.012768108618206356
0,7.228,0.012731381206404857
0,7.23,0.012702594616245386
0,7.232,0.012681341452628276
0,7.234,0.01266723393080951
0,7.236,0.012659902951010792
0,7.238,0.012658997205352783
0,7.24,0.012664182318217641
0,7.242,0.012673846627340193
0,7.244,0.012687759232988538
0,7.246,0.012705700285344413
0,7.248,0.012727460446916425
0,7.25,0.01275284037988499
0,7.252,0.012781650257709387
0,7.2540000000000004,0.012813709300252269
0,7.256,0.012848845331623322
0,7.258,0.012886894359899953
0,7.26,0.01292770017785539
0,7.2620000000000005,0.012971113983809675
0,7.264,0.013016994021709066
0,7.266,0.013065205239549576
0,7.268,0.013115618965260907
0,7.2700000000000005,0.01316811259919466
0,7.272,0.013222569322373656
0,7.274,0.013278877819689857
0,7.276,0.013336932017266564
0,7.2780000000000005,0.013396630833228788
0,7.28,0.013457877941162825
0,7.282,0.013520581545573711
0,7.284,0.013584654168687616
0,7.2860000000000005,0.013650012447976801
0,7.288,0.013716576943817567
0,7.29,0.013784271956725942
0,7.292,0.013853025353644684
0,7.2940000000000005,0.013922768402784924
0,7.296,0.013993435616558665
0,7.298,0.014064964602159051
0,7.3,0.01413729591937744
0,7.3020000000000005,0.014210372945267313
0,7.304,0.014284141745290586
0,7.306,0.01435855095060131
0,7.308,0.01443355164114577
0,7.3100000000000005,0.014509097234272387
0,7.312,0.014585143378570682
0,7.314,0.014661647852664402
0,7.316,0.014738570468712723
0,7.3180000000000005,0.01481587298037687
0,7.32,0.014893518995029588
0,7.322,0.014971473889997481
0,7.324,0.015049704732635713
0,7.3260000000000005,0.015128180204047409
0,7.328,0.015206870526271279
0,7.33,0.015285747392768487
0,7.332,0.015364783902053102
0,7.3340000000000005,0.015443954494312557
0,7.336,0.01552323489088012
0,7.338,0.015602602036422646
0,7.34,0.015682034043718016
0,7.3420000000000005,0.015761510140900183
0,7.344,0.01584101062105952
0,7.346,0.015920516794087177
0,7.348,0.016000010940663164
0,7.3500000000000005,0.016079476268288262
0,7.352,0.016158896869267123
0,7.354,0.016238257680554643
0,7.356,0.0163175444453806
0,7.3580000000000005,0.01639674367657248
0,7.36,0.016475842621500234
0,7.362,0.016554829228571
0,7.364,0.016633692115202405
0,7.3660000000000005,0.016712420537211125
0,7.368,0.016791004359550946
0,7.37,0.01686943402834366
0,7.372,0.016947700544140482
0,7.3740000000000006,0.017025795436365548
0,7.376,0.017103710738883737
0,7.378,0.01718143896664697
0,7.38,0.01725897309336826
0,7.382000000000001,0.017336306530181894
0,7.384,0.01741343310524191
0,7.386,0.01749034704422212
0,7.388,0.017567042951673294
0,7.390000000000001,0.017643515793204903
0,7.392,0.017719760878450813
0,7.394,0.017795773844786884
0,7.396,0.017871550641766962
0,7.398000000000001,0.017947087516246133
0,7.4,0.018022380998159757
0,7.402,0.018079774347018424
0,7.404,0.018120175236879657
0,7.406000000000001,0.018144453172674872
0,7.408,0.018153440893130222
0,7.41,0.018147935764706337
0,7.412,0.018128701154928362
0,7.414000000000001,0.018096467776904875
0,7.416,0.018051934999382523
0,7.418,0.01799577211859017
0,7.42,0.017928619589541412
0,7.422000000000001,0.01785109021553035
0,7.424,0.017763770295334595
0,7.426,0.017667220728227146
0,7.428,0.01756197807732246
0,7.43,0.017448555592088053
0,7.432,0.017327444191077197
0,7.434,0.017199113406083634
0,7.436,0.017064012289022063
0,7.438,0.016922570282898213
0,7.44,0.016775198058262233
0,7.442,0.016638251068423787
0,7.444,0.01651124192134565
0,7.446,0.01639370468908788
0,7.448,0.016285194055291486
0,7.45,0.016185284485227866
0,7.452,0.016093569418960188
0,7.454,0.016009660488057964
0,7.456,0.01593318675620281
0,7.458,0.01586379398391485
0,7.46,0.0158011439175314
0,7.462,0.015744913602463544
0,7.464,0.01569479472066621
0,7.466,0.015650492952165026
0,7.468,0.015611727360400965
0,7.47,0.015578229801079278
0,7.472,0.015549744354136507
0,7.474,0.015526026778386737
0,7.476,0.015506843988347592
0,7.478,0.015491973552705922
0,7.48,0.015481203213847427
0,7.482,0.015474330427838533
0,7.484,0.015471161924232547
0,7.486,0.015471513285050037
0,7.488,0.015475208542274774
0,7.49,0.01548207979319936
0,7.492,0.015491966832955449
0,7.494,0.015504716803562555
0,7.496,0.015520183858841633
0,7.498,0.01553822884454167
0,7.5,0.015558718993048965
0,7.502,0.015581527632053841
0,7.5040000000000004,0.015606533906571825
0,7.506,0.015633622513733507
0,7.508,0.01566268344977097
0,7.51,0.01569361176865454
0,7.5120000000000005,0.01572630735184855
0,7.514,0.015760674688676545
0,7.516,0.015796622666808317
0,7.518,0.015834064372397403
0,7.5200000000000005,0.015872916899419512
0,7.522,0.015913101167785434
0,7.524,0.015954541749811826
0,7.526,0.015997166704662592
0,7.5280000000000005,0.01604090742038339
0,7.53,0.016085698463173755
0,7.532,0.016131477433555884
0,7.534,0.016178184829116923
0,7.5360000000000005,0.016225763913513772
0,7.538,0.016274160591450378
0,7.54,0.01632332328934397
0,7.542,0.01637320284141707
0,7.5440000000000005,0.01642375238095868
0,7.546,0.016474927236518576
0,7.548,0.016526684832799517
0,7.55,0.016578984596033547
0,7.5520000000000005,0.016631787863633743
0,7.554,0.016685057797921156
0,7.556,0.01673875930374337
0,7.558,0.01679285894980168
0,7.5600000000000005,0.01684732489351845
0,7.562,0.01690212680928206
0,7.564,0.016957235819914634
0,7.566,0.01701262443121534
0,7.5680000000000005,0.01706826646943944
0,7.57,0.017124137021579444
0,7.572,0.017180212378320535
0,7.574,0.01723646997954982
0,7.5760000000000005,0.017292888362303423
0,7.578,0.017349447111040705
0,7.58,0.017406126810141538
0,7.582,0.017462908998525848
0,7.5840000000000005,0.01751977612629963
0,7.586,0.017576711513337492
0,7.588,0.01763369930971225
0,7.59,0.017690724457892472
0,7.5920000000000005,0.017747772656624663
0,7.594,0.017804830326427754
0,7.596,0.017861884576625686
0,7.598,0.017918923173851627
0,7.6000000000000005,0.017975934511954544
0,7.602,0.018034229425623743
0,7.604,0.018093722956782795
0,7.606,0.018154334079434037
0,7.6080000000000005,0.01821598552493643
0,7.61,0.018278603615015758
0,7.612,0.018342118102162644
0,7.614,0.018406462017084492
0,7.6160000000000005,0.018471571522897082
0,7.618,0.018537385775753337
0,7.62,0.018603846791623413
0,7.622,0.01867089931895145
0,7.6240000000000006,0.01873849071692798
0,7.626,0.018806570839129982
0,7.628,0.018875091922289422
0,7.63,0.01894400847996381
0,7.632000000000001,0.019013277200893887
0,7.634,0.01908285685183932
0,7.636,0.019152708184696974
0,7.638,0.019222793847712066
0,7.640000000000001,0.019293078300602687
0,7.642,0.019345974905521975
0,7.644,0.01938237302279268
0,7.646,0.019403122532571503
0,7.648000000000001,0.019409035557511143
0,7.65,0.019400888116023102
0,7.652,0.019379421706325832
0,7.654,0.019345344822346688
0,7.656000000000001,0.0192993344031512
0,7.658,0.01924203721796825
0,7.66,0.019174071189134292
0,7.662,0.01909602665542308
0,7.664000000000001,0.01900846757829588
0,7.666,0.018911932693614728
0,7.668,0.018806936611336245
0,7.67,0.018693970865648928
0,7.672000000000001,0.01857350491793572
0,7.674,0.018445987114867994
0,7.676,0.01831184560383277
0,7.678,0.01817148920780547
0,7.68,0.018025308261678835
0,7.682,0.017889933482396973
0,7.684,0.01776485392083659
0,7.686,0.01764958098151496
0,7.688,0.017543647527356904
0,7.69,0.017446607011674123
0,7.692,0.017358032637438885
0,7.694,0.017277516543833967
0,7.696,0.017204669019966312
0,7.698,0.017139117745543324
0,7.7,0.017080507058233725
0,7.702,0.01702849724735968
0,7.704,0.016982763873507525
0,7.706,0.01694299711358309
0,7.708,0.01690890113079218
0,7.71,0.01688019346898451
0,7.712,0.016856604470763335
0,7.714,0.016837876718736003
0,7.716,0.01682376449925733
0,7.718,0.016814033288002087
0,7.72,0.016808459256690843
0,7.722,0.016808156098020346
0,7.724,0.016812843981989085
0,7.726,0.016822255921678207
0,7.728,0.016836137203910133
0,7.73,0.016854244843888335
0,7.732,0.0168763470629768
0,7.734,0.016902222788786603
0,7.736,0.01693166117674229
0,7.738,0.01696446115231051
0,7.74,0.0170004309730903
0,7.742,0.017039387809980086
0,7.744,0.01708115734665613
0,7.746,0.017125573396617494
0,7.748,0.017172477537072465
0,7.75,0.01722171875897038
0,7.752,0.017273153132495153
0,7.7540000000000004,0.017326643487372204
0,7.756,0.01738205910735416
0,7.758,0.017439275438280753
0,7.76,0.017498173809126716
0,7.7620000000000005,0.017557314998302275
0,7.764,0.017616667322793333
0,7.766,0.01767620068620966
0,7.768,0.01773588650550632
0,7.7700000000000005,0.017795697641039967
0,7.772,0.017855608329809987
0,7.774,0.017915594121737936
0,7.776,0.017975631818848977
0,7.7780000000000005,0.018035699417223088
0,7.78,0.01809577605158893
0,7.782,0.018155841942442002
0,7.784,0.018215878345570397
0,7.7860000000000005,0.01827586750388113
0,7.788,0.01833579260141962
0,7.79,0.018395637719485013
0,7.792,0.018455387794744746
0,7.7940000000000005,0.018515028579256868
0,7.796,0.018574546602316166
0,7.798,0.018633929134036314
0,7.8,0.018693164150595
0,7.8020000000000005,0.018732202141876188
0,7.804,0.01875209965383261
0,7.806,0.018753865118633944
0,7.808,0.018738461100736008
0,7.8100000000000005,0.018706806429462496
0,7.812,0.018659778223313283
0,7.814,0.018598213811387175
0,7.816,0.018522912557321063
0,7.8180000000000005,0.018434637591052308
0,7.82,0.01833411745354065
0,7.822,0.018222047659380798
0,7.824,0.01809909218199784
0,7.8260000000000005,0.01796588486587623
0,7.828,0.017823030770016776
0,7.83,0.017671107446577905
0,7.832,0.017510666158414352
0,7.8340000000000005,0.017342233038998494
0,7.836,0.01716631019799483
0,7.838,0.016983376775550188
0,7.84,0.01679388994817145
0,7.8420000000000005,0.016599690232663132
0,7.844,0.01640111284085972
0,7.846,0.01619847741106076
0,7.848,0.015992088688269315
0,7.8500000000000005,0.01578223717571324
0,7.852,0.015569199759138161
0,7.854,0.01535324030528169
0,7.856,0.015134610235867516
0,7.8580000000000005,0.014913549078395039
0,7.86,0.014690284994934239
0,7.862,0.01446503529009121
0,7.864,0.014238006899253742
0,7.8660000000000005,0.014009396858186937
0,7.868,0.013779392755013487
0,7.87,0.013548173165576612
0,7.872,0.0133159080731638
0,7.8740000000000006,0.013082759273540951
0,7.876,0.012848880766240172
0,7.878,0.01261441913302657
0,7.88,0.012379513904475717
0,7.882000000000001,0.012161254600130825
0,7.884,0.011958823202821465
0,7.886,0.011771437931583516
0,7.888,0.011598351899142295
0,7.890000000000001,0.011438851795936691
0,7.892,0.01129225660163758
0,7.894,0.011157916325043716
0,7.896,0.011035210773182778
0,7.898000000000001,0.01092354835039398
0,7.9,0.010822364888118366
0,7.902,0.010731122506064412
0,7.904,0.010649308505351047
0,7.906000000000001,0.010576434294155853
0,7.908,0.01051203434630763
0,7.91,0.010455665193162917
0,7.912,0.010406904449002986
0,7.914000000000001,0.01036534987007007
0,7.916,0.010330618447245128
0,7.918,0.010302345532248337
0,7.92,0.01028018399712536
0,7.922000000000001,0.010263803426669264
0,7.924,0.010252889343312798
0,7.926,0.010247142463936456
0,7.928,0.010246277987935894
0,7.930000000000001,0.010250024915818322
0,7.932,0.010258125397528763
0,7.934,0.010270334109648237
0,7.936,0.010286417660561228
0,7.938,0.010306154022657082
0,7.94,0.010329331990603057
0,7.942,0.010355750664715908
0,7.944,0.010385218958451193
0,7.946,0.010417555129033041
0,7.948,0.01045258633025449
0,7.95,0.010490148186495338
0,7.952,0.010530084387022723
0,7.954,0.010572246299662313
0,7.956,0.010616492602955094
0,7.958,0.010662688935944232
0,7.96,0.01071070756476402
0,7.962,0.010760427065237936
0,7.964,0.0108117320207205
0,7.966,0.010864512734453302
0,7.968,0.01091866495573561
0,7.97,0.010974089619241284
0,7.972,0.011030692596844882
0,7.974,0.01108838446135054
0,7.976,0.011147080261544859
0,7.978,0.011206699308022714
0,7.98,0.011267164969264599
0,7.982,0.0113284044774647
0,7.984,0.011390348743640732
0,7.986,0.0114529321815713
0,7.988,0.011516092540136084
0,7.99,0.011579770743653198
0,7.992,0.011643910739824391
0,7.994,0.01170845935492579
0,7.996,0.011773366155891439
0,7.998,0.011838583318960644
0,8.0,0.011904065504573628
0,8.002,0.011969769738214982
0,8.004,0.012035655296921003
0,8.006,0.012101683601179872
0,8.008000000000001,0.01216781811196702
0,8.01,0.012234024232669533
0,8.012,0.012300269215668335
0,8.014,0.012366522073354123
0,8.016,0.012432753493367803
0,8.018,0.012498935757862503
0,8.02,0.012565042666597553
0,8.022,0.012631049463681012
0,8.024000000000001,0.012696932767788433
0,8.026,0.012762670505691576
0,8.028,0.012828241848941184
0,8.03,0.01289362715355241
0,8.032,0.012958807902553144
0,8.034,0.013023766651255746
0,8.036,0.013088486975126348
0,8.038,0.013152953420126108
0,8.040000000000001,0.013217151455409476
0,8.042,0.01328106742826504
0,8.044,0.013344688521194793
0,8.046,0.013408002711029704
0,8.048,0.01347099872998451
0,8.05,0.013533666028561238
0,8.052,0.013595994740212034
0,8.054,0.013657975647679064
0,8.056000000000001,0.013719600150932659
0,8.058,0.0137808602366294
0,8.06,0.01384174844902151
0,8.062,0.013902257862246331
0,8.064,0.01396238205393125
0,8.066,0.014022115080051866
0,8.068,0.014081451450984422
0,8.07,0.014140386108694695
0,8.072000000000001,0.014198914405011474
0,8.074,0.014257032080930937
0,8.076,0.014314735246905205
0,8.078,0.014372020364067243
0,8.08,0.01442888422634847
0,8.082,0.014485323943446041
0,8.084,0.014541336924600665
0,8.086,0.01459692086314585
0,8.088000000000001,0.01465207372179216
0,8.09,0.014706793718612108
0,8.092,0.01476107931369235
0,8.094,0.014814929196420896
0,8.096,0.01486834227338177
0,8.098,0.014921317656824563
0,8.1,0.01497385465368529
0,8.102,0.015025952755131192
0,8.104000000000001,0.015077611626603118
0,8.106,0.015128831098335817
0,8.108,0.015179611156328944
0,8.11,0.015229951933752013
0,8.112,0.015279853702758887
0,8.114,0.015329316866695383
0,8.116,0.015378341952680268
0,8.118,0.015426929604541622
0,8.120000000000001,0.015475080576093068
0,8.122,0.015507142190811037
0,8.124,0.015523951724365546
0,8.126,0.015526307346417991
0,8.128,0.015514970000828755
0,8.13,0.015490665186823365
0,8.132,0.015454084646686612
0,8.134,0.015405887965364557
0,8.136000000000001,0.015346704087122173
0,8.138,0.015277132754145842
0,8.14,0.015197745871711903
0,8.142,0.015109088804271663
0,8.144,0.01501168160654487
0,8.146,0.014906020193450472
0,8.148,0.014792577452472087
0,8.15,0.014671804301816475
0,8.152000000000001,0.014544130697515265
0,8.154,0.014409966592416296
0,8.156,0.01426970284982431
0,8.158,0.014123712114375584
0,8.16,0.013972349642574685
0,8.162,0.013831628271908813
0,8.164,0.013701023615784349
0,8.166,0.013580034860060583
0,8.168000000000001,0.013468183793648258
0,8.17,0.013365013870788802
0,8.172,0.0132700893047774
0,8.174,0.013182994192800548
0,8.176,0.013103331671489672
0,8.178,0.013030723102724826
0,8.18,0.01296480728916226
0,8.182,0.012905239718912546
0,8.184000000000001,0.012851691838751402
0,8.186,0.012803850355210302
0,8.188,0.012761416562862497
0,8.19,0.01272410569909905
0,8.192,0.012691646324666234
0,8.194,0.01266377972922578
0,8.196,0.012640259361188374
0,8.198,0.012620850281062341
0,8.2,0.012605328637564715
0,8.202,0.012595246435497389
0,8.204,0.012590303044753745
0,8.206,0.012590212133507082
0,8.208,0.012594701018725455
0,8.21,0.012603510043938955
0,8.212,0.012616391983372893
0,8.214,0.01263311147155661
0,8.216,0.01265344445752514
0,8.218,0.012677177682731182
0,8.22,0.01270410818180212
0,8.222,0.012734042805280779
0,8.224,0.012766797763512142
0,8.226,0.012802198190847084
0,8.228,0.012840077729360891
0,8.23,0.012880278131297442
0,8.232,0.012922648879473283
0,8.234,0.012967046824903211
0,8.236,0.013013335840919186
0,8.238,0.013061386493091753
0,8.24,0.013111075724273712
0,8.242,0.013162286554118304
0,8.244,0.013214907792440342
0,8.246,0.013268833765816796
0,8.248,0.013323964056841905
0,8.25,0.013380203255477311
0,8.252,0.013437460721957614
0,8.254,0.013495650360733143
0,8.256,0.013554690404954084
0,8.258000000000001,0.013614503211018968
0,8.26,0.013675015062729067
0,8.262,0.013736155984615214
0,8.264,0.013797859564011625
0,8.266,0.0138600627814811
0,8.268,0.013922705849203899
0,8.27,0.013985732056964623
0,8.272,0.014049087625385051
0,8.274000000000001,0.014112721566066567
0,8.276,0.01417658554832347
0,8.278,0.014240633772196972
0,8.28,0.014304822847460544
0,8.282,0.014370440890598845
0,8.284,0.014437370960447272
0,8.286,0.014505501937889744
0,8.288,0.014574728251876489
0,8.290000000000001,0.014644949618076088
0,8.292,0.014716070789601599
0,8.294,0.014788001319275067
0,8.296,0.014860655332916924
0,8.298,0.014933951313162469
0,8.3,0.015007811893336043
0,8.302,0.015082163660924538
0,8.304,0.015156936970217302
0,8.306000000000001,0.015232065763694926
0,8.308,0.015307487401767116
0,8.31,0.015383142500478005
0,8.312,0.015458974776813284
0,8.314,0.015534930901258893
0,8.316,0.015610960357277461
0,8.318,0.015687015307381154
0,8.32,0.015763050465497766
0,8.322000000000001,0.015839022975335963
0,8.324,0.015914892294470396
0,8.326,0.01599062008388312
0,8.328,0.016066170102702813
0,8.33,0.016141508107901173
0,8.332,0.016216601758715567
0,8.334,0.016291420525573284
0,8.336,0.01636593560330898
0,8.338000000000001,0.016440119828473557
0,8.34,0.016513947600540178
0,8.342,0.01658739480682633
0,8.344,0.016660438750956266
0,8.346,0.016733058084696616
0,8.348,0.016805232743006604
0,8.35,0.016876943882151194
0,8.352,0.016948173820733554
0,8.354000000000001,0.017018905983506152
0,8.356,0.017089124847833998
0,8.358,0.017158815892679688
0,8.36,0.01722796554999551
0,8.362,0.01729656115840531
0,8.364,0.017364590919071287
0,8.366,0.01743204385363839
0,8.368,0.017498909764163715
0,8.370000000000001,0.01756517919493028
0,8.372,0.017630843396062627
0,8.374,0.017695894288854982
0,8.376,0.017760324432732316
0,8.378,0.017824126993767505
0,8.38,0.017887295714680604
0,8.382,0.01794982488625081
0,8.384,0.01801170932007361
0,8.386000000000001,0.01807294432260028
0,8.388,0.018133525670399653
0,8.39,0.018193449586582873
0,8.392,0.018252712718338733
0,8.394,0.018311312115524964
0,8.396,0.0183692452102669
0,8.398,0.01842650979751614
0,8.4,0.018483104016524032
0,8.402000000000001,0.01852133277103113
0,8.404,0.018542135118647374
0,8.406,0.018546406752221974
0,8.408,0.01853500211666232
0,8.41,0.01850873640438784
0,8.412,0.018468387438072352
0,8.414,0.01841469744859347
0,8.416,0.01834837475544155
0,8.418000000000001,0.018270095356236225
0,8.42,0.018180504431451406
0,8.422,0.01808021776995708
0,8.424,0.01796982312053385
0,8.426,0.01784988147411068
0,8.428,0.017720928281105525
0,8.43,0.017583474607913846
0,8.432,0.01743800823628266
0,8.434000000000001,0.017284994709030492
0,8.436,0.017124878325321637
0,8.438,0.01695808308847003
0,8.44,0.016785013609040413
0,8.442,0.016622455587132285
0,8.444,0.016469905988632738
0,8.446,0.016326883767366723
0,8.448,0.016192928985525646
0,8.45,0.01606760196234399
0,8.452,0.015950482450772897
0,8.454,0.015841168841828148
0,8.456,0.015739277396227734
0,8.458,0.015644441502882835
0,8.46,0.01555631096376023
0,8.462,0.015474551304592228
0,8.464,0.015398843110881681
0,8.466,0.015328881388617484
0,8.468,0.015264374949098374
0,8.47,0.015205045817243072
0,8.472,0.01515062866275061
0,8.474,0.01510087025347018
0,8.476,0.015055528930327007
0,8.478,0.015014374103154286
0,8.48,0.014977185766778126
0,8.482,0.014943754036705269
0,8.484,0.014913878703767343
0,8.486,0.01488736880708389
0,8.488,0.014864042224713169
0,8.49,0.014843725281367291
0,8.492,0.014826252372584918
0,8.494,0.014811465604757674
0,8.496,0.014799214450429296
0,8.498,0.014789355418291144
0,8.5,0.014781751737316067
0,8.502,0.014776273054487808
0,8.504,0.014772795145594446
0,8.506,0.01477119963857274
0,8.508000000000001,0.014771373748902337
0,8.51,0.014773210026569221
0,8.512,0.014776606114124428
0,8.514,0.014781464515390693
0,8.516,0.014787692374372509
0,8.518,0.014795201263951712
0,8.52,0.014803906983955038
0,8.522,0.014813729368204472
0,8.524000000000001,0.014824592100166182
0,8.526,0.014836422536835142
0,8.528,0.014849151540502582
0,8.53,0.014862713318067855
0,8.532,0.014877045267567827
0,8.534,0.014892087831613622
0,8.536,0.014907784357430775
0,8.538,0.014924080963217783
0,8.540000000000001,0.014940926410542702
0,8.542,0.01495827198251487
0,8.544,0.014976071367475368
0,8.546,0.014994280547962922
0,8.548,0.015012857694720152
0,8.55,0.015031763065516702
0,8.552,0.015050958908574722
0,8.554,0.015070409370389516
0,8.556000000000001,0.015090080407750662
0,8.558,0.015109939703773142
0,8.56,0.015129956587759
0,8.562,0.015151421192159925
0,8.564,0.015174229748709384
0,8.566,0.015198283490909343
0,8.568,0.015223488425469039
0,8.57,0.015249755113940696
0,8.572000000000001,0.015276998464119403
0,8.574,0.015305137530791183
0,8.576,0.015334095325425266
0,8.578,0.01536379863442942
0,8.58,0.015394177845591767
0,8.582,0.015425166782356564
0,8.584,0.015456702545590667
0,8.586,0.015488725362510761
0,8.588000000000001,0.015521178442457673
0,8.59,0.015554007839214913
0,8.592,0.015587162319579753
0,8.594,0.01562059323791203
0,8.596,0.015654254416391594
0,8.598,0.0156881020307308
0,8.6,0.015722094501096993
0,8.602,0.01573849333390363
0,8.604000000000001,0.01573820314257494
0,8.606,0.015722086850822416
0,8.608,0.01569096771592925
0,8.61,0.015645631238140504
0,8.612,0.015586826964088417
0,8.614,0.015515270191548445
0,8.616,0.015431643582234991
0,8.618,0.01533659868881144
0,8.620000000000001,0.015230757401807397
0,8.622,0.015114713321687184
0,8.624,0.014989033060915702
0,8.626,0.0148542574805007
0,8.628,0.014710902865155534
0,8.63,0.014559462040929276
0,8.632,0.014400405438871913
0,8.634,0.014234182108058413
0,8.636000000000001,0.014061220681069441
0,8.638,0.013881930294821538
0,8.64,0.013696701469461682
0,8.642,0.013525331689237086
0,8.644,0.013367133337084294
0,8.646,0.013221449127204268
0,8.648,0.013087650908392048
0,8.65,0.012965138502164096
0,8.652000000000001,0.012853338575881857
0,8.654,0.012751703550919341
0,8.656,0.012659710545788372
0,8.658,0.012576860354018884
0,8.66,0.012502676456485817
0,8.662,0.012436704067785555
0,8.664,0.012378509216182668
0,8.666,0.012327677856580543
0,8.668000000000001,0.01228381501591442
0,8.67,0.012246543970305645
0,8.672,0.012215505453287147
0,8.674,0.012190356894363872
0,8.676,0.012170771687150188
0,8.678,0.012156438486302908
0,8.68,0.012147060532449882
0,8.682,0.01214103645327214
0,8.684000000000001,0.012138172791451884
0,8.686,0.012138285227829173
0,8.688,0.01214119816897002
0,8.69,0.012146744352378346
0,8.692,0.01215476446869537
0,8.694,0.012165106800244184
0,8.696,0.012177626875293255
0,8.698,0.012192187137426116
0,8.700000000000001,0.012208656629425175
0,8.702,0.012226910691088486
0,8.704,0.012246830670420204
0,8.706,0.012268303647650221
0,8.708,0.012291222171554936
0,8.71,0.012315484007568208
0,8.712,0.012340991897193171
0,8.714,0.01236765332823182
0,8.716,0.012395380315380473
0,8.718,0.012424089190740676
0,8.72,0.012453700403823584
0,8.722,0.012485455364606914
0,8.724,0.012519206501696153
0,8.726,0.012554813385221545
0,8.728,0.012592142398157848
0,8.73,0.012631066422349098
0,8.732,0.012671464538627402
0,8.734,0.01271322174043146
0,8.736,0.012756228660353567
0,8.738,0.012800381309064362
0,8.74,0.012845580826079239
0,8.742,0.012891733241859129
0,8.744,0.012938749250746685
0,8.746,0.012986543994265595
0,8.748,0.01303503685432753
0,8.75,0.013084151255905362
0,8.752,0.013133814478755798
0,8.754,0.013183957477783103
0,8.756,0.01323451471166102
0,8.758000000000001,0.013285423979338757
0,8.76,0.013336626264076246
0,8.762,0.013388065584668983
0,8.764,0.013439688853535303
0,8.766,0.01349144574135397
0,8.768,0.013543288547955354
0,8.77,0.013595172079176477
0,8.772,0.01364705352941364
0,8.774000000000001,0.013698892369603283
0,8.776,0.013750650240389942
0,8.778,0.013802290850235838
0,8.78,0.013853779878250342
0,8.782,0.013905084881516521
0,8.784,0.013956175206711791
0,8.786,0.014007021905821471
0,8.788,0.01405759765575654
0,8.790000000000001,0.014107876681695802
0,8.792,0.014157834683978774
0,8.794,0.014207448768386179
0,8.796,0.014256697379649614
0,8.798,0.014305560238041259
0,8.8,0.014354018278901442
0,8.802,0.014402053594966093
0,8.804,0.014449649381365415
0,8.806000000000001,0.014496789883169669
0,8.808,0.014543460345362942
0,8.81,0.014589646965132786
0,8.812,0.014635336846368653
0,8.814,0.014680517956264785
0,8.816,0.014725179083932451
0,8.818,0.014769309800925818
0,8.82,0.014812900423593279
0,8.822000000000001,0.014855941977171393
0,8.824,0.014898426161536894
0,8.826,0.014940345318543923
0,8.828,0.014981692400869127
0,8.83,0.015022460942297951
0,8.832,0.01506264502938342
0,8.834,0.015102239274413747
0,8.836,0.015141238789629228
0,8.838000000000001,0.015179639162630302
0,8.84,0.015217436432920653
0,8.842,0.015254627069533906
0,8.844,0.015291207949693438
0,8.846,0.015327176338457645
0,8.848,0.015362529869304517
0,8.85,0.015397266525613957
0,8.852,0.015431384623003298
0,8.854000000000001,0.015464882792480083
0,8.856,0.015497759964372146
0,8.858,0.015530015352999716
0,8.86,0.015561648442056125
0,8.862,0.015592658970663106
0,8.864,0.015623046920071033
0,8.866,0.01565281250097382
0,8.868,0.015681956141409617
0,8.870000000000001,0.01571047847522212
0,8.872,0.015738380331054565
0,8.874,0.015765662721853948
0,8.876,0.01579232683486074
0,8.878,0.015818374022062192
0,8.88,0.01584380579108908
0,8.882,0.01585158611035473
0,8.884,0.01584260512518184
0,8.886000000000001,0.015817713305937703
0,8.888,0.01577772331232115
0,8.89,0.015723411760108847
0,8.892,0.015655520896393278
0,8.894,0.015574760189031409
0,8.896,0.01548180783569809
0,8.898,0.015377312197621583
0,8.9,0.015261893162771338
0,8.902000000000001,0.015136143442975692
0,8.904,0.015000629809170177
0,8.906,0.014855894268729002
0,8.908,0.014702455188594029
0,8.91,0.014540808367703347
0,8.912,0.014371428062034374
0,8.914,0.014194767965398912
0,8.916,0.01401126214898564
0,8.918000000000001,0.013821325962510593
0,8.92,0.013625356899732873
0,8.922,0.013442407916919917
0,8.924,0.013271850492534399
0,8.926,0.013113083083496074
0,8.928,0.012965530099222872
0,8.93,0.012828640904400088
0,8.932,0.012701888850443904
0,8.934000000000001,0.012584770335557076
0,8.936,0.012476803893208025
0,8.938,0.012377529308809825
0,8.94,0.012286506764330908
0,8.942,0.012203316010523069
0,8.944,0.012127555566418792
0,8.946,0.012058841945714759
0,8.948,0.011996808909627957
0,8.950000000000001,0.011941106745783038
0,8.952,0.01189140157266444
0,8.954,0.011847374669142525
0,8.956,0.011808721828560236
0,8.958,0.011775152736849145
0,8.96,0.01174639037412301
0,8.962,0.011722170439182947
0,8.964,0.011702240796352702
0,8.966,0.011686360944052497
0,8.968,0.01167430150450667
0,8.97,0.011665843733978222
0,8.972,0.011660779052912684
0,8.974,0.011658908595373597
0,8.976,0.01166004277715128
0,8.978,0.011664000881925617
0,8.98,0.011670610664868715
0,8.982,0.011679707973078313
0,8.984,0.011691136382237446
0,8.986,0.011704746848907372
0,8.988,0.011720397377867859
0,8.99,0.011737952703930195
0,8.992,0.011757283987664674
0,8.994,0.011778268524489178
0,8.996,0.011800789466587216
0,8.998,0.01182473555713321
0,9.0,0.011850000876322087
0,9.002,0.011876484598708015
0,9.004,0.01190409076138409
0,9.006,0.011932728042538076
0,9.008000000000001,0.011962309549944466
0,9.01,0.011992752618964311
0,9.012,0.012023978619640802
0,9.014,0.012055912772493467
0,9.016,0.012088483972630704
0,9.018,0.012121624621813418
0,9.02,0.012155270468117528
0,9.022,0.0121893604528581
0,9.024000000000001,0.012223836564451697
0,9.026,0.012258643698905149
0,9.028,0.012293729526634357
0,9.03,0.012329044365327864
0,9.032,0.012364541058584
0,9.034,0.012400174860057768
0,9.036,0.012435903322872576
0,9.038,0.012471686194052877
0,9.040000000000001,0.01250748531375512
0,9.042,0.012543264519075737
0,9.044,0.01257898955222786
0,9.046,0.012614627972891493
0,9.048,0.012650149074542103
0,9.05,0.01268552380458092
0,9.052,0.012720724688090511
0,9.054,0.01275572575505185
0,9.056000000000001,0.012790502470865188
0,9.058,0.012825031670022996
0,9.06,0.012859291492791747
0,9.062,0.01289326132476619
0,9.064,0.01292692173916303
0,9.066,0.012960254441731727
0,9.068,0.012993242218160034
0,9.07,0.013025868883864053
0,9.072000000000001,0.013058119236050943
0,9.074,0.013089979007952281
0,9.076,0.013121434825129692
0,9.078,0.013152474163756886
0,9.08,0.013183085310789993
0,9.082,0.013213257325937465
0,9.084,0.013242980005352113
0,9.086,0.013272243846962089
0,9.088000000000001,0.01330104001736999
0,9.09,0.013329360320246815
0,9.092,0.013357197166154485
0,9.094,0.013384543543730835
0,9.096,0.01341139299217504
0,9.098,0.013437739574976909
0,9.1,0.013463577854830789
0,9.102,0.013488902869682007
0,9.104000000000001,0.013513710109854572
0,9.106,0.01353799549621088
0,9.108,0.013561755359296775
0,9.11,0.013584986419428109
0,9.112,0.013607685767675029
0,9.114,0.013629850847704718
0,9.116,0.01365147943844393
0,9.118,0.013672569637522248
0,9.120000000000001,0.013693119845464686
0,9.122,0.013714724709208488
0,9.124,0.01373730049432035
0,9.126,0.013760767438050787
0,9.128,0.01378504957235503
0,9.13,0.013810074554724305
0,9.132,0.013835773506487348
0,9.134,0.013862080858260866
0,9.136000000000001,0.013888934202236816
0,9.138,0.013916274151007131
0,9.14,0.013944044202641552
0,9.142,0.013972190611741497
0,9.144,0.014000662266209343
0,9.146,0.014029410569479104
0,9.148,0.014058389327969064
0,9.15,0.014087554643523646
0,9.152000000000001,0.01411686481062432
0,9.154,0.014146280218158594
0,9.156,0.014175763255543214
0,9.158,0.014205278223010579
0,9.16,0.014234791245869667
0,9.162,0.014264270192569616
0,9.164,0.014293684596391248
0,9.166,0.014323005580610513
0,9.168000000000001,0.01435220578697388
0,9.17,0.01438125930734498
0,9.172,0.01441014161837264
0,9.174,0.014438829519054886
0,9.176,0.014467301071063105
0,9.178,0.01449553554170688
0,9.18,0.014523513349422082
0,9.182,0.014551216011667015
0,9.184000000000001,0.01457862609512438
0,9.186,0.014605727168101853
0,9.188,0.014632503755035645
0,9.19,0.014658941293004529
0,9.192,0.01468502609016315
0,9.194,0.014710745286010142
0,9.196,0.01473608681341035
0,9.198,0.014761039362292172
0,9.200000000000001,0.014785592344946277
0,9.202,0.014809735862855545
0,9.204,0.014833460674986311
0,9.206,0.014856758167478942
0,9.208,0.014879620324672608
0,9.21,0.014902039701409367
0,9.212,0.014924009396556547
0,9.214,0.01494552302769635
0,9.216000000000001,0.014966574706931414
0,9.218,0.014987159017755125
0,9.22,0.015007270992940415
0,9.222,0.015026906093404025
0,9.224,0.015046060188000062
0,9.226,0.015064729534204459
0,9.228,0.015082910759650138
0,9.23,0.015100600844474822
0,9.232,0.015117797104447533
0,9.234,0.015134497174837662
0,9.236,0.015150698994995345
0,9.238,0.015166400793610394
0,9.24,0.015181601074622669
0,9.242,0.015196298603752
0,9.244,0.01521049239562326
0,9.246,0.0152241817014589
0,9.248,0.015237365997314761
0,9.25,0.015250044972834923
0,9.252,0.0152622185205043
0,9.254,0.015273886725374202
0,9.256,0.015285049855244549
0,9.258000000000001,0.015295708351277738
0,9.26,0.015305862819030564
0,9.262,0.015315514019881125
0,9.264,0.01532466286283723
0,9.266,0.015333310396707262
0,9.268,0.015341457802619229
0,9.27,0.015349106386871775
0,9.272,0.015356257574102972
0,9.274000000000001,0.01536291290076416
0,9.276,0.015369074008883574
0,9.278,0.015374742640108763
0,9.28,0.015379920630014993
0,9.282,0.01538616241803692
0,9.284,0.015393391411319497
0,9.286,0.015401534524003318
0,9.288,0.0154105220260619
0,9.290000000000001,0.01542028739858126
0,9.292,0.015430767195212997
0,9.294,0.0154419009095408
0,9.296,0.015453630848114247
0,9.298,0.015465902008909266
0,9.3,0.01547866196498699
0,9.302,0.015491860753129477
0,9.304,0.01550545076724236
0,9.306000000000001,0.015519386656321632
0,9.308,0.015533625226789456
0,9.31,0.015548125349012221
0,9.312,0.01556284786782481
0,9.314,0.015577755516886376
0,9.316,0.015592812836706169
0,9.318,0.015607986096181277
0,9.32,0.015623243217495295
0,9.322000000000001,0.015638553704235895
0,9.324,0.015653888572589866
0,9.326,0.015669220285486944
0,9.328,0.015684522689563846
0,9.33,0.015699770954827556
0,9.332,0.015714941516903155
0,9.334,0.015730012021753864
0,9.336,0.01574496127276736
0,9.338000000000001,0.01575976918010804
0,9.34,0.015774416712236047
0,9.342,0.015788885849501277
0,9.344,0.015803159539722934
0,9.346,0.015817221655669338
0,9.348,0.015831056954356337
0,9.35,0.01584465103808729
0,9.352,0.015857990317157362
0,9.354000000000001,0.015871061974154343
0,9.356,0.015883853929784846
0,9.358,0.01589635481016083
0,9.36,0.01590855391548556
0,9.362,0.015920441190076635
0,9.364,0.015932007193671827
0,9.366,0.0159432430739586
0,9.368,0.015954140540279948
0,9.370000000000001,0.015964691838462237
0,9.372,0.015974889726719177
0,9.374,0.01598472745258497
0,9.376,0.01599419873083381
0,9.378,0.016003297722341703
0,9.38,0.016012019013852487
0,9.382,0.01602035759860829
0,9.384,0.016028308857807365
0,9.386000000000001,0.016035868542855044
0,9.388,0.016043032758372947
0,9.39,0.016049797945934884
0,9.392,0.016056160868498356
0,9.394,0.016062118595501072
0,9.396,0.016067668488596146
0,9.398,0.016072808187997466
0,9.4,0.016077535599408513
0,9.402000000000001,0.016083085401763186
0,9.404,0.016089390652131788
0,9.406,0.016096387446846085
0,9.408,0.01610401479365482
0,9.41,0.016112214489201606
0,9.412,0.016120931001602702
0,9.414,0.016130111357915058
0,9.416,0.01613970503629238
0,9.418000000000001,0.016149663862633678
0,9.42,0.01615994191154028
0,9.422,0.016170495411399522
0,9.424,0.01618128265342734
0,9.426,0.01619226390450081
0,9.428,0.01620340132362794
0,9.43,0.016214658881898287
0,9.432,0.016226002285774338
0,9.434000000000001,0.016237398903581165
0,9.436,0.016248817695062624
0,9.438,0.01626022914387534
0,9.44,0.016271605192900235
0,9.442,0.01628320047185217
0,9.444,0.016294979398498118
0,9.446,0.01630690809121274
0,9.448,0.016318954296421793
0,9.450000000000001,0.016331087319093062
0,9.452,0.01634327795614637
0,9.454,0.016355498432660532
0,9.456,0.016367722340760938
0,9.458,0.01637992458107286
0,9.46,0.016392081306635258
0,9.462,0.01640416986916968
0,9.464,0.016416168767606265
0,9.466000000000001,0.016428057598771775
0,9.468,0.01643981701014823
0,9.47,0.016451428654616088
0,9.472,0.016462875147097607
0,9.474,0.01647414002302063
0,9.476,0.01648520769852634
0,9.478,0.01649606343234839
0,9.48,0.016506693289291028
0,9.482,0.016517084105242
0,9.484,0.016527223453652585
0,9.486,0.01653709961342604
0,9.488,0.016546701538152304
0,9.49,0.01655601882663526
0,9.492,0.01656504169465632
0,9.494,0.016573760947923045
0,9.496,0.016582167956153127
0,9.498,0.01659025462824623
0,9.5,0.01659801338849725
0,9.502,0.016605437153808588
0,9.504,0.016612519311858524
0,9.506,0.01661925370018576
0,9.508000000000001,0.01662563458615247
0,9.51,0.016631656647747666
0,9.512,0.016637314955197414
0,9.514,0.016642604953347316
0,9.516,0.016647522444783385
0,9.518,0.01665206357366415
0,9.52,0.01665622481023056
0,9.522,0.01666123032804461
0,9.524000000000001,0.01666701312470075
0,9.526,0.016673509194947044
0,9.528,0.016680657406603065
0,9.53,0.016688399381553025
0,9.532,0.01669667938160646
0,9.534,0.016705444199031368
0,9.536,0.016714643051569063
0,9.538,0.016724227481748462
0,9.540000000000001,0.016734151260326253
0,9.542,0.016744370293683444
0,9.544,0.016754842535017515
0,9.546,0.016765527899176094
0,9.548,0.016776388180982132
0,9.55,0.01678738697690983
0,9.552,0.016798489609971986
0,9.554,0.016809663057689776
0,9.556000000000001,0.016820875883017464
0,9.558,0.016832098168101415
0,9.56,0.016843301450758418
0,9.562,0.016837152958104496
0,9.564,0.016814477900299368
0,9.566,0.01677606832808371
0,9.568,0.016722684479721337
0,9.57,0.01665505608010529
0,9.572000000000001,0.01657388359218162
0,9.574,0.01647983942145514
0,9.576,0.016373569074783018
0,9.578,0.01625569227496509
0,9.58,0.016126804032851518
0,9.582,0.015987475678828585
0,9.584,0.015838255855639614
0,9.586,0.015679671474554895
0,9.588000000000001,0.01551222863694502
0,9.59,0.01533641352333515
0,9.592,0.015152693252034936
0,9.594,0.014961516709461678
0,9.596,0.014763315354287371
0,9.598,0.014558503997582108
0,9.6,0.014347481561160256
0,9.602,0.014149342412218819
0,9.604000000000001,0.013963501155839457
0,9.606,0.013789395879921895
0,9.608,0.01362648734387307
0,9.61,0.01347425818564571
0,9.612,0.013332212147147533
0,9.614,0.013199873318056561
0,9.616,0.013076785398082194
0,9.618,0.012962510977716361
0,9.620000000000001,0.012856630837523489
0,9.622,0.012758743266012534
0,9.624,0.01266846339612689
0,9.626,0.012585422560376999
0,9.628,0.012509267664618
0,9.63,0.012439660580460598
0,9.632,0.012376277556264973
0,9.634,0.012318808646649096
0,9.636000000000001,0.012266957160401073
0,9.638,0.012220439126657507
0,9.64,0.012178982779169442
0,9.642,0.012141103017500139
0,9.644,0.012106615039673493
0,9.646,0.012075342024625912
0,9.648,0.012047114802435057
0,9.65,0.012021771537122453
0,9.652000000000001,0.011999157421688687
0,9.654,0.01197912438502642
0,9.656,0.01196153081036055
0,9.658,0.011946241264860906
0,9.66,0.011933126240068894
0,9.662,0.011922061902784335
0,9.664,0.011912929856059504
0,9.666,0.011905616909948853
0,9.668000000000001,0.011900014861670114
0,9.67,0.01189602028483343
0,9.672,0.011893534327405158
0,9.674,0.01189246251807732
0,9.676,0.011892714580721064
0,9.678,0.011894204256610615
0,9.68,0.011896849134112904
0,9.682,0.011900570485543731
0,9.684000000000001,0.011905293110906183
0,9.686,0.011910945188227924
0,9.688,0.011917458130229475
0,9.69,0.011924766447062063
0,9.692,0.011932807614862028
0,9.694,0.01194152194988009
0,9.696,0.011950852487950164
0,9.698,0.01196074486907288
0,9.700000000000001,0.011971147226898543
0,9.702,0.011982010082898368
0,9.704,0.011993286245027709
0,9.706,0.01200493071068654
0,9.708,0.012016900573796148
0,9.71,0.012029154935812901
0,9.712,0.012041654820512157
0,9.714,0.012054363092379424
0,9.716000000000001,0.012067244378455078
0,9.718,0.012080264993482496
0,9.72,0.01209339286821906
0,9.722,0.012106597480774061
0,9.724,0.012119849790842322
0,9.726,0.012133122176711123
0,9.728,0.012146388374919728
0,9.73,0.012159623422458242
0,9.732,0.012172803601398345
0,9.734,0.012185906385849682
0,9.736,0.012198910391144116
0,9.738,0.012211795325152423
0,9.74,0.012224541941640892
0,9.742,0.012237131995583836
0,9.744,0.012249548200345888
0,9.746,0.012261774186656426
0,9.748,0.01227379446329874
0,9.75,0.012285594379442802
0,9.752,0.012297160088550039
0,9.754,0.0123084785137851
0,9.756,0.012319537314870467
0,9.758000000000001,0.012330324856323262
0,9.76,0.012340830177014267
0,9.762,0.01235247000492831
0,9.764,0.012365165055274949
0,9.766,0.012378839567910967
0,9.768,0.01239342115880799
0,9.77,0.012408840677843525
0,9.772,0.012425032072645588
0,9.774000000000001,0.012441932258230077
0,9.776,0.012459480992180978
0,9.778,0.012477620755135583
0,9.78,0.012496296636341527
0,9.782,0.012515456224068036
0,9.784,0.012535049500660134
0,9.786,0.012555028742031352
0,9.788,0.012575348421405147
0,9.790000000000001,0.012595965117118425
0,9.792,0.012616837424310601
0,9.794,0.012637925870329003
0,9.796,0.012659192833690975
0,9.798,0.012680602466446277
0,9.8,0.012702120619794689
0,9.802,0.012723714772816084
0,9.804,0.012745353964180544
0,9.806000000000001,0.012767008726708629
0,9.808,0.012788651024660385
0,9.81,0.012810254193635734
0,9.812,0.012831792882974013
0,9.814,0.012853243000545628
0,9.816,0.012874581659835842
0,9.818,0.012895787129220381
0,9.82,0.01291683878334101
0,9.822000000000001,0.012937717056492826
0,9.824,0.012958403397937607
0,9.826,0.012978880229060515
0,9.828,0.012999130902295273
0,9.83,0.013019139661740335
0,9.832,0.013038891605398496
0,9.834,0.013058372648968662
0,9.836,0.013077569491126198
0,9.838000000000001,0.013096469580231194
0,9.84,0.013115061082402419
0,9.842,0.013134546208207299
0,9.844,0.01315485291343134
0,9.846,0.01317591232827122
0,9.848,0.013197658627600082
0,9.85,0.013220028906594837
0,9.852,0.013242963061493277
0,9.854000000000001,0.013266403675260757
0,9.856,0.013290295907953968
0,9.858,0.013314587391581914
0,9.86,0.013339228129271906
0,9.862,0.01336417039855512
0,9.864,0.013389368658600201
0,9.866,0.013414779461224428
0,9.868,0.01344036136552443
0,9.870000000000001,0.013466074855975249
0,9.872,0.013491882263849769
0,9.874,0.01351774769182194
0,9.876,0.01354363694162025
0,9.878,0.01356951744460358
0,9.88,0.013595358195141561
0,9.882,0.013621319936500552
0,9.884,0.013647368866818079
0,9.886000000000001,0.013673472789444247
0,9.888,0.013699601046352441
0,9.89,0.013725724454289172
0,9.892,0.013751815243546317
0,9.894,0.01377784699924728
0,9.896,0.013803794605038658
0,9.898,0.013829634189089711
0,9.9,0.013855343072300361
0,9.902000000000001,0.01388089971862754
0,9.904,0.013906283687439458
0,9.906,0.013931475587815496
0,9.908,0.013956457034708597
0,9.91,0.013981210606894532
0,9.912,0.014005719806633869
0,9.914,0.014029969020973868
0,9.916,0.014053943484624937
0,9.918000000000001,0.014077629244345934
0,9.92,0.014101013124774587
0,9.922,0.014124082695646797
0,9.924,0.01414682624034355
0,9.926,0.014169232725715691
0,9.928,0.014191291773129711
0,9.93,0.014212993630688066
0,9.932,0.01423432914657393
0,9.934000000000001,0.014255289743475449
0,9.936,0.0142758673940451
0,9.938,0.01429605459735168
0,9.94,0.014315844356286543
0,9.942,0.014335230155881276
0,9.944,0.0143542059425044
0,9.946,0.014372766103898408
0,9.948,0.014390905450023615
0,9.950000000000001,0.014408619194677412
0,9.952,0.01442590293785616
0,9.954,0.01444275264883013
0,9.956,0.014459164649903444
0,9.958,0.014475135600829678
0,9.96,0.014490662483858658
0,9.962,0.014506949904772004
0,9.964,0.01452393484441775
0,9.966000000000001,0.014541557023962814
0,9.968,0.01455975879543778
0,9.97,0.0145784850366463
0,9.972,0.01459768305026227
0,9.974,0.014617302466942518
0,9.976,0.01463729515229202
0,9.978,0.014657615117525322
0,9.98,0.01467821843367327
0,9.982000000000001,0.014699063149193057
0,9.984,0.014720109210841856
0,9.986,0.014741318387683978
0,9.988,0.014762654198105256
0,9.99,0.014784081839711147
0,9.992,0.014805568121997252
0,9.994,0.01482708140167677
0,9.996,0.014848591520560483
0,9.998,0.014870069745888176
0,10.0,0.014891488713011325
0,10.002,0.014911617154533312
0,10.004,0.014930490597491835
0,10.006,0.014948143341046296
0,10.008000000000001,0.01496460850273687
0,10.01,0.01497991806294868
0,10.012,0.01499410290765139
0,10.014,0.015007192869482626
0,10.016,0.01501921676723709
0,10.018,0.015030202443827271
0,10.02,0.0150401768027725
0,10.022,0.015049165843274787
0,10.024000000000001,0.015057194693938371
0,10.026,0.015064287645184108
0,10.028,0.01507046818041019
0,10.03,0.015075759005950153
0,10.032,0.015080182079872637
0,10.034,0.01508375863967069
0,10.036,0.015086509228882694
0,10.038,0.015088453722687368
0,10.040000000000001,0.015089611352513521
0,10.042,0.01509137928241534
0,10.044,0.0150937107372971
0,10.046,0.015096560965340226
0,10.048,0.015099887157485833
0,10.05,0.015103648370087935
0,10.052,0.01510780545060958
0,10.054,0.015112320966244786
0,10.056000000000001,0.015117159135348378
0,10.058,0.015122285761565957
0,10.06,0.015127668170554819
0,10.062,0.015133275149195251
0,10.064,0.015139076887193027
0,10.066,0.015145044920979638
0,10.068,0.015151152079817454
0,10.07,0.015157372434025339
0,10.072000000000001,0.015163681245239712
0,10.074,0.015170054918629302
0,10.076,0.015176470956989064
0,10.078,0.015182907916637501
0,10.08,0.015189345365045162
0,10.082,0.015196965695749258
0,10.084,0.015205690536059134
0,10.086,0.015215444800882471
0,10.088000000000001,0.015226156564090716
0,10.09,0.015237756934887702
0,10.092,0.01525017993898898
0,10.094,0.015263362404421556
0,10.096,0.01527724385176367
0,10.098,0.015291766388650818
0,10.1,0.015306874608380466
0,10.102,0.01532251549245399
0,10.104000000000001,0.015338638316904284
0,10.106,0.015355194562257528
0,10.108,0.015372137826988506
0,10.11,0.01538942374433294
0,10.112,0.015407009902325892
0,10.114,0.01542485576693695
0,10.116,0.015442922608187417
0,10.118,0.015461173429126212
0,10.120000000000001,0.015479572897558356
0,10.122,0.015498087280416607
0,10.124,0.015516684380672037
0,10.126,0.015535333476688635
0,10.128,0.015554005263921521
0,10.13,0.015572671798874267
0,10.132,0.015591306445220747
0,10.134,0.015609883822012883
0,10.136000000000001,0.015628379753890996
0,10.138,0.015646771223218586
0,10.14,0.015665036324069348
0,10.142,0.015683154217992663
0,10.144,0.015701105091488702
0,10.146,0.015718870115129544
0,10.148,0.01573643140425909
0,10.15,0.015753771981213326
0,10.152000000000001,0.01577087573900184
0,10.154,0.01578772740639314
0,10.156,0.015804312514350362
0,10.158,0.015820617363765485
0,10.16,0.015836628994441767
0,10.162,0.015853690217910665
0,10.164,0.015871726581521844
0,10.166,0.01589066677108407
0,10.168000000000001,0.0159104424886127
0,10.17,0.01593098833478431
0,10.172,0.01595224169592028
0,10.174,0.015974142635322736
0,10.176,0.015996633788797447
0,10.178,0.01601966026420312
0,10.18,0.016043169544869142
0,10.182,0.016067111396736892
0,10.184000000000001,0.016091437779077747
0,10.186,0.0161161027586523
0,10.188,0.016141062427175664
0,10.19,0.016166274821964442
0,10.192,0.016191699849639533
0,10.194,0.01621729921276884
0,10.196,0.016243036339336752
0,10.198,0.016268876314928692
0,10.200000000000001,0.01629478581753016
0,10.202,0.016320733054835206
0,10.204,0.01634668770397112
0,10.206,0.016372620853543594
0,10.208,0.016398504947914255
0,10.21,0.016424313733624598
0,10.212,0.016450022207882498
0,10.214,0.01647560656903308
0,10.216000000000001,0.016501044168937246
0,10.218,0.01652631346718346
0,10.22,0.01655139398706293
0,10.222,0.01657626627324179
0,10.224,0.016600911851060895
0,10.226,0.01662531318740538
0,10.228,0.016649453653080723
0,10.23,0.016673317486637
0,10.232000000000001,0.01669688975958858
0,10.234,0.01672015634297199
0,10.236,0.016743103875193052
0,10.238,0.016765719731112953
0,10.24,0.016787991992325228
0,10.242,0.01680990941857857
0,10.244,0.01683146142030102
0,10.246,0.01685263803218349
0,10.248,0.016873429887781684
0,10.25,0.016893828195097927
0,10.252,0.016913824713104063
0,10.254,0.016933411729171007
0,10.256,0.01695258203736881
0,10.258000000000001,0.016971328917604014
0,10.26,0.016989646115563327
0,10.262,0.017007527823431002
0,10.264,0.01702496866135154
0,10.266,0.0170419636596089
0,10.268,0.01705850824149381
0,10.27,0.01707459820683516
0,10.272,0.017090229716166198
0,10.274000000000001,0.017105399275506167
0,10.276,0.017120103721728657
0,10.278,0.017134340208498484
0,10.28,0.01714810619275321
0,10.282,0.01714493329987145
0,10.284,0.0171255819934701
0,10.286,0.01709078408565123
0,10.288,0.017041243820405446
0,10.290000000000001,0.016977638919137575
0,10.292,0.01690062158889646
0,10.294,0.01681081949420128
0,10.296,0.016708836693556484
0,10.298,0.016595254541892226
0,10.3,0.016470632560263244
0,10.302,0.016335509274199654
0,10.304,0.016190403022138086
0,10.306000000000001,0.016035812735386006
0,10.308,0.01587221869107823
0,10.31,0.015700083239592332
0,10.312,0.015519851507891988
0,10.314,0.015331952080267757
0,10.316,0.015136797657958233
0,10.318,0.014934785699141612
0,10.32,0.014726299040813922
0,10.322000000000001,0.014529459396089295
0,10.324,0.014343778720135767
0,10.326,0.014168787113903075
0,10.328,0.014004032226445197
0,10.33,0.013849078672231611
0,10.332,0.01370350746324888
0,10.334,0.013566915455700716
0,10.336,0.013438914811115978
0,10.338000000000001,0.013319132471684387
0,10.34,0.013207209649640889
0,10.342,0.0131028013305279
0,10.344,0.013005575790165627
0,10.346,0.012915214125165414
0,10.348,0.012831409796820254
0,10.35,0.012753868188205446
0,10.352,0.012682306174323138
0,10.354000000000001,0.012616451705117009
0,10.356,0.012556043401179913
0,10.358,0.012500830161972398
0,10.36,0.012450570786359862
0,10.362,0.012405033605270127
0,10.364,0.012363996126265785
0,10.366,0.012327244689813964
0,10.368,0.012294574137030972
0,10.370000000000001,0.01226578748866928
0,10.372,0.012240695635106597
0,10.374,0.012219117037089926
0,10.376,0.012200877436982394
0,10.378,0.012185809580249684
0,10.38,0.01217375294692789
0,10.382,0.012164553492798836
0,10.384,0.01215806340000751
0,10.386000000000001,0.012154140836846204
0,10.388,0.01215264972643431
0,10.39,0.012153459524018972
0,10.392,0.012156445002627492
0,10.394,0.012161486046799156
0,10.396,0.012168467454131537
0,10.398,0.012177278744375478
0,10.4,0.012187813975821839
0,10.402000000000001,0.01219877591673054
0,10.404,0.01221012551938567
0,10.406,0.012221825446343803
0,10.408,0.012233840003036024
0,10.41,0.012246135072983456
0,10.412,0.012258678055526023
0,10.414,0.01227143780596919
0,10.416,0.012284384578053371
0,10.418000000000001,0.012297489968657222
0,10.42,0.012310726864649547
0,10.422,0.012324069391803439
0,10.424,0.012337492865696322
0,10.426,0.012350973744515138
0,10.428,0.012364489583696412
0,10.43,0.012378018992326054
0,10.432,0.012391541591232586
0,10.434000000000001,0.01240503797270783
0,10.436,0.012418489661790504
0,10.438,0.012431879079052474
0,10.44,0.012445189504829885
0,10.442,0.01245840504484071
0,10.444,0.01247151059713691
0,10.446,0.012484491820337942
0,10.448,0.012497335103096217
0,10.450000000000001,0.012510027534745631
0,10.452,0.012522556877088576
0,10.454,0.012534911537275515
0,10.456,0.012547080541736115
0,10.458,0.012559053511119437
0,10.46,0.012570820636205194
0,10.462,0.012582372654748125
0,10.464,0.012593700829218128
0,10.466000000000001,0.01260479692540336
0,10.468,0.012615653191841094
0,10.47,0.012626262340044155
0,10.472,0.01263661752549437
0,10.474,0.012646712329370209
0,10.476,0.012656540740982547
0,10.478,0.012666097140889782
0,10.48,0.012675376284666473
0,10.482000000000001,0.012686854390172796
0,10.484,0.012700410201306033
0,10.486,0.012715927369929422
0,10.488,0.012733294265885755
0,10.49,0.01275240379440572
0,10.492,0.01277315322063179
0,10.494,0.012795444000987245
0,10.496,0.012819181621128486
0,10.498,0.012844275440223903
0,10.5,0.012870638541313147
0,10.502,0.012898187587505546
0,10.504,0.012926842683789894
0,10.506,0.012956527244229014
0,10.508000000000001,0.012987167864326115
0,10.51,0.013018694198356951
0,10.512,0.013051038841466503
0,10.514,0.013084137216342058
0,10.516,0.013117927464276702
0,10.518,0.013152350340448909
0,10.52,0.01318734911324793
0,10.522,0.013222869467484294
0,10.524000000000001,0.013258859411329059
0,10.526,0.01329526918683401
0,10.528,0.013332051183888458
0,10.53,0.013369159857478361
0,10.532,0.013406551648114516
0,10.534,0.013444184905306399
0,10.536,0.013482019813959039
0,10.538,0.013520018323580834
0,10.540000000000001,0.013558144080188773
0,10.542,0.013596362360807612
0,10.544,0.01363464001046052
0,10.546,0.013672945381554684
0,10.548,0.013711248275567692
0,10.55,0.01374951988694649
0,10.552,0.013787732749133067
0,10.554,0.0138258606826335
0,10.556000000000001,0.01386387874505366
0,10.558,0.01390176318302359
0,10.56,0.013939491385940415
0,10.562,0.013977041841458036
0,10.564,0.014014394092657478
0,10.566,0.014051528696834945
0,10.568,0.014088427185843563
0,10.57,0.01412507202793137
0,10.572000000000001,0.014161446591018874
0,10.574,0.014197535107359317
0,10.576,0.014233322639532297
0,10.578,0.014268795047718101
0,10.58,0.014303938958204618
0,10.582,0.014338741733080947
0,10.584,0.01437319144107271
0,10.586,0.014407276829474847
0,10.588000000000001,0.01444098729714316
0,10.59,0.014474312868501758
0,10.592,0.014507244168529373
0,10.594,0.014539772398690375
0,10.596,0.01457188931376838
0,10.598,0.014603587199577208
0,10.6,0.014634858851508364
0,10.602,0.014666965742152736
0,10.604000000000001,0.014699844482304112
0,10.606,0.014733434322177712
0,10.608,0.01476767705097801
0,10.61,0.014802516900267916
0,10.612,0.01483790045099329
0,10.614,0.014873776544023201
0,10.616,0.01491009619406944
0,10.618,0.014946812506856073
0,10.620000000000001,0.014983880599416076
0,10.622,0.015021257523391184
0,10.624,0.015058902191223465
0,10.626,0.015096775305126051
0,10.628,0.015134839288726866
0,10.63,0.015173058221283082
0,10.632,0.015211397774368758
0,10.634,0.015249825150940137
0,10.636000000000001,0.015288309026689144
0,10.638,0.01532681949359694
0,10.64,0.015365328005604627
0,10.642,0.015403807326320754
0,10.644,0.015442231478687125
0,10.646,0.015480575696530413
0,10.648,0.015518816377927075
0,10.65,0.01555693104031307
0,10.652000000000001,0.01559489827727335
0,10.654,0.015632697716946548
0,10.656,0.01567030998198463
0,10.658,0.015707716651009233
0,10.66,0.01574490022150802
0,10.662,0.015781844074116355
0,10.664,0.015818532438234372
0,10.666,0.01585495035892599
0,10.668000000000001,0.015891083665055723
0,10.67,0.015926918938613227
0,10.672,0.01596244348518457
0,10.674,0.015997645305524184
0,10.676,0.016032513068188765
0,10.678,0.016067036083192397
0,10.68,0.016101204276645357
0,10.682,0.01613500816633824
0,10.684000000000001,0.016168438838239728
0,10.686,0.016201487923869357
0,10.688,0.0162341475785173
0,10.69,0.01626641046027558
0,10.692,0.01629826970985458
0,10.694,0.016329718931151056
0,10.696,0.016360752172544818
0,10.698,0.01639136390889232
0,10.700000000000001,0.016421549024194827
0,10.702,0.01645130279491449
0,10.704,0.01648062087391398
0,10.706,0.016509499274997938
0,10.708,0.016537934358032767
0,10.71,0.01656592281462414
0,10.712,0.016593461654330694
0,10.714,0.01662054819139524
0,10.716000000000001,0.016647180031973165
0,10.718,0.016673355061840648
0,10.72,0.01669907143456416
0,10.722,0.01672548786541328
0,10.724,0.016752547863293346
0,10.726,0.01678019726533554
0,10.728,0.01680838415090264
0,10.73,0.016837058758714604
0,10.732000000000001,0.016866173406982335
0,10.734,0.016895682416436755
0,10.736,0.01692554203615195
0,10.738,0.016955710372058445
0,10.74,0.016986147318049077
0,10.742,0.01701681448958528
0,10.744,0.017047675159711177
0,10.746,0.01707869419738868
0,10.748000000000001,0.0171098380080704
0,10.75,0.017141074476428438
0,10.752,0.017172372911161003
0,10.754,0.017203703991802436
0,10.756,0.017235039717462628
0,10.758000000000001,0.017266353357428585
0,10.76,0.017297619403557275
0,10.762,0.01732890256031709
0,10.764,0.017360179067249685
0,10.766,0.017391426254434607
0,10.768,0.01742262250097949
0,10.77,0.017453747195039997
0,10.772,0.017484780695312653
0,10.774000000000001,0.01751570429394827
0,10.776,0.017546500180830232
0,10.778,0.017577151409170638
0,10.78,0.01760764186237359
0,10.782,0.01763795622212033
0,10.784,0.01766807993763017
0,10.786,0.017697999196054085
0,10.788,0.01772770089396025
0,10.790000000000001,0.01775717260986995
0,10.792,0.0177864025778062
0,10.794,0.01781537966181707
0,10.796,0.017844093331439062
0,10.798,0.017872533638064007
0,10.8,0.017900691192179033
0,10.802,0.017928557141444073
0,10.804,0.017956123149579704
0,10.806000000000001,0.01798338137603276
0,10.808,0.01801032445639292
0,10.81,0.018036945483532053
0,10.812,0.018063237989439127
0,10.814,0.01808919592772699
0,10.816,0.01811481365678432
0,10.818,0.018140085923550917
0,10.82,0.01816500784789175
0,10.822000000000001,0.018189574907549647
0,10.824,0.01821378292365392
0,10.826,0.01823762804676549
0,10.828,0.018261106743438314
0,10.83,0.01828421578327885
0,10.832,0.01830695222648519
0,10.834,0.018329313411846928
0,10.836,0.018351296945191935
0,10.838000000000001,0.01837290068826046
0,10.84,0.018394122747993395
0,10.842,0.01839748029217105
0,10.844,0.018383756567110738
0,10.846,0.01835370656039528
0,10.848,0.018308057995109813
0,10.85,0.018247512293257495
0,10.852,0.018172745508272005
0,10.854000000000001,0.01808440922688848
0,10.856,0.01798313144089341
0,10.858,0.017869517389453565
0,10.86,0.017744150372856673
0,10.862,0.017607592538586646
0,10.864,0.01746038564071569
0,10.866,0.017303051773640946
0,10.868,0.017136094081212895
0,10.870000000000001,0.016959997442324872
0,10.872,0.01677522913403603
0,10.874,0.01658223947330677
0,10.876,0.016381462438431717
0,10.878,0.016173316271253617
0,10.88,0.015958204061253974
0,10.882,0.0157539636822694
0,10.884,0.015560167891421065
0,10.886000000000001,0.015376404618191885
0,10.888,0.015202276481002046
0,10.89,0.015037400315882334
0,10.892,0.01488140671705544
0,10.894,0.014733939589239495
0,10.896,0.014594655711500527
0,10.898,0.01446322431248354
0,10.9,0.01433932665686198
0,10.902000000000001,0.014222655642848409
0,10.904,0.014112915410614461
0,10.906,0.014009820961470415
0,10.908,0.013913097787657324
0,10.91,0.013822481512605067
0,10.912,0.013737717541508853
0,10.914,0.013658560722074484
0,10.916,0.013584775015282073
0,10.918000000000001,0.013516133176012801
0,10.92,0.013452416443379666
0,10.922,0.013393414240600405
0,10.924,0.01333892388424289
0,10.926,0.013288750302671674
0,10.928,0.01324270576351845
0,10.93,0.013200609609991235
0,10.932,0.01316228800583933
0,10.934000000000001,0.013127573688779147
0,10.936,0.013096305732187419
0,10.938,0.013068329314864454
0,10.94,0.013043495498663574
0,10.942,0.013021661013785638
0,10.944,0.013002688051532506
0,10.946,0.012986444064314581
0,10.948,0.012972801572704236
0,10.950000000000001,0.012961637979331411
0,10.952,0.012952835389414176
0,10.954,0.0129462804377216
0,10.956,0.012941864121766306
0,10.958,0.012939481641027826
0,10.96,0.012939032242009
0,10.962,0.01294041906893228
0,10.964,0.012943549019886067
0,10.966000000000001,0.012948332608234895
0,10.968,0.012954683829110043
0,10.97,0.012962520030804546
0,10.972,0.012971761790898099
0,10.974,0.012982332796942575
0,10.976,0.012994159731546245
0,10.978,0.013007172161694038
0,10.98,0.013021302432152925
0,10.982000000000001,0.013036485562809742
0,10.984,0.0130526591497995
0,10.986,0.013069763270280324
0,10.988,0.013087740390724021
0,10.99,0.01310653527858857
0,10.992,0.0131260949172472
0,10.994,0.013146368424053008
0,10.996,0.013167306971420947
0,10.998000000000001,0.013188863710816283
0,11.0,0.013210993699537212
0,11.002,0.013234869369885
0,11.004,0.013260395614633
0,11.006,0.013287481060479708
0,11.008000000000001,0.013316037929181712
0,11.01,0.013345981903894438
0,11.012,0.013377232000525837
0,11.014,0.013409710443913926
0,11.016,0.013443342548644033
0,11.018,0.01347805660433144
0,11.02,0.013513783765195906
0,11.022,0.013550457943764398
0,11.024000000000001,0.013588015708544223
0,11.026,0.013626396185512788
0,11.028,0.013665540963276582
0,11.03,0.013705394001758936
0,11.032,0.013745901544279777
0,11.034,0.013787012032898007
0,11.036,0.013828676026889291
0,11.038,0.013870846124240034
0,11.040000000000001,0.013913476886041899
0,11.042,0.01395652476367579
0,11.044,0.013999948028677614
0,11.046,0.014043706705185802
0,11.048,0.014087762504870458
0,11.05,0.01413207876425148
0,11.052,0.014176620384313337
0,11.054,0.014221353772332482
0,11.056000000000001,0.014266246785832127
0,11.058,0.014311268678584722
0,11.06,0.014356390048585849
0,11.062,0.014401582787926671
0,11.064,0.014446820034491638
0,11.066,0.014492076125416491
0,11.068,0.014537326552239401
0,11.07,0.014582547917682511
0,11.072000000000001,0.014627717894005257
0,11.074,0.014672815182869498
0,11.076,0.01471781947666164
0,11.078,0.014762711421219073
0,11.08,0.014807472579907612
0,11.082,0.014852085399002407
0,11.084,0.014896533174322775
0,11.086,0.01494080001907692
0,11.088000000000001,0.014984870832871228
0,11.09,0.01502873127184225
0,11.092,0.015072367719870769
0,11.094,0.015115767260837689
0,11.096,0.01515891765188531
0,11.098,0.015201807297646664
0,11.1,0.015244425225408103
0,11.102,0.015286761061171045
0,11.104000000000001,0.015328805006581675
0,11.106,0.015370547816695255
0,11.108,0.015411980778546436
0,11.11,0.01545309569049663
0,11.112,0.015493884842328932
0,11.114,0.015534340996065474
0,11.116,0.01557445736748041
0,11.118,0.015614227608282572
0,11.120000000000001,0.015653645788946007
0,11.122,0.01569386568641028
0,11.124,0.01573482789428799
0,11.126,0.015776475390719073
0,11.128,0.01581875345235959
0,11.13,0.01586160957142039
0,11.132,0.015904993375643817
0,11.134,0.015948856551114093
0,11.136000000000001,0.015993152767800334
0,11.138,0.016037837607733134
0,11.14,0.01608286849572133
0,11.142,0.016128204632518923
0,11.144,0.0161738069303545
0,11.146,0.016219637950739114
0,11.148,0.0162656618444723
0,11.15,0.016311844293768325
0,11.152000000000001,0.01635815245642745
0,11.154,0.016404554911980146
0,11.156,0.016451021609734627
0,11.158,0.016497523818661004
0,11.16,0.01654403407904656
0,11.162,0.016590570168690075
0,11.164,0.01663710873799369
0,11.166,0.016683627495797212
0,11.168000000000001,0.01673010516982405
0,11.17,0.016776521468556287
0,11.172,0.01682285704448548
0,11.174,0.016869093458691007
0,11.176,0.016915213146696466
0,11.178,0.01696119938555908
0,11.18,0.01700703626214677
0,11.182,0.017052708642559512
0,11.184000000000001,0.01709820214265504
0,11.186,0.017143503099638035
0,11.188,0.01718859854467371
0,11.19,0.017233476176491097
0,11.192,0.017278124335937353
0,11.194,0.017322531981452022
0,11.196,0.017366688665424942
0,11.198,0.017410584511408513
0,11.200000000000001,0.01745421019215255
0,11.202,0.017497556908431515
0,11.204,0.01754061636863711
0,11.206,0.017583380769107163
0,11.208,0.017625842775165976
0,11.21,0.017667995502849008
0,11.212,0.017709832501288707
0,11.214,0.01775134773573651
0,11.216000000000001,0.017792535571199333
0,11.218,0.0178333907566678
0,11.22,0.01787390840991547
0,11.222,0.017914084002848375
0,11.224,0.01795391334738464
0,11.226,0.01799339258184696
0,11.228,0.01803251815784683
0,11.23,0.01807128682764619
0,11.232000000000001,0.018109695631976466
0,11.234,0.018147741888300425
0,11.236,0.018185423179500525
0,11.238,0.018222737342978967
0,11.24,0.018259682460153193
0,11.242,0.01829966085155469
0,11.244,0.018342512347369277
0,11.246,0.01838808283592417
0,11.248000000000001,0.01843622405218206
0,11.25,0.018486793373413166
0,11.252,0.01853965362180331
0,11.254,0.018594672873767423
0,11.256,0.01865172427574046
0,11.258000000000001,0.018710685866232004
0,11.26,0.018771440403933096
0,11.262,0.01883387520167444
0,11.264,0.018897881966039625
0,11.266,0.01896335664244694
0,11.268,0.019030199265515794
0,11.27,0.019098313814543917
0,11.272,0.01916760807392355
0,11.274000000000001,0.01923799349833455
0,11.276,0.019309385082553976
0,11.278,0.019381701235730485
0,11.28,0.01945486365997271
0,11.282,0.019508509337777574
0,11.284,0.01954346754970025
0,11.286,0.0195605380491044
0,11.288,0.01956049209976853
0,11.290000000000001,0.019544073477809256
0,11.292,0.01951199943855337
0,11.294,0.019464961649197123
0,11.296,0.019403627088224316
0,11.298,0.019328638912646096
0,11.3,0.019240617294171144
0,11.302,0.019140160225442383
0,11.304,0.019027844297482586
0,11.306000000000001,0.018904225449479915
0,11.308,0.01876983969203434
0,11.31,0.01862520380495615
0,11.312,0.018470816010687487
0,11.314,0.018307156624385687
0,11.316,0.018134688681678845
0,11.318,0.017953858545075696
0,11.32,0.017765096489982615
0,11.322000000000001,0.017567599815004775
0,11.324,0.017361824581950448
0,11.326,0.017148210370025094
0,11.328,0.01692718085885606
0,11.33,0.01669914439286317
0,11.332,0.016464494527954263
0,11.334,0.016223610561517207
0,11.336,0.015976858046673766
0,11.338000000000001,0.01572458929176256
0,11.34,0.01546714384602557
0,11.342,0.01520484897249425
0,11.344,0.01493802010909532
0,11.346,0.014666961319038623
0,11.348,0.014391965731601146
0,11.35,0.01411331597449188
0,11.352,0.013831284599068289
0,11.354000000000001,0.01354613449978951
0,11.356,0.013258119329426993
0,11.358,0.012967483911726996
0,11.36,0.01267446465343215
0,11.362,0.0123973268873585
0,11.364,0.012135455377252961
0,11.366,0.011888255814919353
0,11.368,0.011655154224320917
0,11.370000000000001,0.011435596382601805
0,11.372,0.011229047257061777
0,11.374,0.011034990457072865
0,11.376,0.010852927699910444
0,11.378,0.010682378289475797
0,11.38,0.010522878606917207
0,11.382,0.010373981612210582
0,11.384,0.010235256355831982
0,11.386000000000001,0.010106287499750882
0,11.388,0.009986674847073922
0,11.39,0.009876032879789592
0,11.392,0.009773990304185694
0,11.394,0.009680189603635508
0,11.396,0.009594286598569588
0,11.398,0.009515950013567556
0,11.4,0.00944486105160405
0,11.402000000000001,0.009380712975581015
0,11.404,0.00932321069734985
0,11.406,0.00927207037449027
0,11.408,0.009227019015156733
0,11.41,0.009187794091327346
0,11.412,0.009154143160803468
0,11.414,0.009125823498301579
0,11.416,0.009102601735963738
0,11.418000000000001,0.009084253513581443
0,11.42,0.009070563138790327
0,11.422,0.009061323257449511
0,11.424,0.009056334534366283
0,11.426,0.009055405344475109
0,11.428,0.009058351474526508
0,11.43,0.009064995835286123
0,11.432,0.009075168184193442
0,11.434000000000001,0.009088704858380843
0,11.436,0.009105448517909993
0,11.438,0.009125247899041133
0,11.44,0.009147957577315763
0,11.442,0.009173437740206366
0,11.444,0.009201553969057441
0,11.446,0.00923217703002638
0,11.448,0.00926518267371633
0,11.450000000000001,0.0093004514431826
0,11.452,0.00933786848998924
0,11.454,0.00937732339798824
0,11.456,0.00941871001449533
0,11.458,0.009461926288540926
0,11.46,0.00950687411587753
0,11.462,0.009553459190434948
0,11.464,0.009601590861924506
0,11.466000000000001,0.009651181999300072
0,11.468,0.009702148859799663
0,11.47,0.00975441096329985
0,11.472,0.009807890971728055
0,11.474,0.00986251457329104
0,11.476,0.00991821037128986
0,11.478,0.009974909777302381
0,11.48,0.010032546908527337
0,11.482000000000001,0.010091058489095561
0,11.484,0.010150383755164314
0,11.486,0.010210464363621063
0,11.488,0.0102712443042329
0,11.49,0.010332669815089004
0,11.492,0.010394689301188996
0,11.494,0.010457253256041774
0,11.496,0.010520314186144927
0,11.498000000000001,0.01058382653822336
0,11.5,0.010647746629112113
0,11.502,0.010712032578175146
0,11.504,0.010776644242155718
0,11.506,0.010841543152363938
0,11.508000000000001,0.010906692454106427
0,11.51,0.01097205684827295
0,11.512,0.011037602534995535
0,11.514000000000001,0.011103297159302238
0,11.516,0.011169109758689549
0,11.518,0.011235010712542544
0,11.52,0.01130097169333466
0,11.522,0.011366965619541128
0,11.524000000000001,0.011432966610204374
0,11.526,0.01149894994109228
0,11.528,0.01156489200239074
0,11.53,0.011630770257877574
0,11.532,0.01169656320552495
0,11.534,0.011762250339477613
0,11.536,0.011827812113363489
0,11.538,0.011893229904884284
0,11.540000000000001,0.011958485981646467
0,11.542,0.012023563468186156
0,11.544,0.012088446314148207
0,11.546,0.012153119263579221
0,11.548,0.012217567825295044
0,11.55,0.01228177824428799
0,11.552,0.01234573747413474
0,11.554,0.012409433150373517
0,11.556000000000001,0.012472853564815372
0,11.558,0.01253598764075802
0,11.56,0.012598824909071327
0,11.562,0.01266253028519034
0,11.564,0.012727043741993653
0,11.566,0.01279230764879056
0,11.568,0.01285826668449568
0,11.57,0.012924867753959542
0,11.572000000000001,0.012992059907330381
0,11.574,0.01305979426233
0,11.576,0.013128023929333302
0,11.578,0.013196703939142474
0,11.58,0.013265791173353919
0,11.582,0.013335244297220104
0,11.584,0.013405023694913068
0,11.586,0.01347509140709823
0,11.588000000000001,0.013545411070734389
0,11.59,0.013615947861015911
0,11.592,0.013686668435379478
0,11.594,0.013757540879499234
0,11.596,0.013828534655197322
0,11.598,0.013899620550200472
0,11.6,0.013970770629676822
0,11.602,0.01404195818948624
0,11.604000000000001,0.01411315771108552
0,11.606,0.014184344818026271
0,11.608,0.0142554962339914
0,11.61,0.014326589742312209
0,11.612,0.01439760414691583
0,11.614,0.014468519234652423
0,11.616,0.01453931573894981
0,11.618,0.014609975304753666
0,11.620000000000001,0.0146804804547033
0,11.622,0.014750814556502586
0,11.624,0.014820961791442475
0,11.626,0.014890907124034831
0,11.628,0.014960636272718554
0,11.63,0.015030135681601171
0,11.632,0.01509939249319745
0,11.634,0.015168394522133465
0,11.636000000000001,0.015237130229778554
0,11.638,0.01530558869977549
0,11.64,0.01537375961443661
0,11.642,0.0154416332319743
0,11.644,0.01550920036453937
0,11.646,0.015576452357036545
0,11.648,0.01564338106669126
0,11.65,0.015709978843340987
0,11.652000000000001,0.01577623851042615
0,11.654,0.01584215334665632
0,11.656,0.01590771706832684
0,11.658,0.015972923812265304
0,11.66,0.016037768119383743
0,11.662,0.016102244918817506
0,11.664,0.016166349512627298
0,11.666,0.01623007756104892
0,11.668000000000001,0.016293425068267062
0,11.67,0.016356388368698887
0,11.672,0.016418964113766095
0,11.674,0.01648114925914134
0,11.676,0.016542941052450428
0,11.678,0.016604337021415057
0,11.68,0.0166653349624211
0,11.682,0.016729336342005425
0,11.684000000000001,0.01679618084170676
0,11.686,0.016865714172525414
0,11.688,0.01693778786754044
0,11.69,0.017012259081342757
0,11.692,0.01708899039606407
0,11.694,0.017167849633787337
0,11.696,0.017248709675134196
0,11.698,0.017331448283833824
0,11.700000000000001,0.017415947937082836
0,11.702,0.017502095661513818
0,11.704,0.01758978287459719
0,11.706,0.017678905231304574
0,11.708,0.017769362475871724
0,11.71,0.017861058298498347
0,11.712,0.01795390019683381
0,11.714,0.01804779934209694
0,11.716000000000001,0.018142670449685844
0,11.718,0.01823843165413628
0,11.72,0.018335004388292508
0,11.722,0.018412293488507217
0,11.724,0.018471111103866
0,11.726,0.018512240503769924
0,11.728,0.01853643709474936
0,11.73,0.018544429400304718
0,11.732000000000001,0.0185369200048383
0,11.734,0.018514586462846584
0,11.736,0.01847808217458901
0,11.738,0.01842803722947503
0,11.74,0.018365059218407417
0,11.742,0.0182897340163048
0,11.744,0.018202626536000025
0,11.746,0.018104281454674718
0,11.748000000000001,0.017995223913955423
0,11.75,0.01787596019475433
0,11.752,0.017746978367895423
0,11.754,0.01760874892152865
0,11.756,0.01746172536628831
0,11.758000000000001,0.01730634481911697
0,11.76,0.01714302856663468
0,11.762,0.016970975246802168
0,11.764000000000001,0.016790631849733673
0,11.766,0.0166024291038198
0,11.768,0.016406782033042935
0,11.77,0.016204090494986723
0,11.772,0.015994739700347243
0,11.774000000000001,0.01577910071472451
0,11.776,0.015557530943439502
0,11.778,0.015330374600096069
0,11.78,0.015097963159579206
0,11.782,0.014860615796160609
0,11.784,0.014618639807361736
0,11.786,0.014372331024207225
0,11.788,0.01412197420848992
0,11.790000000000001,0.013867843437655951
0,11.792,0.013610202477914302
0,11.794,0.013349305146171532
0,11.796,0.013085395661394624
0,11.798,0.012818708986014773
0,11.8,0.012549471157996282
0,11.802,0.012295742040593288
0,11.804,0.012056929241881944
0,11.806000000000001,0.011832460696278661
0,11.808,0.011621784052546418
0,11.81,0.011424366076736801
0,11.812,0.011239692069614076
0,11.814,0.011067265298113882
0,11.816,0.010906606440408006
0,11.818,0.010757253044169477
0,11.82,0.010618758997663668
0,11.822000000000001,0.010490694013326666
0,11.824,0.010372643123531589
0,11.826,0.01026420618828867
0,11.828,0.010164997414660802
0,11.83,0.010074644887722634
0,11.832,0.009992790112927202
0,11.834,0.00991908756977482
0,11.836,0.0098532042767115
0,11.838000000000001,0.00979481936720479
0,11.84,0.009743623676957145
0,11.842,0.009699319342234135
0,11.844,0.009661619409277384
0,11.846,0.009630247454778782
0,11.848,0.00960493721737676
0,11.85,0.009585432240126018
0,11.852,0.009571485523874924
0,11.854000000000001,0.009562859191462929
0,11.856,0.009559324162634083
0,11.858,0.009560659839533086
0,11.86,0.009566653802636656
0,11.862,0.00957710151694334
0,11.864,0.009591806048230992
0,11.866,0.009610577789166906
0,11.868,0.009633234195043954
0,11.870000000000001,0.009659599528898785
0,11.872,0.009689504615756942
0,11.874,0.00972278660574163
0,11.876,0.009759288745775255
0,11.878,0.00979886015959932
0,11.88,0.009841355635834223
0,11.882,0.009886635423804852
0,11.884,0.00993456503685372
0,11.886000000000001,0.0099850150628723
0,11.888,0.010037860981781907
0,11.89,0.010092982989704574
0,11.892,0.010150265829567951
0,11.894,0.010209598627898
0,11.896,0.010270874737561327
0,11.898,0.010333991586225045
0,11.9,0.010398850530312727
0,11.902000000000001,0.010465356714243423
0,11.904,0.010533418934748438
0,11.906,0.01060294951006883
0,11.908,0.010673864153846734
0,11.91,0.010746081853529552
0,11.912,0.010819524753115843
0,11.914,0.010894118040076412
0,11.916,0.010969789836295457
0,11.918000000000001,0.011046471092879286
0,11.92,0.011124095488689546
0,11.922,0.011202599332463604
0,11.924,0.011281921468388698
0,11.926,0.011362003185005423
0,11.928,0.011442788127317796
0,11.93,0.011524222211996157
0,11.932,0.01160625354555978
0,11.934000000000001,0.011688832345433234
0,11.936,0.011771910863775102
0,11.938,0.011855443313978887
0,11.94,0.01193938579975334
0,11.942,0.012023696246689907
0,11.944,0.012108334336231286
0,11.946,0.012193261441956002
0,11.948,0.012278440568097829
0,11.950000000000001,0.012363836290223317
0,11.952,0.012449414697990583
0,11.954,0.01253514333991839
0,11.956,0.012620991170094598
0,11.958,0.012706928496756966
0,11.96,0.012792926932682032
0,11.962,0.012880116711797372
0,11.964,0.012968417497218153
0,11.966000000000001,0.013057752123765476
0,11.968,0.013148046485225155
0,11.97,0.013239229425457699
0,11.972,0.013331232633232114
0,11.974,0.013423990540660319
0,11.976,0.013517440225114597
0,11.978,0.013611521314512058
0,11.98,0.01370617589585623
0,11.982000000000001,0.013801348426928442
0,11.984,0.013896985651023536
0,11.986,0.013993036514631503
0,11.988,0.01408945208796621
0,11.99,0.014186185488245996
0,11.992,0.014283191805636976
0,11.994,0.014380428031767752
0,11.996,0.014477852990731887
0,11.998000000000001,0.014575427272492348
0,12.0,0.014673113168610447
10,4.0,0.009196708788311858
10,4.002,0.009263135069595434
10,4.0040000000000004,0.009330614781022857
10,4.006,0.009399084015780376
10,4.008,0.009468481313497194
10,4.01,0.00953874757725135
10,4.0120000000000005,0.00961100579016943
10,4.014,0.009685150755951926
10,4.016,0.009761081228461813
10,4.018,0.009838699775636565
10,4.0200000000000005,0.009917912648205936
10,4.022,0.009998629652984169
10,4.024,0.010080764030523992
10,4.026,0.010164232336938039
10,4.0280000000000005,0.010248954329708739
10,4.03,0.010334852857320885
10,4.032,0.010421853752565666
10,4.034,0.010509885729374006
10,4.0360000000000005,0.010598880283048902
10,4.038,0.010688771593773879
10,4.04,0.010779496433283194
10,4.042,0.010870994074586124
10,4.0440000000000005,0.010963206204643723
10,4.046,0.01105607683990177
10,4.048,0.01114955224458852
10,4.05,0.011243580851689515
10,4.0520000000000005,0.011338113186516709
10,4.054,0.01143310179279067
10,4.056,0.011528501161159761
10,4.058,0.01162426766008078
10,4.0600000000000005,0.011720359468989605
10,4.062,0.011816736513692555
10,4.064,0.011913360403909824
10,4.066,0.01201019437290623
10,4.0680000000000005,0.012107203219145561
10,4.07,0.012204353249905648
10,4.072,0.01230161222679477
10,4.074,0.012398949313110459
10,4.0760000000000005,0.012496335022983043
10,4.078,0.012593741172248615
10,4.08,0.012691140830997686
10,4.082,0.01278850827774565
10,4.0840000000000005,0.012885818955174726
10,4.086,0.012983049427396311
10,4.088,0.013080177338686383
10,4.09,0.0131771813736451
10,4.0920000000000005,0.013275195341976097
10,4.094,0.01337414526197615
10,4.096,0.013473960094009398
10,4.098,0.013574571636513657
10,4.1,0.013675914425453689
10,4.102,0.01377792563711852
10,4.104,0.013880544994163158
10,4.106,0.013983714674797636
10,4.108,0.014087379225029477
10,4.11,0.014191485473865081
10,4.112,0.014295982451382533
10,4.114,0.014400821309585336
10,4.116,0.01450595524595215
10,4.118,0.014611339429598687
10,4.12,0.014716930929968805
10,4.122,0.014822688647976909
10,4.124,0.01492857324952129
10,4.126,0.015034547101293896
10,4.128,0.015140574208813094
10,4.13,0.0152466201566057
10,4.132,0.015352652050469323
10,4.134,0.015458638461747094
10,4.136,0.015564549373547244
10,4.138,0.015670356128843953
10,4.14,0.015776031380396547
10,4.142,0.015881549042426564
10,4.144,0.015986884243992517
10,4.146,0.01609201328400668
10,4.148,0.01619691358783641
10,4.15,0.016301563665438404
10,4.152,0.016405943070970732
10,4.154,0.016510032363835123
10,4.156,0.016613813071097525
10,4.158,0.016717267651242103
10,4.16,0.016820379459210267
10,4.162,0.01692313271268235
10,4.164,0.017025512459557014
10,4.166,0.017127504546588616
10,4.168,0.017229095589139893
10,4.17,0.017330272942013742
10,4.172,0.017412053028614424
10,4.174,0.01747526444488739
10,4.176,0.017520706021418527
10,4.178,0.017549147903608543
10,4.18,0.017561332587176796
10,4.182,0.0175579759113726
10,4.184,0.017539768012107226
10,4.186,0.017507374237066036
10,4.188,0.017461436024721916
10,4.19,0.017402571749044915
10,4.192,0.0173313775315857
10,4.194,0.01724842802250586
10,4.196,0.017154277152028566
10,4.198,0.017049458853696745
10,4.2,0.01693448776074018
10,4.202,0.016809859876781224
10,4.204,0.016676053222037523
10,4.206,0.016533528456114156
10,4.208,0.016382729478425045
10,4.21,0.016224084007221043
10,4.212,0.01605800413815933
10,4.214,0.015884886883297974
10,4.216,0.015705114691360045
10,4.218,0.015519055950070913
10,4.22,0.015327065471337983
10,4.222,0.01512948496001024
10,4.224,0.014926643466921713
10,4.226,0.014718857826902894
10,4.228,0.014506433082413728
10,4.23,0.014289662893435511
10,4.232,0.014068829934238173
10,4.234,0.013844206277626503
10,4.236,0.013616053767255235
10,4.238,0.01338462437859427
10,4.24,0.013150160569120892
10,4.242,0.012912895618313916
10,4.244,0.012673053958026903
10,4.246,0.01243085149382572
10,4.248,0.012186495917888557
10,4.25,0.011940187014086692
10,4.252,0.011711095452554726
10,4.2540000000000004,0.011498547327762919
10,4.256,0.011301891877771622
10,4.258,0.011120500785402663
10,4.26,0.01095376749845717
10,4.2620000000000005,0.010801106568347681
10,4.264,0.010661953006462135
10,4.266,0.010535761657545998
10,4.268,0.010422006589376767
10,4.2700000000000005,0.010320180498021
10,4.272,0.010229794127990553
10,4.274,0.010150375706664525
10,4.276,0.010081470392404989
10,4.2780000000000005,0.010022639735864793
10,4.28,0.009973461154062349
10,4.282,0.009933527416878949
10,4.284,0.009902446145705216
10,4.2860000000000005,0.009879839324041562
10,4.288,0.009865342819910722
10,4.29,0.009858605920001944
10,4.292,0.009858152351671076
10,4.2940000000000005,0.00986371201849554
10,4.296,0.009875024783945873
10,4.298,0.009891840126572371
10,4.3,0.009913916805615125
10,4.3020000000000005,0.009941022536869647
10,4.304,0.009972933678636255
10,4.306,0.010009434927576522
10,4.308,0.010050319024288814
10,4.3100000000000005,0.010095386468413658
10,4.312,0.010144445243066392
10,4.314,0.010197310548390941
10,4.316,0.010253804544021266
10,4.3180000000000005,0.010313756100232255
10,4.32,0.010377000557555879
10,4.322,0.010443379494636506
10,4.324,0.010512740504095772
10,4.3260000000000005,0.010584936976176582
10,4.328,0.010659827889935402
10,4.33,0.010737277611753257
10,4.332,0.010817155700934993
10,4.3340000000000005,0.010899336722173041
10,4.336,0.010983700064651537
10,4.338,0.011070129767569577
10,4.34,0.011158514351871797
10,4.3420000000000005,0.011248746657972822
10,4.344,0.01134072368927151
10,4.346,0.011434346461254222
10,4.348,0.011529519855992397
10,4.3500000000000005,0.011626152481845103
10,4.352,0.01172415653818349
10,4.354,0.011823447684958695
10,4.356,0.01192394491694099
10,4.358,0.012025570442464929
10,4.36,0.012128249566517963
10,4.362,0.012231910578018272
10,4.364,0.012336484641131247
10,4.366,0.012441905690480202
10,4.368,0.012548110330111429
10,4.37,0.01265503773607858
10,4.372,0.01276376184231653
10,4.374,0.012874172598130193
10,4.376,0.01298616429287222
10,4.378,0.013099635397198986
10,4.38,0.013214488410099104
10,4.382,0.013330629711486743
10,4.384,0.013447969420159115
10,4.386,0.013566421256922692
10,4.388,0.01368590241269824
10,4.39,0.013806333421425197
10,4.392,0.013927638037585559
10,4.394,0.014049743118180016
10,4.396,0.01417257850899114
10,4.398,0.014296076934976294
10,4.4,0.014420173894637206
10,4.402,0.014544807558220385
10,4.404,0.014669918669607648
10,4.406,0.014795450451759453
10,4.408,0.014921348515581953
10,4.41,0.0150475607720906
10,4.412,0.0151740373477509
10,4.414,0.015300730502877932
10,4.416,0.015427594552983965
10,4.418,0.015554585792965639
10,4.42,0.01568166242402765
10,4.422,0.015808784483241623
10,4.424,0.015935913775646418
10,4.426,0.016063013808794338
10,4.428,0.016190049729657558
10,4.43,0.016316988263805666
10,4.432,0.016443797656774853
10,4.434,0.016570447617547106
10,4.436,0.016696909264064065
10,4.438,0.016823155070701454
10,4.44,0.01694915881763374
10,4.442,0.01707489554201937
10,4.444,0.017200341490942628
10,4.446,0.017325474076046968
10,4.448,0.017450271829800967
10,4.45,0.017574714363334493
10,4.452,0.017700973470125697
10,4.454,0.017828927206092277
10,4.456,0.01795845847120111
10,4.458,0.01808945483278157
10,4.46,0.01822180835525575
10,4.462,0.018355415436054814
10,4.464,0.018490176647501497
10,4.466,0.01862599658444209
10,4.468,0.01876278371741879
10,4.47,0.01890045025118081
10,4.472,0.019038911988338444
10,4.474,0.019178088197971118
10,4.476,0.01931790148900761
10,4.478,0.019458277688200503
10,4.48,0.01959914572252884
10,4.482,0.019740437505860978
10,4.484,0.019882087829724962
10,4.486,0.020024034258029753
10,4.488,0.02016621702559586
10,4.49,0.020308578940351308
10,4.492,0.020431187540620684
10,4.494,0.02053486882258196
10,4.496,0.020620419493009922
10,4.498,0.020688607983416797
10,4.5,0.020740175430613957
10,4.502,0.02077583662391677
10,4.5040000000000004,0.020796280919500865
10,4.506,0.020802173122615862
10,4.508,0.020794154338494575
10,4.51,0.020772842792884428
10,4.5120000000000005,0.02073883462317357
10,4.514,0.02069270464111326
10,4.516,0.020635007068143127
10,4.518,0.02056627624431962
10,4.5200000000000005,0.020487027311833193
10,4.522,0.020397756874075874
10,4.524,0.02029894363119648
10,4.526,0.020191048993047588
10,4.5280000000000005,0.02007451767040127
10,4.53,0.019949778245273785
10,4.532,0.019817243721171794
10,4.534,0.019677312054034425
10,4.5360000000000005,0.01953036666462101
10,4.538,0.019376776933055905
10,4.54,0.019216898676218015
10,4.542,0.019051074608628923
10,4.5440000000000005,0.018879634787469856
10,4.546,0.018702897042326548
10,4.548,0.018521167390239516
10,4.55,0.01833474043661021
10,4.5520000000000005,0.01814389976249136
10,4.554,0.017948918298766468
10,4.556,0.017750058687704094
10,4.558,0.017547573632350218
10,4.5600000000000005,0.01734170623420382
10,4.562,0.017132690319603912
10,4.564,0.016920750755234762
10,4.566,0.01670610375314511
10,4.5680000000000005,0.016488957165657417
10,4.57,0.016269510770527983
10,4.572,0.016067875045034614
10,4.574,0.015883337292283566
10,4.5760000000000005,0.01571521001962855
10,4.578,0.015562830161595901
10,4.58,0.015425558316035017
10,4.582,0.01530277799378165
10,4.5840000000000005,0.01519389488220188
10,4.586,0.015098336123047007
10,4.588,0.015015549605086947
10,4.59,0.014945003272012968
10,4.5920000000000005,0.014886184446094816
10,4.594,0.014838599168059909
10,4.596,0.014801771553619296
10,4.598,0.01477524316701381
10,4.6000000000000005,0.014758572411885754
10,4.602,0.01475133393970713
10,4.604,0.014753118075914267
10,4.606,0.014763530263814386
10,4.6080000000000005,0.014782190526249402
10,4.61,0.01480873294491784
10,4.612,0.014839460407571867
10,4.614,0.014874191235201385
10,4.616,0.01491275038685009
10,4.618,0.014954969229380407
10,4.62,0.01500068531517004
10,4.622,0.015049742167457303
10,4.624,0.015101989073060682
10,4.626,0.015157280882207377
10,4.628,0.015215477815218544
10,4.63,0.015276445275803179
10,4.632,0.015340053670728137
10,4.634,0.015406178235636005
10,4.636,0.015474698866795698
10,4.638,0.015545499958576427
10,4.64,0.015618470246445092
10,4.642,0.015693502655297224
10,4.644,0.015770494152935275
10,4.646,0.01584934560851933
10,4.648,0.01592996165581854
10,4.65,0.016012250561103718
10,4.652,0.01609607002602714
10,4.654,0.016181333200798675
10,4.656,0.016267956602805365
10,4.658,0.01635585999671876
10,4.66,0.016444966278777222
10,4.662,0.016535201365101847
10,4.664,0.01662649408390167
10,4.666,0.016718776071436386
10,4.668,0.016811981671602506
10,4.67,0.016906047839021075
10,4.672,0.01700091404550245
10,4.674,0.017096522189772687
10,4.676,0.017192816510348343
10,4.678,0.017289743501451557
10,4.68,0.01738725183185863
10,4.682,0.017485292266582835
10,4.684,0.017583817591291896
10,4.686,0.01768278253936704
10,4.688,0.017782143721511462
10,4.69,0.017881859557820755
10,4.692,0.01796385139635937
10,4.694,0.018028880196831847
10,4.696,0.018077679495632673
10,4.698,0.018110956384038614
10,4.7,0.018129392449673203
10,4.702,0.01813364468247617
10,4.704,0.0181243463464603
10,4.706,0.018102107818554227
10,4.708,0.01806751739582553
10,4.71,0.01802114207235692
10,4.712,0.017963528287015577
10,4.714,0.017895202643318075
10,4.716,0.01781667260254923
10,4.718,0.01772842715124991
10,4.72,0.017630937444139422
10,4.722,0.01752465742349589
10,4.724,0.017410024415968565
10,4.726,0.017287459707755096
10,4.728,0.017157369099030012
10,4.73,0.017020143438473592
10,4.732,0.016876159138707325
10,4.734,0.016725778673405384
10,4.736,0.01656935105681595
10,4.738,0.016407212306392846
10,4.74,0.016239685889201
10,4.742,0.01606708315273623
10,4.744,0.015889703740762012
10,4.746,0.015707835994745088
10,4.748,0.015521757341441273
10,4.75,0.015331734667160693
10,4.752,0.015138024679216124
10,4.7540000000000004,0.01494087425503791
10,4.756,0.01474052077941618
10,4.758,0.014537192470312797
10,4.76,0.014331108693664862
10,4.7620000000000005,0.014122480267585651
10,4.764,0.013911509756350889
10,4.766,0.013698391754542806
10,4.768,0.013483313161708853
10,4.7700000000000005,0.013266453447878416
10,4.772,0.013066093785530879
10,4.774,0.01288158515202427
10,4.776,0.012712301264099302
10,4.7780000000000005,0.012557637857247082
10,4.78,0.01241701198240176
10,4.782,0.012289861320019193
10,4.784,0.012175643511579454
10,4.7860000000000005,0.012073835508513622
10,4.788,0.011983932938521086
10,4.79,0.011905449489207305
10,4.792,0.011837916308932649
10,4.7940000000000005,0.011780881424726252
10,4.796,0.011733909177078781
10,4.798,0.011696579671398553
10,4.8,0.011668488245875247
10,4.8020000000000005,0.011649244955473488
10,4.804,0.011638474071747385
10,4.806,0.011635813598148326
10,4.808,0.011640914800480138
10,4.8100000000000005,0.011653441752141362
10,4.812,0.011670703865183315
10,4.814,0.011692497902802525
10,4.816,0.011718628117165958
10,4.8180000000000005,0.011748905989717685
10,4.82,0.011783149980009339
10,4.822,0.011821185282791202
10,4.824,0.011862843593107865
10,4.8260000000000005,0.011907962879152084
10,4.828,0.011956387162635392
10,4.83,0.012007966306443902
10,4.832,0.012062555809353542
10,4.8340000000000005,0.012120016607586057
10,4.836,0.012180214882995293
10,4.838,0.012243021877676815
10,4.84,0.012308313714802661
10,4.8420000000000005,0.012375971225489146
10,4.844,0.012445879781507891
10,4.846,0.01251792913366058
10,4.848,0.012592013255638034
10,4.8500000000000005,0.012668030193195087
10,4.852,0.012745881918470222
10,4.854,0.012825474189291627
10,4.856,0.01290671641330916
10,4.8580000000000005,0.012989521516799295
10,4.86,0.013073805817995022
10,4.862,0.013159488904793307
10,4.864,0.013246493516701962
10,4.866,0.013334745430885427
10,4.868,0.01342417335217844
10,4.87,0.01351470880693704
10,4.872,0.013606286040600652
10,4.874,0.01369884191884327
10,4.876,0.01379231583219446
10,4.878,0.013886649604014402
10,4.88,0.013981787401711555
10,4.882,0.014077675651093503
10,4.884,0.014174262953745234
10,4.886,0.014271500007332282
10,4.888,0.014369339528730657
10,4.89,0.01446773617988484
10,4.892,0.014567797213934728
10,4.894,0.014669426235320453
10,4.896,0.014772530644058023
10,4.898,0.01487702149807625
10,4.9,0.014982813380390888
10,4.902,0.015089824270954802
10,4.904,0.015197975423027987
10,4.906,0.015307191243912756
10,4.908,0.015417399179908416
10,4.91,0.015528529605341722
10,4.912,0.01564051571553198
10,4.914,0.015753293423559547
10,4.916,0.015866801260703417
10,4.918,0.015980980280424148
10,4.92,0.016095773965768587
10,4.922,0.016211128140078475
10,4.924,0.016326990880885864
10,4.926,0.016443312436888655
10,4.928,0.016560045147893828
10,4.93,0.0166771433676289
10,4.932,0.01679679466604757
10,4.934,0.016918851222400992
10,4.936,0.017043171012467082
10,4.938,0.017169617599142387
10,4.94,0.017298059930310295
10,4.942,0.017428372143754322
10,4.944,0.017560433378888043
10,4.946,0.017694127595083323
10,4.948,0.01782934339637901
10,4.95,0.017965973862361657
10,4.952,0.018103916385012443
10,4.954,0.0182430725113229
10,4.956,0.01838334779148422
10,4.958,0.01852465163246385
10,4.96,0.018666897156784882
10,4.962,0.018810001066333182
10,4.964,0.018953883511016956
10,4.966,0.01909846796211588
10,4.968,0.019243681090154258
10,4.97,0.019389452647143795
10,4.972,0.01951511115488787
10,4.974,0.019621517694577196
10,4.976,0.019709501907955472
10,4.978,0.019779863173405965
10,4.98,0.019833371730865898
10,4.982,0.019870769758453286
10,4.984,0.01989277240347533
10,4.986,0.01990006877029543
10,4.988,0.019893322867360223
10,4.99,0.019873174515526136
10,4.992,0.019840240219681456
10,4.994,0.019795114005521194
10,4.996,0.019738368223215754
10,4.998,0.019670554319595416
10,5.0,0.019592203580374324
10,5.002,0.01950382784384071
10,5.0040000000000004,0.019405920187352686
10,5.006,0.019298955587899447
10,5.008,0.019183391557912353
10,5.01,0.019059668757442395
10,5.0120000000000005,0.0189282115837568
10,5.014,0.018789428739348562
10,5.016,0.01864371377929911
10,5.018,0.01849144563888072
10,5.0200000000000005,0.018332989142243256
10,5.022,0.01816869549298018
10,5.024,0.017998902747333064
10,5.026,0.017823936270752214
10,5.0280000000000005,0.01764410917849714
10,5.03,0.017459722760927946
10,5.032,0.017271066894107335
10,5.034,0.01707842043630275
10,5.0360000000000005,0.0168820516109533
10,5.038,0.01668221837664089
10,5.04,0.016479168784578366
10,5.042,0.01627314132411051
10,5.0440000000000005,0.01606436525669863
10,5.046,0.015853060938842353
10,5.048,0.015639440134375855
10,5.05,0.015423706316555558
10,5.0520000000000005,0.015223305675021682
10,5.054,0.01503764260448376
10,5.056,0.014866142242812398
10,5.058,0.014708249838507135
10,5.0600000000000005,0.014563430133004074
10,5.062,0.014431166757501042
10,5.064,0.014310961643991336
10,5.066,0.014202334450219454
10,5.0680000000000005,0.014104821998297396
10,5.07,0.01401797772674406
10,5.072,0.013941371155738003
10,5.074,0.013874587365399111
10,5.0760000000000005,0.013817226486937758
10,5.078,0.013768903206530734
10,5.08,0.013729246281802176
10,5.082,0.013697898070799176
10,5.0840000000000005,0.013674514073360644
10,5.086,0.013658762484786131
10,5.088,0.01365032376170818
10,5.09,0.013648890200073057
10,5.0920000000000005,0.013654096418873997
10,5.094,0.013665656710565051
10,5.096,0.013683295995196496
10,5.098,0.013706749447688217
10,5.1000000000000005,0.013735762136821783
10,5.102,0.013770088675725203
10,5.104,0.013809492883616579
10,5.106,0.013853747458562252
10,5.1080000000000005,0.013902633661000533
10,5.11,0.013955941007775054
10,5.112,0.014013466976415883
10,5.114,0.014075016719403751
10,5.1160000000000005,0.014140402788151424
10,5.118,0.014209444866431073
10,5.12,0.014281969512980478
10,5.122,0.014357809913018849
10,5.124,0.014436805638404515
10,5.126,0.01451880241617099
10,5.128,0.014603651905179824
10,5.13,0.014691211480631825
10,5.132,0.014780183736060208
10,5.134,0.014870492251047005
10,5.136,0.014962063626409233
10,5.138,0.015054827372891013
10,5.14,0.015148715803879711
10,5.142,0.015243663932005406
10,5.144,0.015339609369488012
10,5.146,0.015436492232096505
10,5.148,0.015534255046594279
10,5.15,0.015632842661545066
10,5.152,0.015732202161358785
10,5.154,0.015832282783462926
10,5.156,0.015933035838484
10,5.158,0.016034414633333882
10,5.16,0.01613637439709453
10,5.162,0.016238872209599374
10,5.164,0.016341866932615336
10,5.166,0.016445319143530774
10,5.168,0.01654919107145761
10,5.17,0.01665344653566123
10,5.172,0.01675805088623314
10,5.174,0.016862970946924915
10,5.176,0.016968174960064607
10,5.178,0.017073632533480834
10,5.18,0.017179314589360582
10,5.182,0.01728519331497068
10,5.184,0.017391242115175544
10,5.186,0.017497435566684982
10,5.188,0.01760374937397027
10,5.19,0.0177101603267869
10,5.192,0.017816646259245436
10,5.194,0.017923186010375396
10,5.196,0.018029759386125818
10,5.198,0.018136347122752798
10,5.2,0.018242930851540266
10,5.202,0.018349493064809538
10,5.204,0.01845601708316657
10,5.206,0.018562487023945553
10,5.208,0.01866888777080244
10,5.21,0.018775204944418592
10,5.212,0.018882580358131996
10,5.214,0.018990945976925792
10,5.216,0.019100236488091435
10,5.218,0.01921038920188755
10,5.22,0.01932134395573592
10,5.222,0.019433043021826912
10,5.224,0.019545431018018894
10,5.226,0.019658454821912936
10,5.228,0.019772063487993742
10,5.23,0.019886208167726474
10,5.232,0.020000842032509243
10,5.234,0.020115920199377104
10,5.236,0.02023139965936298
10,5.238,0.020347239208421238
10,5.24,0.020463399380823248
10,5.242,0.02057984238493849
10,5.244,0.020696532041315843
10,5.246,0.02081343372298485
10,5.248,0.02093051429789755
10,5.25,0.021047742073435877
10,5.252,0.021144846006318153
10,5.2540000000000004,0.021222707583678894
10,5.256,0.021282176009652116
10,5.258,0.021324069384993347
10,5.26,0.02134917584062939
10,5.2620000000000005,0.021358254626769668
10,5.264,0.02135203715927743
10,5.266,0.02133122802501735
10,5.268,0.02129650594788548
10,5.2700000000000005,0.021248524717193587
10,5.272,0.02118791408003675
10,5.274,0.021115280599213773
10,5.276,0.02103120847821289
10,5.2780000000000005,0.020936260354710703
10,5.28,0.020830978063967276
10,5.282,0.020715883373436834
10,5.284,0.020591478689853653
10,5.2860000000000005,0.020458247739985055
10,5.288,0.020316656226194368
10,5.29,0.02016715245789088
10,5.292,0.02001137601417907
10,5.2940000000000005,0.019849684830332594
10,5.296,0.01968242331295183
10,5.298,0.019509922811593434
10,5.3,0.019332502073872354
10,5.3020000000000005,0.019150467684695967
10,5.304,0.018964114490254293
10,5.306,0.018773726007367673
10,5.308,0.01857957481876209
10,5.3100000000000005,0.01838192295482024
10,5.312,0.018181022262331384
10,5.314,0.01797711476073996
10,5.316,0.017770432986373014
10,5.3180000000000005,0.017561200325104987
10,5.32,0.017349631333901425
10,5.322,0.017135932051662365
10,5.324,0.016920300299772883
10,5.3260000000000005,0.016702925972748042
10,5.328,0.016483991319349793
10,5.33,0.016263671214534925
10,5.332,0.016062192935191292
10,5.3340000000000005,0.015878789378491565
10,5.336,0.015712720805392103
10,5.338,0.015563273999072973
10,5.34,0.015429761439476825
10,5.3420000000000005,0.015311520494115554
10,5.344,0.015207912625327662
10,5.346,0.015118322614189217
10,5.348,0.01504215780128393
10,5.3500000000000005,0.014978847344543003
10,5.352,0.014927841494356145
10,5.354,0.014888610886141823
10,5.356,0.014860645850537835
10,5.3580000000000005,0.014843455741348948
10,5.36,0.014836568281346541
10,5.362,0.014839528925977943
10,5.364,0.014851900244994973
10,5.3660000000000005,0.01487326132196927
10,5.368,0.014903207171608306
10,5.37,0.014941348174746377
10,5.372,0.014983885405658657
10,5.3740000000000006,0.015030623640360058
10,5.376,0.015081375117413646
10,5.378,0.015135959265633046
10,5.38,0.01519420244107931
10,5.382,0.015255937673117902
10,5.384,0.015321004419292582
10,5.386,0.01538924832877707
10,5.388,0.015460521014157841
10,5.39,0.015534679831305893
10,5.392,0.015611587667091581
10,5.394,0.01569111273470341
10,5.396,0.015773128376326228
10,5.398,0.0158575128729467
10,5.4,0.015944149261048333
10,5.402,0.01603292515596785
10,5.404,0.016123732581689153
10,5.406,0.016216467806852073
10,5.408,0.016311031186762144
10,5.41,0.01640732701119231
10,5.412,0.01650526335777046
10,5.414,0.01660475195075636
10,5.416,0.016705708025013966
10,5.418,0.016808050194993065
10,5.42,0.016911700328537997
10,5.422,0.0170165834253506
10,5.424,0.01712262749993501
10,5.426,0.017229763468862645
10,5.428,0.017337925042198155
10,5.43,0.017447048618934206
10,5.432,0.017557073186286333
10,5.434,0.017667940222708158
10,5.436,0.017779593604486256
10,5.438,0.01789197951578667
10,5.44,0.018005046362021767
10,5.442,0.018118744686416978
10,5.444,0.018233027089659227
10,5.446,0.01834784815251108
10,5.448,0.01846316436128351
10,5.45,0.018578934036059213
10,5.452,0.018676874703371732
10,5.454,0.018757775146065518
10,5.456,0.01882239496638857
10,5.458,0.018871465638214912
10,5.46,0.01890569152387668
10,5.462,0.01892575085562072
10,5.464,0.01893229668208878
10,5.466,0.018925957780485076
10,5.468,0.018907339535279993
10,5.47,0.018877024784415455
10,5.472,0.018835574634056922
10,5.474,0.018783529242976698
10,5.476,0.018721408577670396
10,5.478,0.018649713139309854
10,5.48,0.01856892466362434
10,5.482,0.01847950679477567
10,5.484,0.018381905734272265
10,5.486,0.01827655086592803
10,5.488,0.01816385535784293
10,5.49,0.018044216742343747
10,5.492,0.01791801747478749
10,5.494,0.01778562547209307
10,5.496,0.017647394631832528
10,5.498,0.017503665332675344
10,5.5,0.017354764916948547
10,5.502,0.01720100815603787
10,5.5040000000000004,0.017042697699329597
10,5.506,0.016880124507356414
10,5.508,0.016713568269785577
10,5.51,0.016543297808859526
10,5.5120000000000005,0.01636957146887139
10,5.514,0.016192637492234246
10,5.516,0.0160127343826806
10,5.518,0.01583009125610335
10,5.5200000000000005,0.01564492817953127
10,5.522,0.015457456498710631
10,5.524,0.01526787915474759
10,5.526,0.015076390990245893
10,5.5280000000000005,0.014883179045360935
10,5.53,0.014688422844172695
10,5.532,0.014509243575098514
10,5.534,0.014345008771165476
10,5.5360000000000005,0.014195109048662223
10,5.538,0.014058957409132775
10,5.54,0.013935988551155205
10,5.542,0.01382565819189107
10,5.5440000000000005,0.013727442398529414
10,5.546,0.013640836929872283
10,5.548,0.013565356588420199
10,5.55,0.013500534583402066
10,5.5520000000000005,0.013445921905266039
10,5.554,0.013401086712187928
10,5.556,0.013365613729179144
10,5.558,0.013339103660369863
10,5.5600000000000005,0.013321172615025996
10,5.562,0.013311451547813609
10,5.564,0.01330958571377267
10,5.566,0.013315234138391334
10,5.5680000000000005,0.013328069103097933
10,5.57,0.013347775646404776
10,5.572,0.013371561688848928
10,5.574,0.01339925399390138
10,5.5760000000000005,0.013430686039014404
10,5.578,0.013465697761104909
10,5.58,0.01350413531120705
10,5.582,0.013545850818065709
10,5.5840000000000005,0.013590702160432355
10,5.586,0.013638552747817157
10,5.588,0.01368927130944893
10,5.59,0.013742731691186899
10,5.5920000000000005,0.013798812660129594
10,5.594,0.013857397716664582
10,5.596,0.013918374913704961
10,5.598,0.013981636682859016
10,5.6000000000000005,0.014047079667283623
10,5.602,0.014114604560979325
10,5.604,0.014184115954282518
10,5.606,0.014255522185324972
10,5.6080000000000005,0.014328735197228808
10,5.61,0.014403670400818606
10,5.612,0.014481439646255952
10,5.614,0.014561906577482011
10,5.6160000000000005,0.014644940172163312
10,5.618,0.01473041454056054
10,5.62,0.014818208732148501
10,5.622,0.014908206549672794
10,5.6240000000000006,0.01500029637033888
10,5.626,0.015094370973840834
10,5.628,0.015190327376951905
10,5.63,0.01528806667440707
10,5.632,0.015387493885821776
10,5.634,0.015488517808402444
10,5.636,0.015591050875214618
10,5.638,0.015695009018784466
10,5.64,0.01580031153982109
10,5.642,0.01590688098085639
10,5.644,0.016014643004606664
10,5.646,0.016123526276872385
10,5.648,0.016233462353797173
10,5.65,0.016344385573317723
10,5.652,0.01645623295064261
10,5.654,0.016568944077605147
10,5.656,0.016682461025742917
10,5.658,0.016796728252961645
10,5.66,0.016911692513648435
10,5.662,0.017027302772104347
10,5.664,0.017143510119171805
10,5.666,0.017260267691937895
10,5.668,0.017377530596397798
10,5.67,0.017495255832971207
10,5.672,0.017613402224762265
10,5.674,0.017731930348466107
10,5.676,0.017850802467820077
10,5.678,0.017969982469510575
10,5.68,0.018089435801441744
10,5.682,0.018209129413280865
10,5.684,0.018329031699198035
10,5.686,0.018449112442718456
10,5.688,0.01856934276360974
10,5.69,0.018689695066732574
10,5.692,0.01881014299278025
10,5.694,0.01893066137083889
10,5.696,0.019051226172702707
10,5.698,0.019171814468880086
10,5.7,0.01929240438622721
10,5.702,0.019412975067152664
10,5.704,0.0195335066303326
10,5.706,0.019653980132883796
10,5.708,0.01977437753393968
10,5.71,0.01989468165957884
10,5.712,0.020014876169056454
10,5.714,0.02013494552229123
10,5.716,0.020254874948560746
10,5.718,0.02037465041636263
10,5.72,0.020494258604397093
10,5.722,0.020613686873632166
10,5.724,0.02073292324040813
10,5.726,0.020851956350547613
10,5.728,0.02097077545443034
10,5.73,0.02108937038299908
10,5.732,0.02118871815766232
10,5.734,0.021269682919178395
10,5.736,0.021333096239086163
10,5.738,0.021379758332071366
10,5.74,0.02141043922304537
10,5.742,0.021425879869806916
10,5.744,0.021426793242429697
10,5.746,0.02141386536069993
10,5.748,0.021387756291034177
10,5.75,0.0213491011043706
10,5.752,0.021298510796545145
10,5.7540000000000004,0.021236573172661508
10,5.756,0.021163853696943166
10,5.758,0.02108089630951788
10,5.76,0.020988224211544424
10,5.7620000000000005,0.020886340620040342
10,5.764,0.02077572949371746
10,5.766,0.020656856231080375
10,5.768,0.020530168341983977
10,5.7700000000000005,0.020396096093798163
10,5.772,0.020255053133269807
10,5.774,0.020107437085125135
10,5.776,0.019953630128402344
10,5.7780000000000005,0.019793999551459933
10,5.78,0.019628898286558942
10,5.782,0.019458665424874334
10,5.784,0.01928362671274947
10,5.7860000000000005,0.019104095029968605
10,5.788,0.018920370850785316
10,5.79,0.018732742688408247
10,5.792,0.01854148752361452
10,5.7940000000000005,0.018346871218127687
10,5.796,0.018149148913366563
10,5.798,0.017948565415147433
10,5.8,0.0177453555648901
10,5.8020000000000005,0.017539744597855754
10,5.804,0.017331948488921136
10,5.806,0.017122174286371573
10,5.808,0.016910620434169958
10,5.8100000000000005,0.01669747708314677
10,5.812,0.01650066282403914
10,5.814,0.01631951380640337
10,5.816,0.016153390490796553
10,5.8180000000000005,0.016001676878308495
10,5.82,0.01586377975453342
10,5.822,0.015739127948322496
10,5.824,0.015627171605652346
10,5.8260000000000005,0.01552738147894362
10,5.828,0.015439248232145724
10,5.83,0.015362281761889168
10,5.832,0.015296010534973863
10,5.8340000000000005,0.015239980942430639
10,5.836,0.015193756670355022
10,5.838,0.015156918087663559
10,5.84,0.015129061650878574
10,5.8420000000000005,0.015109799325995555
10,5.844,0.01509875802743519
10,5.846,0.015095579074032422
10,5.848,0.015099917661962267
10,5.8500000000000005,0.015111442354456004
10,5.852,0.015129834588114621
10,5.854,0.015154788195586901
10,5.856,0.015186008944339096
10,5.8580000000000005,0.015223214091211601
10,5.86,0.015266131952431289
10,5.862,0.015314501488719304
10,5.864,0.015368071905119135
10,5.8660000000000005,0.01542660226515252
10,5.868,0.015489861118898354
10,5.87,0.015557626144585406
10,5.872,0.015629683803281173
10,5.8740000000000006,0.015705829006262172
10,5.876,0.015785864794648087
10,5.878,0.015869602030890693
10,5.88,0.01595685910170885
10,5.882000000000001,0.016047461632072713
10,5.884,0.01614124220984357
10,5.886,0.016238040120691313
10,5.888,0.016337701092915425
10,5.89,0.01644007705181108
10,5.892,0.016543663550240218
10,5.894,0.016648387433831905
10,5.896,0.016754178561974285
10,5.898,0.016860969692286485
10,5.9,0.016968696369417894
10,5.902,0.017077296818016403
10,5.904,0.017186711839709764
10,5.906,0.017296884713951105
10,5.908,0.017407761102589212
10,5.91,0.017519288958021125
10,5.912,0.01763141843479822
10,5.914,0.017744101804556343
10,5.916,0.017857293374147428
10,5.918,0.017970949406854488
10,5.92,0.01808502804657585
10,5.922,0.0181994892448679
10,5.924,0.018314294690741355
10,5.926,0.018429407743108625
10,5.928,0.018544793365783928
10,5.93,0.018660418064941488
10,5.932,0.018760540599616155
10,5.934,0.018845861470044405
10,5.936,0.018917054084971612
10,5.938,0.01897476580174985
10,5.94,0.01901961892607621
10,5.942,0.019052211672425226
10,5.944,0.01907311908639814
10,5.946,0.019082893930304108
10,5.948,0.019082067533341386
10,5.95,0.019071150607766665
10,5.952,0.019050634032436006
10,5.954,0.019020989605079544
10,5.956,0.01898267076463931
10,5.958,0.0189361132849617
10,5.96,0.01888173594108665
10,5.962,0.018819941149333653
10,5.964,0.01875111558232905
10,5.966,0.018675630760074446
10,5.968,0.0185938436181021
10,5.97,0.018506097053719275
10,5.972,0.018411521654037002
10,5.974,0.018310493839022807
10,5.976,0.018203375161564624
10,5.978,0.018090512862729873
10,5.98,0.017972240405688136
10,5.982,0.01784887798923567
10,5.984,0.01772073304181981
10,5.986,0.017588100696911288
10,5.988,0.017451264250529428
10,5.99,0.017310495601684288
10,5.992,0.017166055676464394
10,5.994,0.017018194836456564
10,5.996,0.01686715327215604
10,5.998,0.016713161381989458
10,6.0,0.01655644013754479
10,6.002,0.016397201435572672
10,6.0040000000000004,0.016235648437297676
10,6.006,0.016071975895552097
10,6.008,0.015906370470222184
10,6.01,0.015739011032472466
10,6.0120000000000005,0.015569536587146387
10,6.014,0.01539813449710067
10,6.016,0.015224984393571494
10,6.018,0.01505025847385613
10,6.0200000000000005,0.01487412178887427
10,6.022,0.014696732521026096
10,6.024,0.01451824225275069
10,6.026,0.014338796226167492
10,6.0280000000000005,0.01415853359417596
10,6.03,0.013977587663369179
10,6.032,0.013796086129109899
10,6.034,0.013614151303099651
10,6.0360000000000005,0.013431900333766704
10,6.038,0.013249445419783486
10,6.04,0.013066894017017739
10,6.042,0.012884349039210666
10,6.0440000000000005,0.012701909052668416
10,6.046,0.012519668465245031
10,6.048,0.012337717709887694
10,6.05,0.012156143423008645
10,6.0520000000000005,0.011991076479871483
10,6.054,0.011841800969090302
10,6.056,0.011707628287378606
10,6.058,0.011587896325491386
10,6.0600000000000005,0.011481968664210638
10,6.062,0.011389233779459855
10,6.064,0.011309104255948487
10,6.066,0.011241016009080744
10,6.0680000000000005,0.011184427515190325
10,6.07,0.01113881905046451
10,6.072,0.01110369193919759
10,6.074,0.011078567812224624
10,6.0760000000000005,0.011062987876562898
10,6.078,0.011056512197393722
10,6.08,0.01105871899357011
10,6.082,0.011069203947839307
10,6.0840000000000005,0.01108757953291629
10,6.086,0.011113474354462104
10,6.088,0.011146532511899097
10,6.09,0.011186412977851768
10,6.0920000000000005,0.011231573738463393
10,6.094,0.011281763939455989
10,6.096,0.011336743258437311
10,6.098,0.01139628147094806
10,6.1000000000000005,0.011460158032729883
10,6.102,0.011528161678024207
10,6.104,0.011600090033645967
10,6.106,0.011675749248510309
10,6.1080000000000005,0.01175495363824246
10,6.11,0.011837525344458014
10,6.112,0.01192329400826951
10,6.114,0.012012096457550062
10,6.1160000000000005,0.01210377640746871
10,6.118,0.012198184173804
10,6.12,0.012295176398535517
10,6.122,0.012394615787216496
10,6.1240000000000006,0.012496370857636881
10,6.126,0.012600315699290592
10,6.128,0.012706329743178426
10,6.13,0.0128142975414858
10,6.132000000000001,0.012924108556693957
10,6.134,0.013035656959697519
10,6.136,0.01314884143651836
10,6.138,0.013263565003222936
10,6.140000000000001,0.01337973482867024
10,6.142,0.013497262064728843
10,6.144,0.013616061683626073
10,6.146,0.013736052322102638
10,6.148,0.013857156132065661
10,6.15,0.013979298637446066
10,6.152,0.014102408596983031
10,6.154,0.014226417872671699
10,6.156,0.014351261303620973
10,6.158,0.014476876585086893
10,6.16,0.014603204152451938
10,6.162,0.014730187069936644
10,6.164,0.014857770923840224
10,6.166,0.01498590372011345
10,6.168,0.015114535786081736
10,6.17,0.015243619676141226
10,6.172,0.015371695352964523
10,6.174,0.015498786813183842
10,6.176,0.01562491728250943
10,6.178,0.015750109244044064
10,6.18,0.015874384465534578
10,6.182,0.015997764025597494
10,6.184,0.01612026833895565
10,6.186,0.016241917180719295
10,6.188,0.016362729709746636
10,6.19,0.016482724491116426
10,6.192,0.016601919517745808
10,6.194,0.016720332231184173
10,6.196,0.01683797954161327
10,6.198,0.01695487784708359
10,6.2,0.017071043052015056
10,6.202,0.017186490584990853
10,6.204,0.017301235415869178
10,6.206,0.01741529207224032
10,6.208,0.01752867465525313
10,6.21,0.01764139685483606
10,6.212,0.017754682158253775
10,6.214,0.017868481811610794
10,6.216,0.01798274919842682
10,6.218,0.018097439754441433
10,6.22,0.018212510885745856
10,6.222,0.0183279218901084
10,6.224,0.018443633881372278
10,6.226,0.018559609716803965
10,6.228,0.018675813927279697
10,6.23,0.018792212650197926
10,6.232,0.01890877356501273
10,6.234,0.019025465831287267
10,6.236,0.019142260029168436
10,6.238,0.019259128102189056
10,6.24,0.01937604330230781
10,6.242,0.01949298013710044
10,6.244,0.019609914319017308
10,6.246,0.019726822716629372
10,6.248,0.019843683307783605
10,6.25,0.01996047513459482
10,6.252,0.020060724289814005
10,6.2540000000000004,0.0201451950195
10,6.256,0.020214621525949893
10,6.258,0.020269709123906684
10,6.26,0.020311135355805508
10,6.2620000000000005,0.020339551066039872
10,6.264,0.02035558143469612
10,6.266,0.02035982697153862
10,6.268,0.02035286447125282
10,6.2700000000000005,0.020335247931105957
10,6.272,0.020307509432283443
10,6.274,0.020270159986206543
10,6.276,0.020223690347165667
10,6.2780000000000005,0.020168571792600128
10,6.28,0.02010525687234309
10,6.282,0.020034180128120003
10,6.284,0.01995575878455729
10,6.2860000000000005,0.019870393412915334
10,6.288,0.019778468568715832
10,6.29,0.019680353404391983
10,6.292,0.01957333077510531
10,6.2940000000000005,0.01945789354895998
10,6.296,0.01933451492597209
10,6.298,0.0192036491933045
10,6.3,0.01906573245064564
10,6.3020000000000005,0.018921183307115896
10,6.304,0.01877040355101139
10,6.306,0.018613778793636685
10,6.308,0.01845167908841367
10,6.3100000000000005,0.01828445952639431
10,6.312,0.018112460809254584
10,6.314,0.017936009800786298
10,6.316,0.017755420057859374
10,6.3180000000000005,0.017570992341777038
10,6.32,0.017383015110901838
10,6.322,0.01719176499539145
10,6.324,0.016997507254838038
10,6.3260000000000005,0.01680049621957475
10,6.328,0.01660097571637221
10,6.33,0.016399179479222627
10,6.332,0.016213393962906348
10,6.3340000000000005,0.0160429285108183
10,6.336,0.015887119162005015
10,6.338,0.015745327805179374
10,6.34,0.015616941343934009
10,6.3420000000000005,0.015501370873663819
10,6.344,0.015398050870792828
10,6.346,0.015306438394969854
10,6.348,0.015226012304944412
10,6.3500000000000005,0.015156272488869296
10,6.352,0.015096739109780908
10,6.354,0.015046951866999697
10,6.356,0.015006469274161171
10,6.3580000000000005,0.014974867954539823
10,6.36,0.014951741954262887
10,6.362,0.014936702073936499
10,6.364,0.014929375219119927
10,6.3660000000000005,0.0149294037699919
10,6.368,0.014936444970457236
10,6.37,0.014950170336847778
10,6.372,0.01496904272422155
10,6.3740000000000006,0.014992823846823183
10,6.376,0.015021285367309435
10,6.378,0.015054208492710284
10,6.38,0.015091383585455458
10,6.382000000000001,0.015132609789151222
10,6.384,0.015177694668749839
10,6.386,0.01522645386474471
10,6.388,0.01527871076099699
10,6.390000000000001,0.015334296165789275
10,6.392,0.015393048005691494
10,6.394,0.015454811031818718
10,6.396,0.015519436538053155
10,6.398000000000001,0.015586782090809497
10,6.4,0.015656711269917776
10,6.402,0.015729093420208694
10,6.404,0.015803803413386674
10,6.406,0.01588072141979007
10,6.408,0.01595973268964304
10,6.41,0.01604072734341377
10,6.412,0.016124822870202386
10,6.414,0.016211855292090422
10,6.416,0.01630166756196762
10,6.418,0.01639410927887738
10,6.42,0.016489036415266597
10,6.422,0.016586311055632987
10,6.424,0.016685801146079173
10,6.426,0.016787380254303517
10,6.428,0.016890927339574917
10,6.43,0.01699632653225791
10,6.432,0.017103466922472346
10,6.434,0.01721224235749157
10,6.436,0.017322551247499582
10,6.438,0.01743429637934431
10,6.44,0.017547384737944146
10,6.442,0.017661727335015046
10,6.444,0.01777723904480808
10,6.446,0.017893838446554323
10,6.448,0.018011447673336158
10,6.45,0.018129992267107427
10,6.452,0.018230689189883333
10,6.454,0.018314380498568573
10,6.456,0.01838187502169375
10,6.458,0.01843394957192293
10,6.46,0.018471350135077787
10,6.462,0.01849479303037062
10,6.464,0.01850496603832234
10,6.466,0.018502529494151407
10,6.468,0.01848811734539497
10,6.47,0.018462338173230335
10,6.472,0.018425776177495592
10,6.474,0.018378992125781455
10,6.476,0.018322524267245094
10,6.478,0.018256889211987728
10,6.48,0.01818258277696722
10,6.482,0.01810008079950839
10,6.484,0.018009839919520768
10,6.486,0.017912298331563357
10,6.488,0.017807876507900795
10,6.49,0.01769697789369115
10,6.492,0.017597203749601737
10,6.494,0.017508061901310597
10,6.496,0.017429080007606738
10,6.498,0.017359804842698875
10,6.5,0.01729980159561503
10,6.502,0.017248653187122213
10,6.5040000000000004,0.017205959604541098
10,6.506,0.017171337254760756
10,6.508,0.017144418335694522
10,6.51,0.017124850226341973
10,6.5120000000000005,0.017112294895556844
10,6.514,0.01710642832954541
10,6.516,0.017106939978056537
10,6.518,0.017113532219157204
10,6.5200000000000005,0.01712591984242705
10,6.522,0.01714382955035322
10,6.524,0.017166999477651653
10,6.526,0.017195178728198816
10,6.5280000000000005,0.01722812692922051
10,6.53,0.017265613802345803
10,6.532,0.017306191812708222
10,6.534,0.017349713553416333
10,6.5360000000000005,0.01739603781961041
10,6.538,0.017445029353861725
10,6.54,0.017496558601757944
10,6.542,0.01755050147731516
10,6.5440000000000005,0.017606739137862232
10,6.546,0.017665157768053427
10,6.548,0.017725648372664098
10,6.55,0.017788106577839552
10,6.5520000000000005,0.017852432440472323
10,6.554,0.017918530265388866
10,6.556,0.017986308430042227
10,6.558,0.018055679216409062
10,6.5600000000000005,0.018126558649807268
10,6.562,0.01819886634435027
10,6.564,0.018272525354772744
10,6.566,0.0183474620343664
10,6.5680000000000005,0.01842360589877621
10,6.57,0.018500889495415278
10,6.572,0.018579248278268574
10,6.574,0.018658620487860846
10,6.5760000000000005,0.018738947036176203
10,6.578,0.018820171396322923
10,6.58,0.0189022394967473
10,6.582,0.018985099619806833
10,6.5840000000000005,0.01906870230452142
10,6.586,0.019153000253328344
10,6.588,0.019237948242676082
10,6.59,0.019323503037294333
10,6.5920000000000005,0.019409623307990176
10,6.594,0.019496269552821185
10,6.596,0.01958340402150709
10,6.598,0.01967099064294462
10,6.6000000000000005,0.01975899495569543
10,6.602,0.019847384041326584
10,6.604,0.01993612646048234
10,6.606,0.02002519219157629
10,6.6080000000000005,0.020114552571993644
10,6.61,0.020204180241701186
10,6.612,0.020274808110745193
10,6.614,0.020327355704849476
10,6.6160000000000005,0.02036270584873677
10,6.618,0.020381706043233687
10,6.62,0.02038516980704391
10,6.622,0.02037387797939242
10,6.6240000000000006,0.020348579981227997
10,6.626,0.020309995033769897
10,6.628,0.020258813333979792
10,6.63,0.020195697187126996
10,6.632000000000001,0.020121282097034742
10,6.634,0.020036177814895924
10,6.636,0.01994096934775202
10,6.638,0.01983621792786842
10,6.640000000000001,0.019722461944331103
10,6.642,0.0196002178382328
10,6.644,0.01946998096284166
10,6.646,0.019332226410145217
10,6.648000000000001,0.019187409805143316
10,6.65,0.019035968069240843
10,6.652,0.018878320154054065
10,6.654,0.01871486774690463
10,6.656000000000001,0.018545995949233802
10,6.658,0.01837207392912177
10,6.66,0.0181934555490533
10,6.662,0.01801047997002313
10,6.664,0.017823472233031545
10,6.666,0.01763274381897355
10,6.668,0.017438593187883163
10,6.67,0.017241306298455657
10,6.672,0.01704115710872594
10,6.674,0.016838408058748578
10,6.676,0.016633310536084498
10,6.678,0.016426105324869832
10,6.68,0.016217023039208064
10,6.682,0.016006284541593144
10,6.684,0.015794101347050452
10,6.686,0.015580676013649052
10,6.688,0.01536620252001458
10,6.69,0.015150866630452554
10,6.692,0.014952419184096517
10,6.694,0.014770089438929835
10,6.696,0.014603138463038307
10,6.698,0.0144508581786139
10,6.7,0.014312570399237199
10,6.702,0.014187625861847877
10,6.704,0.014075403255289892
10,6.706,0.013975308247726814
10,6.708,0.013886772515546222
10,6.71,0.013809252776603002
10,6.712,0.013742229830786653
10,6.714,0.013685207610942052
10,6.716,0.013637712247127651
10,6.718,0.013599291147073023
10,6.72,0.013569512095510848
10,6.722,0.013547962374810528
10,6.724,0.013534247909067189
10,6.726,0.013527992433474877
10,6.728,0.013528836690503615
10,6.73,0.013536437654055865
10,6.732,0.013550467782464479
10,6.734,0.013570614300882005
10,6.736,0.013596578513320641
10,6.738,0.013628075144342508
10,6.74,0.013664831710162457
10,6.742,0.013706587918720411
10,6.744,0.013753095098108695
10,6.746,0.013804115652591946
10,6.748,0.013859422545342616
10,6.75,0.013918798806928255
10,6.752,0.013982037068518867
10,6.7540000000000004,0.014048939118742833
10,6.756,0.014119315483094835
10,6.758,0.014192985024794288
10,6.76,0.014269774565998254
10,6.7620000000000005,0.014349518528291189
10,6.764,0.014432058591403632
10,6.766,0.014517243369146384
10,6.768,0.014604928101585148
10,6.7700000000000005,0.014694974362524047
10,6.772,0.014785723520532167
10,6.774,0.01487712473803419
10,6.776,0.014969129449892406
10,6.7780000000000005,0.015061691268058995
10,6.78,0.015154765890289721
10,6.782,0.015248311012728371
10,6.784,0.015342286246181242
10,6.7860000000000005,0.015436653035913286
10,6.788,0.015531374584805227
10,6.79,0.015626415779720636
10,6.792,0.015721743120940254
10,6.7940000000000005,0.01581732465452858
10,6.796,0.015913129907503352
10,6.798,0.016009129825688622
10,6.8,0.016105296714133296
10,6.8020000000000005,0.01620160417998757
10,6.804,0.016298027077732247
10,6.806,0.016394541456661107
10,6.808,0.016491124510522263
10,6.8100000000000005,0.01658775452922896
10,6.812,0.016684410852551217
10,6.814,0.0167810738257101
10,6.816,0.016877724756792094
10,6.8180000000000005,0.01697434587591145
10,6.82,0.017070920296046625
10,6.822,0.017167431975484967
10,6.824,0.017263865681805914
10,6.8260000000000005,0.017360206957344006
10,6.828,0.017456442086068273
10,6.83,0.017552558061822585
10,6.832,0.017648542557869136
10,6.8340000000000005,0.017744383897685227
10,6.836,0.017840071026959094
10,6.838,0.01793559348673859
10,6.84,0.018030941387685174
10,6.8420000000000005,0.01812610538538777
10,6.844,0.018221076656693133
10,6.846,0.01831584687701436
10,6.848,0.01841040819857335
10,6.8500000000000005,0.018504753229543414
10,6.852,0.01859887501405218
10,6.854,0.018692767013012947
10,6.856,0.018786423085747735
10,6.8580000000000005,0.01887983747237173
10,6.86,0.01897300477690897
10,6.862,0.019065919951105778
10,6.864,0.019158578278918682
10,6.8660000000000005,0.019250975361644832
10,6.868,0.01934310710367088
10,6.87,0.019434969698815394
10,6.872,0.019526559617239373
10,6.8740000000000006,0.01961787359290249
10,6.876,0.019708908611542213
10,6.878,0.019799661899154882
10,6.88,0.019890130910958384
10,6.882000000000001,0.01998031332081564
10,6.884,0.02007020701110135
10,6.886,0.020159810062992983
10,6.888,0.020249120747169322
10,6.890000000000001,0.020338137514898283
10,6.892,0.020409852649689416
10,6.894,0.020465112887356595
10,6.896,0.020504730291191226
10,6.898000000000001,0.02052948357413979
10,6.9,0.020540119387468393
10,6.902,0.020537353572108025
10,6.904,0.02052187237030564
10,6.906000000000001,0.020494333596275945
10,6.908,0.02045536776533192
10,6.91,0.02040557918155142
10,6.912,0.02034554698445747
10,6.914,0.020275826155496758
10,6.916,0.020196948485305927
10,6.918,0.02010942350291051
10,6.92,0.020013739368088385
10,6.922,0.01991036372818862
10,6.924,0.01979974454072346
10,6.926,0.019682310863054615
10,6.928,0.01955847361048834
10,6.93,0.019428626284065692
10,6.932,0.019289746813878586
10,6.934,0.01914237512746958
10,6.936,0.018987028458190513
10,6.938,0.018824202262134885
10,6.94,0.018654371098261673
10,6.942,0.01847798947338226
10,6.944,0.018295492653625314
10,6.946,0.018107297443938086
10,6.948,0.01791380293712452
10,6.95,0.017715391233857878
10,6.952,0.017512428135049055
10,6.954,0.017305263807893302
10,6.956,0.017094233426863052
10,6.958,0.016879657790860276
10,6.96,0.016661843917695072
10,6.962,0.016441085617005136
10,6.964,0.016217664042691413
10,6.966,0.015991848225901526
10,6.968,0.01576389558955511
10,6.97,0.01553405244537295
10,6.972,0.015321301459208993
10,6.974,0.01512485293035718
10,6.976,0.014943950237968177
10,6.978,0.014777868775474278
10,6.98,0.014625914887027214
10,6.982,0.014487424807670285
10,6.984,0.014361763609222483
10,6.986,0.014248324154047361
10,6.988,0.01414652605902145
10,6.99,0.014055814672090279
10,6.992,0.013975660063820412
10,6.994,0.013905556036300877
10,6.996,0.013845019151649344
10,6.998,0.01379358778222416
10,7.0,0.013750821184451712
10,7.002,0.013716298597951608
10,7.0040000000000004,0.013689618371399944
10,7.006,0.013670397116305515
10,7.008,0.013658268889614394
10,7.01,0.013652884405792454
10,7.0120000000000005,0.013653910278785427
10,7.014,0.01366102829401539
10,7.016,0.013673934710355488
10,7.018,0.013692339591825416
10,7.0200000000000005,0.013715966168572806
10,7.022,0.013744550226559763
10,7.024,0.013777839525242376
10,7.026,0.013815593242428028
10,7.0280000000000005,0.013857581445416682
10,7.03,0.013903584587468498
10,7.032,0.01395339302859705
10,7.034,0.014006806579665904
10,7.0360000000000005,0.014063634068749765
10,7.038,0.014123692928726204
10,7.04,0.014186808805073916
10,7.042,0.014252815182873668
10,7.0440000000000005,0.014321553032036428
10,7.046,0.014392870469812604
10,7.048,0.014466622439676073
10,7.05,0.014542670405711647
10,7.0520000000000005,0.014619589946136538
10,7.054,0.014697324947690465
10,7.056,0.014775821879869396
10,7.058,0.01485502968085868
10,7.0600000000000005,0.014934899648613676
10,7.062,0.015015385336839047
10,7.064,0.015096442455630748
10,7.066,0.015178028776554756
10,7.0680000000000005,0.015260104041952187
10,7.07,0.015342629878273787
10,7.072,0.015425569713247442
10,7.074,0.015508888696706169
10,7.0760000000000005,0.015592553624902711
10,7.078,0.015676532868150163
10,7.08,0.0157607963016369
10,7.082,0.015845315239268597
10,7.0840000000000005,0.01593006237040226
10,7.086,0.016015011699338486
10,7.088,0.016100138487450667
10,7.09,0.016185419197829266
10,7.0920000000000005,0.0162721252704948
10,7.094,0.016360164886723344
10,7.096,0.016449450379850537
10,7.098,0.016539898055364263
10,7.1000000000000005,0.01663142801892568
10,7.102,0.016723964011940692
10,7.104,0.01681743325432275
10,7.106,0.016911766294111015
10,7.1080000000000005,0.017006896863623704
10,7.11,0.01710276174184605
10,7.112,0.017199300622766284
10,7.114,0.017296455989390145
10,7.1160000000000005,0.017394172993177956
10,7.118,0.017492399338660435
10,7.12,0.01759108517300342
10,7.122,0.017690182980303462
10,7.1240000000000006,0.017789647480403497
10,7.126,0.017889435532034117
10,7.128,0.017989506040088726
10,7.13,0.018089819866857062
10,7.132000000000001,0.018170576154483017
10,7.134,0.018232752317194786
10,7.136,0.018277284659775486
10,7.138,0.018305069958204245
10,7.140000000000001,0.01831696701221467
10,7.142,0.018313798160701746
10,7.144,0.01829635075396292
10,7.146,0.01826537857898851
10,7.148000000000001,0.01822160323564553
10,7.15,0.018165715462786954
10,7.152,0.018098376414176644
10,7.154,0.01802021888473928
10,7.156000000000001,0.01793184848808462
10,7.158,0.017833844786557848
10,7.16,0.017726762375275297
10,7.162,0.017611131921736023
10,7.164000000000001,0.017487461162673777
10,7.166,0.017356235859853398
10,7.168,0.017217920716519196
10,7.17,0.017072960256187188
10,7.172,0.016923113096149613
10,7.174,0.01676871192604806
10,7.176,0.016610074852726517
10,7.178,0.01644750601316231
10,7.18,0.016281296163278076
10,7.182,0.01611172324373574
10,7.184,0.015939052923762218
10,7.186,0.015763539124019895
10,7.188,0.015585424519487578
10,7.19,0.015404941023280801
10,7.192,0.01522231025230207
10,7.194,0.015037743975572442
10,7.196,0.01485144454606471
10,7.198,0.014663605316826851
10,7.2,0.014474411042148642
10,7.202,0.014284038264504102
10,7.204,0.014092655687968721
10,7.206,0.01390042453879126
10,7.208,0.013707498913773946
10,7.21,0.013514026117096326
10,7.212,0.013336855517099178
10,7.214,0.013175195156679833
10,7.216,0.013028287925221033
10,7.218,0.012895410362395015
10,7.22,0.012775871464780946
10,7.222,0.01266901149763817
10,7.224,0.012574200814517763
10,7.226,0.012490838687648867
10,7.228,0.01241835215218697
10,7.23,0.012356194867463437
10,7.232,0.012303845998331227
10,7.234,0.012260809119568186
10,7.236,0.012226611146092413
10,7.238,0.012200801291467842
10,7.24,0.012182950056866062
10,7.242,0.012172648252294095
10,7.244,0.012169506051537682
10,7.246,0.012173152081892222
10,7.248,0.012183232549400035
10,7.25,0.012199410399961327
10,7.252,0.012220056860990727
10,7.2540000000000004,0.01224493922799666
10,7.256,0.012273835765948211
10,7.258,0.012306535184873358
10,7.26,0.012342836140319951
10,7.2620000000000005,0.012382546757815761
10,7.264,0.012425484180421713
10,7.266,0.012471474138447224
10,7.268,0.012520350540384145
10,7.2700000000000005,0.012571955084111205
10,7.272,0.012626136887431284
10,7.274,0.012682752137012336
10,7.276,0.01274166375482934
10,7.2780000000000005,0.012802741081226771
10,7.28,0.012865859573751099
10,7.282,0.012930900520935776
10,7.284,0.012997750770255733
10,7.2860000000000005,0.013066302469500728
10,7.288,0.013136452820858069
10,7.29,0.013208103847025148
10,7.292,0.013281162168712111
10,7.2940000000000005,0.013355538792926286
10,7.296,0.013431148911467246
10,7.298,0.013507911709088948
10,7.3,0.013585750180821596
10,7.3020000000000005,0.013664590957969677
10,7.304,0.013744364142336284
10,7.306,0.013825003148246702
10,7.308,0.013906444551968815
10,7.3100000000000005,0.013988627948154718
10,7.312,0.014071495812946769
10,7.314,0.01415499337341315
10,7.316,0.014239068482997708
10,7.3180000000000005,0.014323671502685854
10,7.32,0.014408755187606032
10,7.322,0.014494274578803118
10,7.324,0.014580186899931171
10,7.3260000000000005,0.01466645145863202
10,7.328,0.014753029552373256
10,7.33,0.014839884378536967
10,7.332,0.014926980948557333
10,7.3340000000000005,0.015014286005917556
10,7.336,0.015101767947827383
10,7.338,0.01518939675040894
10,7.34,0.015277143897231945
10,7.3420000000000005,0.015364982311040264
10,7.344,0.015452886288528077
10,7.346,0.015540831438024452
10,7.348,0.01562879461995431
10,7.3500000000000005,0.015716753889951342
10,7.352,0.01580468844450162
10,7.354,0.01589257856900568
10,7.356,0.015980405588148675
10,7.3580000000000005,0.016068151818477327
10,7.36,0.016155800523082645
10,7.362,0.016243335868295974
10,7.364,0.016330742882308947
10,7.3660000000000005,0.0164180074156297
10,7.368,0.016505116103295945
10,7.37,0.016592056328765172
10,7.372,0.016680127578058736
10,7.3740000000000006,0.016769245335990834
10,7.376,0.016859329052520352
10,7.378,0.016950301966531724
10,7.38,0.01704209093743829
10,7.382000000000001,0.017134626284243795
10,7.384,0.01722784163172443
10,7.386,0.017321673763406247
10,7.388,0.017416062481028335
10,7.390000000000001,0.017510950470202666
10,7.392,0.017606283171990332
10,7.394,0.017702008660129255
10,7.396,0.01779807752366319
10,7.398000000000001,0.01789444275473099
10,7.4,0.017991059641287097
10,7.402,0.018087885664537028
10,7.404,0.018184880400878463
10,7.406000000000001,0.018282005428150196
10,7.408,0.018379224236000302
10,7.41,0.01847650214019116
10,7.412,0.018553273226417883
10,7.414000000000001,0.018610581514344627
10,7.416,0.018649425320311764
10,7.418,0.01867075920031305
10,7.42,0.018675495826353975
10,7.422000000000001,0.018664507792629105
10,7.424,0.018638629350024253
10,7.426,0.018598658068900327
10,7.428,0.018545356431124906
10,7.43,0.018479453353005798
10,7.432,0.0184016456412358
10,7.434,0.018312599384250165
10,7.436,0.018212951281561442
10,7.438,0.018103309913722984
10,7.44,0.017984256955587585
10,7.442,0.017856348335503414
10,7.444,0.017720115343035924
10,7.446,0.01757606568772521
10,7.448,0.01742468451130375
10,7.45,0.017266435355698183
10,7.452,0.017103129080651387
10,7.454,0.016935111510581552
10,7.456,0.016762712924640304
10,7.458,0.016586248724644863
10,7.46,0.016406020075643596
10,7.462,0.01622231452045236
10,7.464,0.016035406569441305
10,7.466,0.015845558266786314
10,7.468,0.015653019734345772
10,7.47,0.01545802969426933
10,7.472,0.015260815971394876
10,7.474,0.015061595976447184
10,7.476,0.014860577171004903
10,7.478,0.014657957515167816
10,7.48,0.014453925898819154
10,7.482,0.01424866255734394
10,7.484,0.014042339472637931
10,7.486,0.013835120760213841
10,7.488,0.013627163043189056
10,7.49,0.013418615813919052
10,7.492,0.01322707857708857
10,7.494,0.013051713141002385
10,7.496,0.012891718439457751
10,7.498,0.012746329213800076
10,7.5,0.012614814707405364
10,7.502,0.012496477374546532
10,7.5040000000000004,0.012390651605788037
10,7.506,0.012296702472197179
10,7.508,0.012214024490728012
10,7.51,0.012142040413151322
10,7.5120000000000005,0.012080200040845047
10,7.514,0.012027979067638571
10,7.516,0.01198487795274111
10,7.518,0.011950420825553035
10,7.5200000000000005,0.011924154423915383
10,7.522,0.011905647067067529
10,7.524,0.011894487664293973
10,7.526,0.011890284759944515
10,7.5280000000000005,0.011892665615222191
10,7.53,0.01190127532685991
10,7.532,0.011914446333211221
10,7.534,0.011931933246670206
10,7.5360000000000005,0.011953502423618574
10,7.538,0.011978931405470907
10,7.54,0.012008008385492448
10,7.542,0.012040531700513227
10,7.5440000000000005,0.012076309346627505
10,7.546,0.012115158517952482
10,7.548,0.012156905167502147
10,7.55,0.012201383589242153
10,7.5520000000000005,0.012248436020390522
10,7.554,0.012297912263046816
10,7.556,0.01234966932425232
10,7.558,0.012403571073604739
10,7.5600000000000005,0.012459487917580923
10,7.562,0.01251729648974898
10,7.564,0.012576879356082656
10,7.566,0.01263812473462421
10,7.5680000000000005,0.012700926228773597
10,7.57,0.012765182573517267
10,7.572,0.012830797393938657
10,7.574,0.012897678975389421
10,7.5760000000000005,0.01296574004472894
10,7.578,0.013034897562070217
10,7.58,0.013105072522500568
10,7.582,0.013176189767273831
10,7.5840000000000005,0.013248177803995693
10,7.586,0.013320968635352886
10,7.588,0.013394497595956853
10,7.59,0.013468703196898463
10,7.5920000000000005,0.01354352697763336
10,7.594,0.013618913364832825
10,7.596,0.013694809537860527
10,7.598,0.013771165300549925
10,7.6000000000000005,0.013847932958974754
10,7.602,0.013925067204924075
10,7.604,0.014002525004803902
10,7.606,0.014080265493706052
10,7.6080000000000005,0.014158249874396331
10,7.61,0.014236441320986585
10,7.612,0.014316135078151413
10,7.614,0.014397221991048407
10,7.6160000000000005,0.014479598159194083
10,7.618,0.014563164694704093
10,7.62,0.014647827491752523
10,7.622,0.01473349700669587
10,7.6240000000000006,0.014820088048350834
10,7.626,0.014907519577932129
10,7.628,0.014995714518190009
10,7.63,0.015084599571306747
10,7.632000000000001,0.015174105045140286
10,7.634,0.015264164687417493
10,7.636,0.015354715527507471
10,7.638,0.015445697725417875
10,7.640000000000001,0.015537054427681078
10,7.642,0.015628731629808528
10,7.644,0.015720678045010695
10,7.646,0.015812844978895374
10,7.648000000000001,0.015905186209867687
10,7.65,0.015997657874972062
10,7.652,0.016090218360927874
10,7.654,0.01618282820012014
10,7.656000000000001,0.016275449971321725
10,7.658,0.016368048204929403
10,7.66,0.016460589292511617
10,7.662,0.016553041400469273
10,7.664000000000001,0.016645374387625984
10,7.666,0.01673755972656666
10,7.668,0.016829570428557185
10,7.67,0.016921380971881367
10,7.672000000000001,0.01701296723344117
10,7.674,0.017104306423471695
10,7.676,0.0171953770232315
10,7.678,0.01728615872553102
10,7.68,0.017376632377972875
10,7.682,0.01746677992877997
10,7.684,0.017556584375093692
10,7.686,0.017646029713631967
10,7.688,0.01773510089359908
10,7.69,0.017823783771743314
10,7.692,0.01791074048010755
10,7.694,0.017996033972231425
10,7.696,0.018079724484408685
10,7.698,0.0181618696578543
10,7.7,0.018242524655270563
10,7.702,0.018321742272070098
10,7.704,0.018399573042503854
10,7.706,0.018476065340929503
10,7.708,0.018551265478444195
10,7.71,0.018625217795099843
10,7.712,0.018697964747900697
10,7.714,0.018769546994784503
10,7.716,0.018840003474768004
10,7.718,0.018909371484439087
10,7.72,0.018977686750961387
10,7.722,0.019044983501755597
10,7.724,0.019111294531009466
10,7.726,0.019176651263164014
10,7.728,0.019241083813516042
10,7.73,0.0193046210460691
10,7.732,0.019352331889616534
10,7.734,0.019385023126851277
10,7.736,0.019403465286772018
10,7.738,0.019408394287661893
10,7.74,0.01940051300411801
10,7.742,0.01938049276086666
10,7.744,0.019348974756329823
10,7.746,0.019306571419028164
10,7.748,0.01925386769993137
10,7.75,0.019191422303847783
10,7.752,0.019119768862872276
10,7.7540000000000004,0.019039417054820405
10,7.756,0.018950853669467794
10,7.758,0.018854543625289547
10,7.76,0.018750930939272027
10,7.7620000000000005,0.018640439652240555
10,7.764,0.018523474712021128
10,7.766,0.018400422816630818
10,7.768,0.018271653219573438
10,7.7700000000000005,0.01813751849920279
10,7.772,0.018014643865300262
10,7.774,0.017902479241146133
10,7.776,0.017800498836664708
10,7.7780000000000005,0.01770820017271812
10,7.78,0.017625103135151105
10,7.782,0.017550749058650148
10,7.784,0.01748469984037274
10,7.7860000000000005,0.017426537083200192
10,7.788,0.01737586126837837
10,7.79,0.017332290957227287
10,7.792,0.01729546202152308
10,7.7940000000000005,0.017265026902094124
10,7.796,0.017240653895112097
10,7.798,0.01722202646550569
10,7.8,0.017208842586889924
10,7.8020000000000005,0.017200814107357926
10,7.804,0.017197666140461105
10,7.806,0.017199136480676454
10,7.808,0.017204975042644382
10,7.8100000000000005,0.017214943323447723
10,7.812,0.017228813887196073
10,7.814,0.017246369871176524
10,7.816,0.017267404512833828
10,7.8180000000000005,0.017291720696845838
10,7.82,0.01731913052156904
10,7.822,0.017349454884138554
10,7.824,0.017382523083516937
10,7.8260000000000005,0.01741817244080493
10,7.828,0.01745624793613667
10,7.83,0.0174966018615029
10,7.832,0.01753909348886115
10,7.8340000000000005,0.017583588752910842
10,7.836,0.017629959947929385
10,7.838,0.017678085438086046
10,7.84,0.017727849380666
10,7.8420000000000005,0.017779141461661374
10,7.844,0.0178318566432015
10,7.846,0.017885894922314054
10,7.848,0.017941161100529904
10,7.8500000000000005,0.017997564563860625
10,7.852,0.018035091200409088
10,7.854,0.01805472593843232
10,7.856,0.01805740901215939
10,7.8580000000000005,0.018044038042446864
10,7.86,0.01801547001675619
10,7.862,0.017972523172412724
10,7.864,0.017915978787448692
10,7.8660000000000005,0.01784658288348308
10,7.868,0.01776504784511935
10,7.87,0.01767205396027834
10,7.872,0.01756825088576276
10,7.8740000000000006,0.017454259042200382
10,7.876,0.017330670942326737
10,7.878,0.017198052456390552
10,7.88,0.017056944018266948
10,7.882000000000001,0.016907861775676984
10,7.884,0.01675129868772966
10,7.886,0.01658772557282206
10,7.888,0.01641759210976956
10,7.890000000000001,0.01624132779487785
10,7.892,0.016059342857524375
10,7.894,0.01587202913667854
10,7.896,0.015679760920663408
10,7.898000000000001,0.015482895752352666
10,7.9,0.015281775201885875
10,7.902,0.015076725608896606
10,7.904,0.01486805879616197
10,7.906000000000001,0.0146560727565114
10,7.908,0.01444105231476982
10,7.91,0.014223269766453802
10,7.912,0.014002985494904908
10,7.914000000000001,0.013780448568503547
10,7.916,0.013555897319594336
10,7.918,0.013329559906735742
10,7.92,0.0131016548618936
10,7.922000000000001,0.0128723916242108
10,7.924,0.012641971062008912
10,7.926,0.01241058598472197
10,7.928,0.01217842164651495
10,7.930000000000001,0.01194565624341272
10,7.932,0.011729155447853738
10,7.934,0.01152810688469684
10,7.936,0.011341733843658146
10,7.938,0.01116929408325776
10,7.94,0.011010078653516844
10,7.942,0.010863410736324252
10,7.944,0.010728644502666057
10,7.946,0.010605163986231169
10,7.948,0.01049238197324991
10,7.95,0.010389738908763099
10,7.952,0.01029670181984032
10,7.954,0.010212763256552224
10,7.956,0.01013744025173466
10,7.958,0.010070273300762706
10,7.96,0.010010825362671732
10,7.962,0.009958680884015414
10,7.964,0.009913444846850479
10,7.966,0.009874741842184823
10,7.968,0.009842215170118638
10,7.97,0.009815525967774812
10,7.972,0.009794352365944852
10,7.974,0.009778388675188784
10,7.976,0.009767344601931283
10,7.978,0.009760944494889713
10,7.98,0.009758926621976149
10,7.982,0.009761042477616772
10,7.984,0.009767056120262865
10,7.986,0.00977674353969509
10,7.988,0.00978989205358796
10,7.99,0.009806299732668028
10,7.992,0.009825774853700828
10,7.994,0.009848135379449214
10,7.996,0.009873208464683403
10,7.998,0.009900829987267776
10,8.0,0.009930844103320428
10,8.002,0.009963102825414513
10,8.004,0.009997465622789714
10,8.006,0.010033799042538717
10,8.008000000000001,0.010071976350750973
10,8.01,0.010111877192611017
10,8.012,0.010153387270478747
10,8.014,0.010196398039005404
10,8.016,0.010240806416376588
10,8.018,0.010286514510807107
10,8.02,0.010333429361453917
10,8.022,0.01038146269294899
10,8.024000000000001,0.010430530682796642
10,8.026,0.010480553740917916
10,8.028,0.010531456300660979
10,8.03,0.010583166620638077
10,8.032,0.010635616596783014
10,8.034,0.01068874158405801
10,8.036,0.010742480227274483
10,8.038,0.010796774300521209
10,8.040000000000001,0.010851568554725419
10,8.042,0.010906810572901191
10,8.044,0.010962450632663361
10,8.046,0.011018441575614449
10,8.048,0.011074738683233143
10,8.05,0.011131299558916103
10,8.052,0.011188084015844427
10,8.054,0.011245053970369323
10,8.056000000000001,0.011302173340623072
10,8.058,0.011359407950086262
10,8.06,0.011416725435852025
10,8.062,0.011474095161345108
10,8.064,0.011531488133269301
10,8.066,0.01158887692256501
10,8.068,0.011646235589177137
10,8.07,0.011703539610438764
10,8.072000000000001,0.011760765812890503
10,8.074,0.01181789230736402
10,8.076,0.011874898427168282
10,8.078,0.011931764669223997
10,8.08,0.011988472638002796
10,8.082,0.012045004992131748
10,8.084,0.012101345393535056
10,8.086,0.012157478458988109
10,8.088000000000001,0.012213389713967633
10,8.09,0.012269065548686252
10,8.092,0.012324493176206805
10,8.094,0.012379660592535452
10,8.096,0.012434556538600703
10,8.098,0.01248917046402477
10,8.1,0.012543492492604863
10,8.102,0.012597513389420983
10,8.104000000000001,0.012651224529493646
10,8.106,0.012704617867917286
10,8.108,0.01275768591139984
10,8.11,0.012810421691141908
10,8.112,0.012862818736991072
10,8.114,0.012914871052813711
10,8.116,0.012966573093022534
10,8.118,0.013017919740210817
10,8.120000000000001,0.013068906283835705
10,8.122,0.013119528399905128
10,8.124,0.013169782131619744
10,8.126,0.013219663870924409
10,8.128,0.013269170340928022
10,8.13,0.013318298579148834
10,8.132,0.013367045921549236
10,8.134,0.01341540998732004
10,8.136000000000001,0.013463388664381836
10,8.138,0.013510980095567398
10,8.14,0.013558182665455972
10,8.142,0.013604994987826248
10,8.144,0.01365141589370046
10,8.146,0.013697444419952116
10,8.148,0.013743079798450979
10,8.15,0.01378832144571876
10,8.152000000000001,0.013833168953074092
10,8.154,0.013877622077241854
10,8.156,0.013921680731406497
10,8.158,0.013965344976687465
10,8.16,0.014008615014018308
10,8.162,0.014051491176409903
10,8.164,0.014093973921579702
10,8.166,0.014136063824930352
10,8.168000000000001,0.014177761572861564
10,8.17,0.014219067956399064
10,8.172,0.014259983865126566
10,8.174,0.014300510281405625
10,8.176,0.014340648274871517
10,8.178,0.014380398997190746
10,8.18,0.014419763677069031
10,8.182,0.014458743615497373
10,8.184000000000001,0.014497340181225912
10,8.186,0.014535554806454208
10,8.188,0.014573388982728216
10,8.19,0.01461084425703488
10,8.192,0.014647922228083405
10,8.194,0.014684624542767442
10,8.196,0.014720952892796494
10,8.198,0.014756909011490859
10,8.2,0.014792494670732452
10,8.202,0.014827711678062235
10,8.204,0.014862561873920738
10,8.206,0.01489704712902143
10,8.208,0.014931169341854306
10,8.21,0.014964930436309401
10,8.212,0.015000071795247693
10,8.214,0.015036501509424316
10,8.216,0.015074132099496058
10,8.218,0.015112880309939031
10,8.22,0.015152666912591884
10,8.222,0.01519341651936842
10,8.224,0.015235057403706943
10,8.226,0.015277521330342885
10,8.228,0.015320743393010917
10,8.23,0.015364661859701175
10,8.232,0.015409218025113502
10,8.234,0.015454356069969106
10,8.236,0.015500022926855317
10,8.238,0.015546168152297996
10,8.24,0.015592743804764546
10,8.242,0.015639704328322145
10,8.244,0.015687006441682902
10,8.246,0.015734609032385237
10,8.248,0.015782473055868322
10,8.25,0.01583056143921319
10,8.252,0.01588016903292562
10,8.254,0.015931186242668087
10,8.256,0.01598350873689075
10,8.258000000000001,0.016037037205224463
10,8.26,0.016091677127949688
10,8.262,0.01614733855603023
10,8.264,0.016203935901216496
10,8.266,0.01626138773575327
10,8.268,0.016319616601245136
10,8.27,0.016378548826256747
10,8.272,0.01643811435224475
10,8.274000000000001,0.01649824656743592
10,8.276,0.016558882148286422
10,8.278,0.016619960908173848
10,8.28,0.01668142565298933
10,8.282,0.016743222043314108
10,8.284,0.01680529846287844
10,8.286,0.0168676058930166
10,8.288,0.01693009779284162
10,8.290000000000001,0.016992729984882826
10,8.292,0.017055460545932773
10,8.294,0.01711824970286817
10,8.296,0.01718105973321897
10,8.298,0.017243854870267854
10,8.3,0.017306601212474466
10,8.302,0.017369266637028754
10,8.304,0.017431820717343945
10,8.306000000000001,0.01749423464431085
10,8.308,0.017556481151143184
10,8.31,0.017618534441648532
10,8.312,0.01768037012177262
10,8.314,0.01774196513426399
10,8.316,0.01780329769632091
10,8.318,0.01786434724008187
10,8.32,0.017925094355833473
10,8.322000000000001,0.017985520737809402
10,8.324,0.018045609132463038
10,8.326,0.018105343289103737
10,8.328,0.01816470791278542
10,8.33,0.018223688619348193
10,8.332,0.018282271892512494
10,8.334,0.018340445042934625
10,8.336,0.0183981961691325
10,8.338000000000001,0.0184555141201969
10,8.34,0.01851238846020871
10,8.342,0.018568809434280697
10,8.344,0.018624767936153547
10,8.346,0.01868025547727316
10,8.348,0.01873526415728264
10,8.35,0.01878978663586405
10,8.352,0.018843816105868036
10,8.354000000000001,0.018897346267674163
10,8.356,0.01895037130472379
10,8.358,0.019002885860173478
10,8.36,0.019054885014617925
10,8.362,0.019106364264831577
10,8.364,0.01915731950348624
10,8.366,0.019207746999796032
10,8.368,0.019257643381050585
10,8.370000000000001,0.019307005614993978
10,8.372,0.01933820153442927
10,8.374,0.019352159329222195
10,8.376,0.019349765159320173
10,8.378,0.01933186511445662
10,8.38,0.019299267074279928
10,8.382,0.019252742473973277
10,8.384,0.01919302798039293
10,8.386000000000001,0.019120827083622914
10,8.388,0.019036811608670247
10,8.39,0.018941623151816096
10,8.392,0.018835874445919068
10,8.394,0.01872015065873221
10,8.396,0.01859501062806912
10,8.398,0.01846098803742946
10,8.4,0.018318592535476855
10,8.402000000000001,0.01816831080255396
10,8.404,0.01801060756722768
10,8.406,0.017845926575665853
10,8.408,0.017674691516479758
10,8.41,0.01749730690350184
10,8.412,0.017314158918816522
10,8.414,0.017125616218224286
10,8.416,0.016932030701187945
10,8.418000000000001,0.016733738247189933
10,8.42,0.01653105942032045
10,8.422,0.016324300143811168
10,8.424,0.016113752346141867
10,8.426,0.01589969458025405
10,8.428,0.015682392617334538
10,8.43,0.015462100016559415
10,8.432,0.015239058672122142
10,8.434000000000001,0.015013499338819512
10,8.436,0.014785642137412808
10,8.438,0.014555697040940648
10,8.44,0.014323864343125584
10,8.442,0.014090335109980333
10,8.444,0.013855291615702398
10,8.446,0.013618907763923098
10,8.448,0.013381349495374424
10,8.45,0.01314277518302704
10,8.452,0.012921007025133385
10,8.454,0.012715214414052484
10,8.456,0.01252460323988637
10,8.458,0.012348414535706998
10,8.46,0.012185923151704102
10,8.462,0.012036436459126538
10,8.464,0.011899293084775065
10,8.466,0.011773861676712315
10,8.468,0.0116595397017678
10,8.47,0.011555752275340959
10,8.472,0.01146195102392753
10,8.474,0.011377612980718703
10,8.476,0.011302239514543174
10,8.478,0.011235355292338892
10,8.48,0.01117650727525768
10,8.482,0.011125263748410372
10,8.484,0.011081213384172041
10,8.486,0.011043964338871807
10,8.488,0.011013143382599289
10,8.49,0.010988395061765747
10,8.492,0.010968044054441337
10,8.494,0.010951845807655139
10,8.496,0.01093956748565723
10,8.498,0.010930987429765645
10,8.5,0.0109258946412271
10,8.502,0.010924088286373663
10,8.504,0.01092537722334769
10,8.506,0.010929579549659894
10,8.508000000000001,0.010936522169846263
10,8.51,0.01094604038248958
10,8.512,0.010957977485873833
10,8.514,0.010972184401552305
10,8.516,0.010988519315116383
10,8.518,0.011006847333469238
10,8.52,0.011027040157917434
10,8.522,0.011048975772415957
10,8.524000000000001,0.011072538146316948
10,8.526,0.011097616950991212
10,8.528,0.011124107289711959
10,8.53,0.011151909440210621
10,8.532,0.01118092860933423
10,8.534,0.011211074699257783
10,8.536,0.01124226208471895
10,8.538,0.011274409400772296
10,8.540000000000001,0.011307439340574847
10,8.542,0.011341278462733138
10,8.544,0.011375857007770168
10,8.546,0.011411108723279804
10,8.548,0.011446970697363007
10,8.55,0.011483383199953099
10,8.552,0.01152028953165757
10,8.554,0.011557635879760808
10,8.556000000000001,0.011595371181047122
10,8.558,0.0116334469911208
10,8.56,0.011671817359913182
10,8.562,0.011710438713083355
10,8.564,0.011749269739031589
10,8.566,0.01178827128125719
10,8.568,0.011827406235807893
10,8.57,0.011866639453576596
10,8.572000000000001,0.011907270420493084
10,8.574,0.011949190851393326
10,8.576,0.011992297792607605
10,8.578,0.01203649337203181
10,8.58,0.012081684560893579
10,8.582,0.012127782946667135
10,8.584,0.012174704516612261
10,8.586,0.012222369451438184
10,8.588000000000001,0.012270701928615978
10,8.59,0.012319629934886401
10,8.592,0.012369085087528885
10,8.594,0.01241900246398116
10,8.596,0.012469320439415949
10,8.598,0.012519980531900126
10,8.6,0.01257092725478148
10,8.602,0.01262210797596163
10,8.604000000000001,0.012673472783734005
10,8.606,0.012724974358876923
10,8.608,0.012776567852709293
10,8.61,0.012828210770830817
10,8.612,0.012879862862277072
10,8.614,0.012931486013839697
10,8.616,0.01298304414930834
10,8.618,0.013034503133403156
10,8.620000000000001,0.013085830680180498
10,8.622,0.013136996265702278
10,8.624,0.013187971044768633
10,8.626,0.013238727771525979
10,8.628,0.013289240723768104
10,8.63,0.013339485630759111
10,8.632,0.013389439604413248
10,8.634,0.013439081073674447
10,8.636000000000001,0.01348838972194865
10,8.638,0.013537346427443926
10,8.64,0.013585933206284411
10,8.642,0.013634133158269227
10,8.644,0.013681930415151337
10,8.646,0.013729310091320869
10,8.648,0.01377625823677993
10,8.65,0.0138227617923026
10,8.652000000000001,0.01386918606462247
10,8.654,0.013915504004777727
10,8.656,0.013961690051336476
10,8.658,0.014007720059925453
10,8.66,0.01405357123604406
10,8.662,0.014099222071012418
10,8.664,0.014144652280904408
10,8.666,0.014189842748326265
10,8.668000000000001,0.014234775466909353
10,8.67,0.014279433488386156
10,8.672,0.014323800872131807
10,8.674,0.014367862637054777
10,8.676,0.014411604715725272
10,8.678,0.014455013910638958
10,8.68,0.014498077852514685
10,8.682,0.014540784960531015
10,8.684000000000001,0.014583124404411911
10,8.686,0.014625086068274272
10,8.688,0.01466666051615541
10,8.69,0.014707838959142242
10,8.692,0.014749928084604602
10,8.694,0.014792845654197395
10,8.696,0.014836513455027102
10,8.698,0.014880857115059504
10,8.700000000000001,0.014925805926902961
10,8.702,0.014971292679593146
10,8.704,0.015017253498018258
10,8.706,0.015063627689641318
10,8.708,0.015110357598191097
10,8.71,0.015157388464005718
10,8.712,0.015204668290730642
10,8.714,0.015252147718080505
10,8.716,0.015299779900394533
10,8.718,0.015347520390718123
10,8.72,0.015395327030164366
10,8.722,0.015443159842313548
10,8.724,0.015490980932422046
10,8.726,0.015538754391223947
10,8.728,0.015586446203114095
10,8.73,0.015634024158514875
10,8.732,0.015681457770236967
10,8.734,0.015728718193650206
10,8.736,0.015775778150493983
10,8.738,0.015822611856158172
10,8.74,0.01586919495027967
10,8.742,0.01591550443050101
10,8.744,0.015961518589248828
10,8.746,0.016007216953392352
10,8.748,0.01605258022665374
10,8.75,0.01609759023464102
10,8.752,0.016142229872388
10,8.754,0.016186483054282868
10,8.756,0.0162303346662799
10,8.758000000000001,0.016273770520288135
10,8.76,0.016316777310638582
10,8.762,0.016359342572534373
10,8.764,0.016401454642395168
10,8.766,0.016443102620006443
10,8.768,0.016484276332394777
10,8.77,0.016524966299348076
10,8.772,0.016565163700506067
10,8.774000000000001,0.016604860343951006
10,8.776,0.016644048636227645
10,8.778,0.016682721553730007
10,8.78,0.016720872615390858
10,8.782,0.01675849585661537
10,8.784,0.016795585804401585
10,8.786,0.016832137453594995
10,8.788,0.016868146244223614
10,8.790000000000001,0.01690360803986699
10,8.792,0.01693851910700906
10,8.794,0.016972876095333125
10,8.796,0.017006676018913286
10,8.798,0.01703991623826406
10,8.8,0.017072594443208088
10,8.802,0.017104708636523424
10,8.804,0.01713625711833837
10,8.806000000000001,0.0171672384712361
10,8.808,0.0171976515460403
10,8.81,0.017227495448247695
10,8.812,0.01725676952508117
10,8.814,0.01728547335313314
10,8.816,0.01731360672657341
10,8.818,0.017341169645896035
10,8.82,0.017368162307179875
10,8.822000000000001,0.017394585091841542
10,8.824,0.01742043855685522
10,8.826,0.017445723425422426
10,8.828,0.01747044057806696
10,8.83,0.017494591044139928
10,8.832,0.017518175993713272
10,8.834,0.017541196729845603
10,8.836,0.017563654681203595
10,8.838000000000001,0.017585551395022055
10,8.84,0.017606888530389483
10,8.842,0.01762766785184067
10,8.844,0.017647891223246406
10,8.846,0.017667560601985384
10,8.848,0.017686678033384088
10,8.85,0.01770524564541589
10,8.852,0.017706253801951472
10,8.854000000000001,0.017690585788431842
10,8.856,0.017659085793532044
10,8.858,0.017612560709738413
10,8.86,0.017551781841734473
10,8.862,0.017477486527932958
10,8.864,0.017390379680257664
10,8.866,0.017291135247022093
10,8.868,0.017180397603493745
10,8.870000000000001,0.0170587828744651
10,8.872,0.016926880192900607
10,8.874,0.016785252898481196
10,8.876,0.016634439679636098
10,8.878,0.016474955662432244
10,8.88,0.01630729344948741
10,8.882,0.016131924111884775
10,8.884,0.015949298136892092
10,8.886000000000001,0.015759846334129527
10,8.888,0.015563980702684485
10,8.89,0.015362095261543567
10,8.892,0.015154566845593133
10,8.894,0.014941755869337547
10,8.896,0.014724007060396662
10,8.898,0.014501650164766325
10,8.9,0.01427500062576711
10,8.902000000000001,0.014044360238558755
10,8.904,0.013810017782064246
10,8.906,0.01357224963013455
10,8.908,0.013331320343785367
10,8.91,0.013087483246357778
10,8.912,0.01284098098349698
10,8.914,0.01259204606990798
10,8.916,0.012340901424941392
10,8.918000000000001,0.012087760899186676
10,8.92,0.011832829794410707
10,8.922,0.011576305379386065
10,8.924,0.011318377404411231
10,8.926,0.011059228617640832
10,8.928,0.010799035286743247
10,8.93,0.010537967729884183
10,8.932,0.010294803442228677
10,8.934000000000001,0.010068670987804958
10,8.936,0.009858735585340258
10,8.938,0.009664197849215404
10,8.94,0.009484292564660176
10,8.942,0.00931828749589662
10,8.944,0.009165482225691308
10,8.946,0.009025207024649245
10,8.948,0.008896821748558255
10,8.950000000000001,0.008779714762175211
10,8.952,0.008673301887996827
10,8.954,0.008577025378785191
10,8.956,0.008490352912878802
10,8.958,0.008412776611603386
10,8.96,0.008343812078383356
10,8.962,0.008282997459427503
10,8.964,0.008229892526099795
10,8.966,0.00818407777929048
10,8.968,0.00814515357625249
10,8.97,0.008112739280476015
10,8.972,0.00808484163052697
10,8.974,0.008061205290090136
10,8.976,0.008041587093030858
10,8.978,0.008025755494225814
10,8.98,0.008013490041495775
10,8.982,0.008004580868310665
10,8.984,0.007998828206894085
10,8.986,0.007996041921320094
10,8.988,0.007996041060149462
10,8.99,0.0079986534281262
10,8.992,0.008003715176418952
10,8.994,0.008011070410869636
10,8.996,0.008020570817686395
10,8.998,0.008032075306007956
10,9.0,0.008045449666746708
10,9.002,0.008060566247118582
10,9.004,0.008077303640258441
10,9.006,0.008095546389326125
10,9.008000000000001,0.008115184705508224
10,9.01,0.008136114199332207
10,9.012,0.00815823562471748
10,9.014,0.008181454635201495
10,9.016,0.008205681551792337
10,9.018,0.008230831141917819
10,9.02,0.008256822408954973
10,9.022,0.008283578391843413
10,9.024000000000001,0.008311025974305115
10,9.026,0.008339095703209409
10,9.028,0.008367721615644943
10,9.03,0.008396841074274485
10,9.032,0.008426394610570738
10,9.034,0.00845632577554819
10,9.036,0.008486580997623483
10,9.038,0.00851710944725528
10,9.040000000000001,0.008547862908030716
10,9.042,0.008578795653881699
10,9.044,0.008609864332129435
10,9.046,0.00864102785207373
10,9.048,0.00867224727885201
10,9.05,0.00870348573231215
10,9.052,0.008736322278807482
10,9.054,0.008770637839209026
10,9.056000000000001,0.00880631916035909
10,9.058,0.008843258537618581
10,9.06,0.008881353551078506
10,9.062,0.008920506814757458
10,9.064,0.00896062573813714
10,9.066,0.009001622299412157
10,9.068,0.009043412829855081
10,9.07,0.00908591780873154
10,9.072000000000001,0.009129061668217215
10,9.074,0.009172772607808771
10,9.076,0.009216982417730984
10,9.078,0.009261626310883455
10,9.08,0.00930664276288249
10,9.082,0.009351973359784164
10,9.084,0.009397562653095385
10,9.086,0.009443358021700892
10,9.088000000000001,0.009489309540353257
10,9.09,0.009535369854395659
10,9.092,0.009581494060401947
10,9.094,0.00962763959243803
10,9.096,0.009673766113664006
10,9.098,0.009719835413011522
10,9.1,0.009765811306686367
10,9.102,0.009811659544257705
10,9.104000000000001,0.009857347719112338
10,9.106,0.009902845183058305
10,9.108,0.00994812296487884
10,9.11,0.00999315369264623
10,9.112,0.010037911519613791
10,9.114,0.010082372053516149
10,9.116,0.01012651228911465
10,9.118,0.010170310543834906
10,9.120000000000001,0.010213746396348528
10,9.122,0.010256800627963776
10,9.124,0.010299455166689049
10,9.126,0.010341693033847391
10,9.128,0.010383498293121097
10,9.13,0.010424856001915483
10,9.132,0.010465752164930828
10,9.134,0.010506173689844007
10,9.136000000000001,0.010546108344999548
10,9.138,0.010585544719018574
10,9.14,0.010624472182238423
10,9.142,0.010662880849896458
10,9.144,0.01070076154698049
10,9.146,0.0107381057746685
10,9.148,0.010774905678285075
10,9.15,0.01081115401670507
10,9.152000000000001,0.01084684413314007
10,9.154,0.0108819699272427
10,9.156,0.010916525828470214
10,9.158,0.01095050677065057
10,9.16,0.010983908167694562
10,9.162,0.011016725890404163
10,9.164,0.011048956244327154
10,9.166,0.011080595948609231
10,9.168000000000001,0.011111642115800112
10,9.17,0.011142092232570972
10,9.172,0.011173518854824777
10,9.174,0.011205838420477022
10,9.176,0.011238971387505063
10,9.178,0.011272842050719066
10,9.18,0.011307378367048265
10,9.182,0.011342511788933267
10,9.184000000000001,0.011378177105437006
10,9.186,0.011414312290703128
10,9.188,0.011450858359407443
10,9.19,0.011487759228870024
10,9.192,0.011524961587505107
10,9.194,0.011562414769308355
10,9.196,0.01160007063408999
10,9.198,0.011637883453182677
10,9.200000000000001,0.011675809800362615
10,9.202,0.011713808447735312
10,9.204,0.011751840266352844
10,9.206,0.011789868131338406
10,9.208,0.011827856831306445
10,9.21,0.011865772981876485
10,9.212,0.011903584943089287
10,9.214,0.011941262740543105
10,9.216000000000001,0.011978777990077976
10,9.218,0.012016103825842183
10,9.22,0.012053214831584511
10,9.222,0.012090086975025399
10,9.224,0.012126697545162327
10,9.226,0.012163025092378238
10,9.228,0.01219904937122099
10,9.23,0.012234751285735238
10,9.232,0.01227011283722843
10,9.234,0.012305117074360541
10,9.236,0.012339748045453286
10,9.238,0.012373990752916729
10,9.24,0.012407831109698819
10,9.242,0.012441255897665388
10,9.244,0.012474252727826625
10,9.246,0.012506810002322158
10,9.248,0.012538916878090639
10,9.25,0.012570563232145877
10,9.252,0.012601739628387955
10,9.254,0.012632437285880586
10,9.256,0.012662648048531094
10,9.258000000000001,0.01269236435610722
10,9.26,0.012721579216534953
10,9.262,0.012750286179417335
10,9.264,0.012778479310722332
10,9.266,0.012806153168586482
10,9.268,0.012833302780185442
10,9.27,0.012859923619624248
10,9.272,0.012886011586802157
10,9.274000000000001,0.012911562987209304
10,9.276,0.012936574512612606
10,9.278,0.012961043222594466
10,9.28,0.01298496652690368
10,9.282,0.013008342168585048
10,9.284,0.013031168207852136
10,9.286,0.013053443006670924
10,9.288,0.013075165214023679
10,9.290000000000001,0.013096333751821811
10,9.292,0.013118487628503253
10,9.294,0.013141547990422085
10,9.296,0.013165439671211157
10,9.298,0.013190091029041895
10,9.3,0.013215433791132443
10,9.302,0.013241402905173005
10,9.304,0.013267936397356312
10,9.306000000000001,0.013294975236713613
10,9.308,0.013322463205469719
10,9.31,0.013350346775143058
10,9.312,0.0133785749881311
10,9.314,0.013407099344531466
10,9.316,0.013435873693961214
10,9.318,0.013464854132148188
10,9.32,0.013493998902078046
10,9.322000000000001,0.013523268299491851
10,9.324,0.01355262458253695
10,9.326,0.013582031885383688
10,9.328,0.01361145613563164
10,9.33,0.01364086497533218
10,9.332,0.013670227685467724
10,9.334,0.013699515113731693
10,9.336,0.013728699605460512
10,9.338000000000001,0.013757754937581012
10,9.34,0.01378665625543414
10,9.342,0.013815380012350487
10,9.344,0.013843903911853469
10,9.346,0.013872206852375554
10,9.348,0.013900268874374982
10,9.35,0.013928071109747617
10,9.352,0.013955595733432028
10,9.354000000000001,0.013982825917112545
10,9.356,0.014009745784927157
10,9.358,0.014036340371091506
10,9.36,0.014062595579357068
10,9.362,0.014088498144221024
10,9.364,0.014114035593813433
10,9.366,0.014139196214385079
10,9.368,0.014163969016331213
10,9.370000000000001,0.014188343701678792
10,9.372,0.014212310632978196
10,9.374,0.01423586080353468
10,9.376,0.014258985808924218
10,9.378,0.01428167781973642
10,9.38,0.014303929555491729
10,9.382,0.014325734259682114
10,9.384,0.014347085675886969
10,9.386000000000001,0.014367978024916597
10,9.388,0.014388405982941105
10,9.39,0.014408364660559458
10,9.392,0.014427849582770562
10,9.394,0.01444685666980565
10,9.396,0.014465382218786405
10,9.398,0.014483422886172647
10,9.4,0.014500975670964774
10,9.402000000000001,0.014518037898630893
10,9.404,0.01453460720572425
10,9.406,0.014550681525164583
10,9.408,0.01456625907215311
10,9.41,0.014581338330693739
10,9.412,0.014595918040696319
10,9.414,0.01460999718563492
10,9.416,0.014623574980738397
10,9.418000000000001,0.014636650861691625
10,9.42,0.014649224473823023
10,9.422,0.014661295661759608
10,9.424,0.014672864459529469
10,9.426,0.014683931081091048
10,9.428,0.01469449591127312
10,9.43,0.014704559497106796
10,9.432,0.014714122539531945
10,9.434000000000001,0.01472318588546525
10,9.436,0.014731750520210238
10,9.438,0.014739817560197866
10,9.44,0.014747388246043717
10,9.442,0.014754463935904773
10,9.444,0.014761046099128245
10,9.446,0.014767136310175542
10,9.448,0.014772736242812138
10,9.450000000000001,0.014777847664551699
10,9.452,0.014783981011850857
10,9.454,0.014791063196666943
10,9.456,0.01479902442472754
10,9.458,0.014807798055590245
10,9.46,0.014817320468633958
10,9.462,0.014827530934726527
10,9.464,0.01483837149333129
10,9.466000000000001,0.014849786834819962
10,9.468,0.014861724187771272
10,9.47,0.014874133211042152
10,9.472,0.014886965890408898
10,9.474,0.014900176439583562
10,9.476,0.014913721205417596
10,9.478,0.014927558577115491
10,9.48,0.01494164889928596
10,9.482,0.014955954388668246
10,9.484,0.014970439054374687
10,9.486,0.014985068621501911
10,9.488,0.014999810457964459
10,9.49,0.015014633504415323
10,9.492,0.015029508207120828
10,9.494,0.015044406453664377
10,9.496,0.01505930151135863
10,9.498,0.015074167968249811
10,9.5,0.015088981676606168
10,9.502,0.015103719698782641
10,9.504,0.015118360255363136
10,9.506,0.015132882675480259
10,9.508000000000001,0.015147267349225176
10,9.51,0.01516149568205414
10,9.512,0.015175550051110414
10,9.514,0.015189413763379192
10,9.516,0.01520307101559777
10,9.518,0.01521650685584846
10,9.52,0.015229707146760583
10,9.522,0.015242658530256482
10,9.524000000000001,0.015255348393773899
10,9.526,0.015267764837905075
10,9.528,0.015279896645390022
10,9.53,0.015291733251410068
10,9.532,0.015303264715124488
10,9.534,0.015314481692399271
10,9.536,0.015325375409677983
10,9.538,0.01533593763894596
10,9.540000000000001,0.01534616067374299
10,9.542,0.015356037306180322
10,9.544,0.015365560804918106
10,9.546,0.015374724894067373
10,9.548,0.015383523732972143
10,9.55,0.015391951896840134
10,9.552,0.015400004358183185
10,9.554,0.015407676469034435
10,9.556000000000001,0.015414963943911616
10,9.558,0.015421862843491707
10,9.56,0.015428369558970789
10,9.562,0.015434480797078837
10,9.564,0.0154401935657219
10,9.566,0.015445505160226644
10,9.568,0.015450413150161584
10,9.57,0.015454915366709822
10,9.572000000000001,0.015460236991915151
10,9.574,0.015466312442282118
10,9.576,0.01547307905518811
10,9.578,0.01548047696839987
10,9.58,0.015488449004521258
10,9.582,0.015496940560170995
10,9.584,0.015505899499694388
10,9.586,0.015515276053223613
10,9.588000000000001,0.01552502271890933
10,9.59,0.015535094169150918
10,9.592,0.015545447160660754
10,9.594,0.015556040448207716
10,9.596,0.015566834701885558
10,9.598,0.015577792427765871
10,9.6,0.015588877891791971
10,9.602,0.015600057046784915
10,9.604000000000001,0.015611297462431567
10,9.606,0.015622568258135796
10,9.608,0.015633840038609636
10,9.61,0.0156450848321005
10,9.612,0.015657754214611474
10,9.614,0.015671750723984166
10,9.616,0.01568698117233707
10,9.618,0.0157033564699867
10,9.620000000000001,0.015720791456565526
10,9.622,0.015739204739047497
10,9.624,0.015758518536398213
10,9.626,0.015778658530583002
10,9.628,0.0157995537236699
10,9.63,0.015821136300781476
10,9.632,0.015843341498655548
10,9.634,0.015866107479583717
10,9.636000000000001,0.015889375210510495
10,9.638,0.015913088347078417
10,9.64,0.01593719312241833
10,9.642,0.01596163824049026
10,9.644,0.01598637477378744
10,9.646,0.01601135606522488
10,9.648,0.016036537634041323
10,9.65,0.01606187708554938
10,9.652000000000001,0.016086113293231563
10,9.654,0.01610927088849362
10,9.656,0.016131373693780288
10,9.658,0.01615244475374939
10,9.66,0.016172506365177017
10,9.662,0.016191580105646346
10,9.664,0.016209686861071788
10,9.666,0.01622684685210558
10,9.668000000000001,0.016243079659475718
10,9.67,0.016258404248296384
10,9.672,0.016272838991396078
10,9.674,0.016286401691703967
10,9.676,0.016299109603731876
10,9.678,0.016310979454191903
10,9.68,0.016322027461782764
10,9.682,0.0163322693561816
10,9.684000000000001,0.01634172039627299
10,9.686,0.01635039538764667
10,9.688,0.016358308699394444
10,9.69,0.016365474280235288
10,9.692,0.016373123831730552
10,9.694,0.016381207767286188
10,9.696,0.016389678736269404
10,9.698,0.016398491532726343
10,9.700000000000001,0.016407603007774142
10,9.702,0.016416971985517826
10,9.704,0.016426559182353022
10,9.706,0.01643632712951816
10,9.708,0.016446240098764726
10,9.71,0.016456264031022388
10,9.712,0.01646636646793723
10,9.714,0.01647651648616849
10,9.716000000000001,0.016486684634332907
10,9.718,0.01649684287249001
10,9.72,0.016506964514066528
10,9.722,0.016517024170122345
10,9.724,0.01652699769586211
10,9.726,0.016536862139305025
10,9.728,0.016546595692023127
10,9.73,0.01655617764186646
10,9.732,0.016548729563134506
10,9.734,0.016525049218082042
10,9.736,0.016485902780044154
10,9.738,0.01643202609788043
10,9.74,0.016364125915533816
10,9.742,0.016282881047051032
10,9.744,0.016188943507921633
10,9.746,0.016082939603951376
10,9.748,0.01596547097913731
10,9.75,0.0158371156241852
10,9.752,0.015698428847423992
10,9.754,0.01554994420995121
10,9.756,0.015392174426892431
10,9.758000000000001,0.015225612236688838
10,9.76,0.015050731240353896
10,9.762,0.014867986712655745
10,9.764,0.01467781638720462
10,9.766,0.01448064121745399
10,9.768,0.014276866115656464
10,9.77,0.014066880671870252
10,9.772,0.013869303592686271
10,9.774000000000001,0.013683581986216416
10,9.776,0.013509184720235372
10,9.778,0.013345601676836762
10,9.78,0.013192343024960466
10,9.782,0.01304893851069597
10,9.784,0.012914936765265837
10,9.786,0.012789904630599888
10,9.788,0.012673426502414688
10,9.790000000000001,0.012565103690713503
10,9.792,0.012464553797625965
10,9.794,0.01237141011250146
10,9.796,0.012285321024168466
10,9.798,0.012205949450262437
10,9.8,0.012132972283514459
10,9.802,0.012066079854878948
10,9.804,0.012004975413360687
10,9.806000000000001,0.011949374622386924
10,9.808,0.011899005072544324
10,9.81,0.01185360581048235
10,9.812,0.01181170916298655
10,9.814,0.011773138470737878
10,9.816,0.011737724541964761
10,9.818,0.011705305351707843
10,9.82,0.01167572575222335
10,9.822000000000001,0.011648837194222694
10,9.824,0.011624497458644797
10,9.826,0.011602570398655088
10,9.828,0.011582925691567584
10,9.83,0.01156543860038149
10,9.832,0.011549989744630687
10,9.834,0.011536464880241376
10,9.836,0.0115247546880984
10,9.838000000000001,0.011514754571024443
10,9.84,0.011506364458879698
10,9.842,0.011499488621492247
10,9.844,0.011494035489141513
10,9.846,0.011489917480312093
10,9.848,0.011487050836453154
10,9.85,0.011485355463475727
10,9.852,0.011484754779732702
10,9.854000000000001,0.011485175570230844
10,9.856,0.011486547846832047
10,9.858,0.01148880471420753
10,9.86,0.011491882241318746
10,9.862,0.011495719338200932
10,9.864,0.011500257637839588
10,9.866,0.01150544138293144
10,9.868,0.011511217317330878
10,9.870000000000001,0.011517534581992865
10,9.872,0.011524344615224207
10,9.874,0.011531601057068864
10,9.876,0.011539259657655052
10,9.878,0.011547278189339307
10,9.88,0.011555616362491528
10,9.882,0.01156423574476809
10,9.884,0.011573099683728072
10,9.886000000000001,0.011582173232654216
10,9.888,0.011591423079442126
10,9.89,0.011600817478432552
10,9.892,0.01161032618506207
10,9.894,0.011619920393213351
10,9.896,0.011629572675154949
10,9.898,0.011639256923959288
10,9.9,0.01164894829829637
10,9.902000000000001,0.011658623169505212
10,9.904,0.011668259070845038
10,9.906,0.011677834648837765
10,9.908,0.011687329616613088
10,9.91,0.011696724709172728
10,9.912,0.011706001640494517
10,9.914,0.01171514306239864
10,9.916,0.011724132525103598
10,9.918000000000001,0.011732954439401994
10,9.92,0.011741594040386714
10,9.922,0.011750037352665525
10,9.924,0.011758271157001943
10,9.926,0.011766282958321104
10,9.928,0.01177406095502807
10,9.93,0.011781594009580081
10,9.932,0.011790267984859855
10,9.934000000000001,0.011800005780183774
10,9.936,0.01181073366741629
10,9.938,0.011822381151363031
10,9.94,0.011834880835981002
10,9.942,0.011848168296162597
10,9.944,0.011862181954863568
10,9.946,0.011876862965349993
10,9.948,0.01189215509834741
10,9.950000000000001,0.011908004633889227
10,9.952,0.01192436025766217
10,9.954,0.011941172961658555
10,9.956,0.011958395948955473
10,9.958,0.01197598454244189
10,9.96,0.011993896097328243
10,9.962,0.012012089917277763
10,9.964,0.012030527174002974
10,9.966000000000001,0.012049170830184721
10,9.968,0.012067985565567884
10,9.97,0.01208693770610281
10,9.972,0.012105995156000714
10,9.974,0.012125127332581684
10,9.976,0.012144305103796837
10,9.978,0.01216350072831071
10,9.98,0.012182687798037196
10,9.982000000000001,0.01220184118302606
10,9.984,0.012220936978600947
10,9.986,0.012239952454653282
10,9.988,0.012258866007005499
10,9.99,0.012277657110752042
10,9.992,0.012296306275501429
10,9.994,0.012314795002435664
10,9.996,0.012333105743113863
10,9.998,0.012351221859948044
10,10.0,0.012369127588280038
10,10.002,0.012386807999996047
10,10.004,0.012404248968612981
10,10.006,0.012421437135777534
10,10.008000000000001,0.012438359879120108
10,10.01,0.012455005281406131
10,10.012,0.012472569182768768
10,10.014,0.012490980496211597
10,10.016,0.012510171218067915
10,10.018,0.012530076304059258
10,10.02,0.012550633550387658
10,10.022,0.012571783479650208
10,10.024000000000001,0.01259346923137213
10,10.026,0.012615636456961324
10,10.028,0.012638233218899496
10,10.03,0.012661209893991663
10,10.032,0.012684519080503172
10,10.034,0.012708115509022858
10,10.036,0.012731955956895748
10,10.038,0.01275599916607884
10,10.040000000000001,0.012780205764276686
10,10.042,0.012804538189222135
10,10.044,0.01282896061597273
10,10.046,0.01285343888710017
10,10.048,0.012877940445651851
10,10.05,0.012902434270775061
10,10.052,0.01292705715655737
10,10.054,0.01295177645832685
10,10.056000000000001,0.01297656106291009
10,10.058,0.013001381326028648
10,10.06,0.013026209012229156
10,10.062,0.013051017237243214
10,10.064,0.013075780412675004
10,10.066,0.013100474192921246
10,10.068,0.013125075424230748
10,10.07,0.013149562095816893
10,10.072000000000001,0.013173913292936764
10,10.074,0.013198109151857255
10,10.076,0.013222130816630151
10,10.078,0.013245960397603462
10,10.08,0.013269580931595741
10,10.082,0.013292976343668184
10,10.084,0.013316131410427635
10,10.086,0.013339031724798101
10,10.088000000000001,0.013361663662202768
10,10.09,0.013384014348097878
10,10.092,0.013406071626803922
10,10.094,0.013427824031582119
10,10.096,0.013449260755905777
10,10.098,0.013470371625877874
10,10.1,0.01349114707374987
10,10.102,0.013511578112495268
10,10.104000000000001,0.013531656311398098
10,10.106,0.01355137377261435
10,10.108,0.013570723108666277
10,10.11,0.013589697420834388
10,10.112,0.013608290278410302
10,10.114,0.013626495698774551
10,10.116,0.013644308128269904
10,10.118,0.013661722423833752
10,10.120000000000001,0.01367873383536433
10,10.122,0.013695337988787701
10,10.124,0.013711530869799378
10,10.126,0.013727308808253577
10,10.128,0.013742668463174122
10,10.13,0.013757606808362662
10,10.132,0.013773322861936235
10,10.134,0.013789754551281376
10,10.136000000000001,0.01380684246408038
10,10.138,0.013824529743698879
10,10.14,0.01384276198867945
10,10.142,0.01386148715617578
10,10.144,0.013880655469168805
10,10.146,0.013900219327313734
10,10.148,0.013920133221271653
10,10.15,0.013940353650386523
10,10.152000000000001,0.01396083904357616
10,10.154,0.013981549683305262
10,10.156,0.014002447632520926
10,10.158,0.014023496664433527
10,10.16,0.01404466219502669
10,10.162,0.014065911218193224
10,10.164,0.014087212243389465
10,10.166,0.014108535235710533
10,10.168000000000001,0.014129851558291785
10,10.17,0.014151133916944107
10,10.172,0.014172505507793049
10,10.174,0.014193938189792837
10,10.176,0.014215405135946175
10,10.178,0.01423688078050599
10,10.18,0.014258340768258002
10,10.182,0.01427976190580381
10,10.184000000000001,0.014301122114763433
10,10.186,0.01432240038682147
10,10.188,0.014343576740540962
10,10.19,0.014364632179879724
10,10.192,0.014385548654334336
10,10.194,0.014406309020655088
10,10.196,0.01442689700606121
10,10.198,0.014447297172904425
10,10.200000000000001,0.014467494884718275
10,10.202,0.014487476273600069
10,10.204,0.01450722820887338
10,10.206,0.014526738266979634
10,10.208,0.01454599470254996
10,10.21,0.014564986420611709
10,10.212,0.014584901412662122
10,10.214,0.014605670666187348
10,10.216000000000001,0.014627228085228655
10,10.218,0.014649510376883258
10,10.22,0.014672456942200244
10,10.222,0.014696009771298571
10,10.224,0.014720113342539901
10,10.226,0.014744714525598028
10,10.228,0.014769762488272309
10,10.23,0.014795208606895054
10,10.232000000000001,0.014821006380196969
10,10.234,0.014847111346490518
10,10.236,0.014873481004044542
10,10.238,0.014900074734524947
10,10.24,0.014926853729380414
10,10.242,0.014953780919060774
10,10.244,0.014980820904956478
10,10.246,0.015007939893953163
10,10.248,0.015035105635501634
10,10.25,0.015062287361103148
10,10.252,0.015089455726119465
10,10.254,0.015116582753815541
10,10.256,0.015143641781550022
10,10.258000000000001,0.015170607409029034
10,10.26,0.015197455448547097
10,10.262,0.015224162877133176
10,10.264,0.015250707790534935
10,10.266,0.01527706935896562
10,10.268,0.015303227784547917
10,10.27,0.01532916426038971
10,10.272,0.015354860931228172
10,10.274000000000001,0.015380300855583786
10,10.276,0.015405467969363658
10,10.278,0.015430347050861585
10,10.28,0.0154549236871002
10,10.282,0.015479184241462215
10,10.284,0.015503115822564608
10,10.286,0.015526706254326086
10,10.288,0.015549944047181985
10,10.290000000000001,0.015572818370405054
10,10.292,0.015595319025486607
10,10.294,0.015617436420540493
10,10.296,0.01563916154568965
10,10.298,0.015660485949396685
10,10.3,0.01568140171570478
10,10.302,0.01570190144235231
10,10.304,0.015721978219728268
10,10.306000000000001,0.01574162561063737
10,10.308,0.015760837630842496
10,10.31,0.01577960873035621
10,10.312,0.01579793377545194
10,10.314,0.01581580803136729
10,10.316,0.015833227145674433
10,10.318,0.01585018713229036
10,10.32,0.01586668435610389
10,10.322000000000001,0.015882715518195648
10,10.324,0.01589827764162786
10,10.326,0.01591336805778341
10,10.328,0.015927984393232116
10,10.33,0.01594212455710505
10,10.332,0.015957114160965576
10,10.334,0.0159728907914701
10,10.336,0.015989394650461935
10,10.338000000000001,0.01600656845461783
10,10.34,0.016024357338886516
10,10.342,0.016042708763576725
10,10.344,0.016061572424958728
10,10.346,0.016080900169246872
10,10.348,0.016100645909835617
10,10.35,0.016120765547668284
10,10.352,0.016141216894617994
10,10.354000000000001,0.016161959599770112
10,10.356,0.016182955078494293
10,10.358,0.01620416644420213
10,10.36,0.016225558442689227
10,10.362,0.016247097388963114
10,10.364,0.016268751106463576
10,10.366,0.016290488868585588
10,10.368,0.01631228134241637
10,10.370000000000001,0.016334100534604074
10,10.372,0.016355919739277327
10,10.374,0.016377713487937484
10,10.376,0.016399457501249107
10,10.378,0.016421128642657514
10,10.38,0.016442704873763914
10,10.382,0.016464165211390994
10,10.384,0.016485489686275865
10,10.386000000000001,0.016506659303328713
10,10.388,0.01652765600339752
10,10.39,0.01654846262648197
10,10.392,0.01656906287634247
10,10.394,0.01658944128645015
10,10.396,0.016609583187228615
10,10.398,0.016629474674537143
10,10.4,0.01664910257934991
10,10.402000000000001,0.016668454438585178
10,10.404,0.01668751846704083
10,10.406,0.01670628353039408
10,10.408,0.016724739119227765
10,10.41,0.016742875324039855
10,10.412,0.016760682811204033
10,10.414,0.016778152799841208
10,10.416,0.016795277039570497
10,10.418000000000001,0.016812047789105
10,10.42,0.01682845779566059
10,10.422,0.016844500275147636
10,10.424,0.016860168893115774
10,10.426,0.016875457746422972
10,10.428,0.016890361345602307
10,10.43,0.016904874597899515
10,10.432,0.016918992790956013
10,10.434000000000001,0.016932711577113894
10,10.436,0.016946026958318375
10,10.438,0.016958935271595577
10,10.44,0.016971433175084483
10,10.442,0.016983517634601337
10,10.444,0.016995185910716887
10,10.446,0.01700643554632787
10,10.448,0.01701726435470151
10,10.450000000000001,0.01702767040797938
10,10.452,0.017038953831826655
10,10.454,0.017051054122825038
10,10.456,0.017063913273766093
10,10.458,0.01707747567926814
10,10.46,0.01709168804489601
10,10.462,0.01710649929965198
10,10.464,0.017121860511716727
10,10.466000000000001,0.017137724807321144
10,10.468,0.017154047292634388
10,10.47,0.017170784978556685
10,10.472,0.01718789670831189
10,10.474,0.01720534308773422
10,10.476,0.017223086418152293
10,10.478,0.017241090631773388
10,10.48,0.017259321229475256
10,10.482000000000001,0.017277745220917354
10,10.484,0.017296331066885204
10,10.486,0.01731504862378488
10,10.488,0.017333869090208693
10,10.49,0.017352764955494444
10,10.492,0.01737170995020478
10,10.494,0.017390678998455266
10,10.496,0.01740964817202153
10,10.498,0.017428594646162043
10,10.5,0.017447496657088453
10,10.502,0.01746633346102735
10,10.504,0.017485085294809338
10,10.506,0.017503733337932172
10,10.508000000000001,0.017522259676040968
10,10.51,0.01754064726577446
10,10.512,0.01755887990092405
10,10.514,0.017576942179859882
10,10.516,0.0175948194741735
10,10.518,0.017612497898495106
10,10.52,0.01762996428143811
10,10.522,0.01764720613763215
10,10.524000000000001,0.017664211640802396
10,10.526,0.01768096959785622
10,10.528,0.01769746942394026
10,10.53,0.01771370111843119
10,10.532,0.017730815684367063
10,10.534,0.017748748377628923
10,10.536,0.01776743712007645
10,10.538,0.017786822400183654
10,10.540000000000001,0.017806847177300973
10,10.542,0.017827456789414903
10,10.544,0.0178485988642785
10,10.546,0.01787022323379212
10,10.548,0.017892281851515736
10,10.55,0.017914728713202543
10,10.552,0.017937519780241475
10,10.554,0.017960612905905303
10,10.556000000000001,0.01798396776430335
10,10.558,0.018007545781937865
10,10.56,0.01803131007177336
10,10.562,0.018055225369724585
10,10.564,0.01807925797347674
10,10.566,0.01810337568355361
10,10.568,0.018127547746549778
10,10.57,0.01815174480045043
10,10.572000000000001,0.018157827968840433
10,10.574,0.018146597354498722
10,10.576,0.018118823555675047
10,10.578,0.01807524876119888
10,10.58,0.018016587806190032
10,10.582,0.017943529189335023
10,10.584,0.01785673605289132
10,10.586,0.01775684712671985
10,10.588000000000001,0.0176444776377278
10,10.59,0.017520220186153842
10,10.592,0.017384645590152348
10,10.594,0.01723830370013952
10,10.596,0.01708172418436177
10,10.598,0.01691541728713592
10,10.6,0.01673987456119659
10,10.602,0.016555569575573807
10,10.604000000000001,0.0163629586004107
10,10.606,0.016162481270127052
10,10.608,0.01595456122632705
10,10.61,0.015739606741861895
10,10.612,0.015536198744472476
10,10.614,0.0153438697930275
10,10.616,0.015162169318328134
10,10.618,0.014990663081548335
10,10.620000000000001,0.0148289326463318
10,10.622,0.014676574864312373
10,10.624,0.014533201373835087
10,10.626,0.01439843811165754
10,10.628,0.01427192483742668
10,10.63,0.01415331467072771
10,10.632,0.014042273640514998
10,10.634,0.013938480246738471
10,10.636000000000001,0.01384162503398817
10,10.638,0.013751410176979176
10,10.64,0.013667549077710898
10,10.642,0.013589765974127699
10,10.644,0.013517795560115774
10,10.646,0.013451382616667062
10,10.648,0.013390281654039176
10,10.65,0.013334256564741406
10,10.652000000000001,0.013283080287167357
10,10.654,0.013236534479697559
10,10.656,0.01319440920508273
10,10.658,0.013156502624922925
10,10.66,0.01312262070404177
10,10.662,0.013092576924561105
10,10.664,0.01306619200946621
10,10.666,0.013043293655454733
10,10.668000000000001,0.013023716274854474
10,10.67,0.013007300746391578
10,10.672,0.012993894174589063
10,10.674,0.012983349657573012
10,10.676,0.012975526063058147
10,10.678,0.012970287812290267
10,10.68,0.012967504671716293
10,10.682,0.012967051552154513
10,10.684000000000001,0.012968808315241775
10,10.686,0.012972659586929749
10,10.688,0.012978494577810218
10,10.69,0.012986206910048285
10,10.692,0.012995694450706637
10,10.694,0.013006859151246922
10,10.696,0.013019606892999235
10,10.698,0.013033847338393306
10,10.700000000000001,0.013049493787751644
10,10.702,0.013066463041445726
10,10.704,0.013084675267227019
10,10.706,0.013104053872543453
10,10.708,0.013124525381662349
10,10.71,0.013146019317421579
10,10.712,0.013168468087440297
10,10.714,0.013191806874622802
10,10.716000000000001,0.013215973531795348
10,10.718,0.013240908480320938
10,10.72,0.013266554612543908
10,10.722,0.013292857197917205
10,10.724,0.013319763792675552
10,10.726,0.013347224152918894
10,10.728,0.01337519015097561
10,10.73,0.013403615694922433
10,10.732000000000001,0.01343245665113992
10,10.734,0.013461670769786908
10,10.736,0.0134912176130839
10,10.738,0.013521058486297916
10,10.74,0.013551156371323916
10,10.742,0.013581475862767253
10,10.744,0.01361198310642698
10,10.746,0.013642645740092885
10,10.748000000000001,0.013673432836565032
10,10.75,0.013704314848812373
10,10.752,0.013735263557188794
10,10.754,0.013766252018628246
10,10.756,0.013797254517742823
10,10.758000000000001,0.013828246519754287
10,10.76,0.013859204625185721
10,10.762,0.013890106526248747
10,10.764,0.013920930964863026
10,10.766,0.01395165769224295
10,10.768,0.01398226742999649
10,10.77,0.014012741832675516
10,10.772,0.0140430634517245
10,10.774000000000001,0.014073215700775705
10,10.776,0.01410318282223799
10,10.778,0.014132949855132651
10,10.78,0.014162502604128368
10,10.782,0.014191827609729838
10,10.784,0.01422091211957953
10,10.786,0.01424974406082606
10,10.788,0.014278312013524594
10,10.790000000000001,0.014306605185026822
10,10.792,0.014334613385325101
10,10.794,0.014362327003315458
10,10.796,0.014389736983944109
10,10.798,0.014416834806205509
10,10.8,0.01444361246195985
10,10.802,0.01447006243553945
10,10.804,0.014496177684114831
10,10.806000000000001,0.014521951618792394
10,10.808,0.014547378086416228
10,10.81,0.014572451352048169
10,10.812,0.014598404340552235
10,10.814,0.014625176775665933
10,10.816,0.014652710846729016
10,10.818,0.014680951116064132
10,10.82,0.014709844429814762
10,10.822000000000001,0.014739339832110452
10,10.824,0.014769388482435673
10,10.826,0.014799943576079872
10,10.828,0.014830960267555269
10,10.83,0.014862395596867684
10,10.832,0.014894208418536335
10,10.834,0.014926359333254608
10,10.836,0.014958810622096278
10,10.838000000000001,0.014991526183168579
10,10.84,0.015024471470620884
10,10.842,0.015057613435919066
10,10.844,0.01509092047130234
10,10.846,0.015124362355337097
10,10.848,0.015157910200492734
10,10.85,0.015191536402659111
10,10.852,0.015225214592536234
10,10.854000000000001,0.015258919588824322
10,10.856,0.015292627353145788
10,10.858,0.015326314946636577
10,10.86,0.015359960488141639
10,10.862,0.01539354311395674
10,10.864,0.015427042939057674
10,10.866,0.015460441019761462
10,10.868,0.015493719317765869
10,10.870000000000001,0.015526860665516971
10,10.872,0.015559848732853985
10,10.874,0.015592667994884726
10,10.876,0.015625303701045697
10,10.878,0.01565774184530224
10,10.88,0.015689969137448165
10,10.882,0.01572197297546246
10,10.884,0.015753741418883905
10,10.886000000000001,0.015785263163167564
10,10.888,0.01581652751498551
10,10.89,0.01584752436843712
10,10.892,0.015878244182135716
10,10.894,0.015908677957139145
10,10.896,0.015938817215692964
10,10.898,0.01596865398075722
10,10.9,0.015998180756285955
10,10.902000000000001,0.01602739050823476
10,10.904,0.01605627664626705
10,10.906,0.01608483300613472
10,10.908,0.016113053832707787
10,10.91,0.01614093376363027
10,10.912,0.016168467813578332
10,10.914,0.016195651359098697
10,10.916,0.01622248012400686
10,10.918000000000001,0.016248950165324204
10,10.92,0.01627505785973372
10,10.922,0.016300799890536812
10,10.924,0.016326173235091546
10,10.926,0.016351175152715086
10,10.928,0.016375803173034265
10,10.93,0.01640005508476661
10,10.932,0.016425088058367406
10,10.934000000000001,0.016450846032928842
10,10.936,0.016477275210674366
10,10.938,0.016504323974440106
10,10.94,0.016531942808126986
10,10.942,0.016560084220011855
10,10.944,0.01658870266881837
10,10.946,0.016617754492443373
10,10.948,0.0166471978392431
10,10.950000000000001,0.016676992601788277
10,10.952,0.016707100352996586
10,10.954,0.01673748428455688
10,10.956,0.016768109147562396
10,10.958,0.01679894119527389
10,10.96,0.016829948127934216
10,10.962,0.016861099039561296
10,10.964,0.016892364366648486
10,10.966000000000001,0.016923715838703453
10,10.968,0.016955126430557726
10,10.97,0.01698657031638671
10,10.972,0.017018083310031944
10,10.974,0.017049642342846758
10,10.976,0.017081225383697992
10,10.978,0.017112811399961576
10,10.98,0.017144380319941744
10,10.982000000000001,0.017175912996658806
10,10.984,0.017207391172957782
10,10.986,0.017238797447887776
10,10.988,0.01727011524430683
10,10.99,0.017301328777666977
10,10.992,0.017332423025936537
10,10.994,0.017363383700617983
10,10.996,0.01739419721882122
10,10.998000000000001,0.017424850676354083
10,11.0,0.01745533182179381
10,11.002,0.017485629031500874
10,11.004,0.017515731285544903
10,11.006,0.01754562814450543
10,11.008000000000001,0.017575309727119345
10,11.01,0.01760476668874103
10,11.012,0.017633990200587753
10,11.014,0.017662971929741023
10,11.016,0.01769170401987622
10,11.018,0.017720179072694933
10,11.02,0.01774839013003324
10,11.022,0.017776330656622645
10,11.024000000000001,0.01780399452347919
10,11.026,0.017831375991898147
10,11.028,0.017858469698033095
10,11.03,0.017885270638036847
10,11.032,0.017911774153745067
10,11.034,0.01793797591888221
10,11.036,0.017963871925771927
10,11.038,0.017989458472532364
10,11.040000000000001,0.018014732150739288
10,11.042,0.018039689833541168
10,11.044,0.018064328664208366
10,11.046,0.01808864604510171
10,11.048,0.018112639627045114
10,11.05,0.01813630729908761
10,11.052,0.01814252439758442
10,11.054,0.018132050679445264
10,11.056000000000001,0.018105619052756643
10,11.058,0.018063936473703128
10,11.06,0.018007684822580253
10,11.062,0.017937521757479532
10,11.064,0.01785408154480062
10,11.066,0.017757975866190625
10,11.068,0.017649794601839203
10,11.07,0.017530106590311772
10,11.072000000000001,0.01739946036529398
10,11.074,0.01725838486976093
10,11.076,0.01710739014819895
10,11.078,0.016946968017586238
10,11.08,0.016777592717905125
10,11.082,0.0165997215430074
10,11.084,0.016413795452693645
10,11.086,0.0162202396669021
10,11.088000000000001,0.016019464242933577
10,11.09,0.01581186463666705
10,11.092,0.015618313847227628
10,11.094,0.015438238017034308
10,11.096,0.01527108386745871
10,11.098,0.015116318049403528
10,11.1,0.014973426507701252
10,11.102,0.014841913859291133
10,11.104000000000001,0.014721302785175718
10,11.106,0.014611133436177585
10,11.108,0.014510962852544287
10,11.11,0.014420364397460224
10,11.112,0.014338927204530692
10,11.114,0.014266255639305434
10,11.116,0.014201968774897747
10,11.118,0.014145699881743192
10,11.120000000000001,0.014097095931523997
10,11.122,0.014055817115257581
10,11.124,0.014021536375524087
10,11.126,0.013993938952775715
10,11.128,0.013972721945639586
10,11.13,0.013957593885094566
10,11.132,0.013944856157156498
10,11.134,0.013934398440607825
10,11.136000000000001,0.013926114613882224
10,11.138,0.013919902602790772
10,11.14,0.013915664233544015
10,11.142,0.013913305090913687
10,11.144,0.013912734381376943
10,11.146,0.013913864801090135
10,11.148,0.01391661240854013
10,11.15,0.01392089650172484
10,11.152000000000001,0.013926639499716315
10,11.154,0.01393376682846327
10,11.156,0.013942206810691726
10,11.158,0.013951890559768917
10,11.16,0.013962751877392333
10,11.162,0.013974727154977964
10,11.164,0.01398775527861557
10,11.166,0.01400177753747149
10,11.168000000000001,0.014016737535514379
10,11.17,0.014032581106449418
10,11.172,0.01404925623174663
10,11.174,0.014066712961653112
10,11.176,0.014084903339081365
10,11.178,0.014103781326272031
10,11.18,0.014123302734130304
10,11.182,0.014143425154137598
10,11.184000000000001,0.01416410789274884
10,11.186,0.014185311908179652
10,11.188,0.014206999749501237
10,11.19,0.014229135497955172
10,11.192,0.014251684710408793
10,11.194,0.014274614364871058
10,11.196,0.014297892807995576
10,11.198,0.014321489704495368
10,11.200000000000001,0.014345375988400131
10,11.202,0.014369523816089467
10,11.204,0.014393906521034332
10,11.206,0.014418498570185892
10,11.208,0.014443275521950802
10,11.21,0.01446821398569337
10,11.212,0.01449447576142322
10,11.214,0.014521987430549632
10,11.216000000000001,0.014550678460202407
10,11.218,0.014580481096585475
10,11.22,0.014611330262283992
10,11.222,0.014643163457380192
10,11.224,0.01467592066423607
10,11.226,0.014709544255808135
10,11.228,0.014743978907360813
10,11.23,0.014779171511452336
10,11.232000000000001,0.0148150710960696
10,11.234,0.014851628745793105
10,11.236,0.014888797525877726
10,11.238,0.014926532409139721
10,11.24,0.014964790205542138
10,11.242,0.015003529494378103
10,11.244,0.015042710558952718
10,11.246,0.015082295323668596
10,11.248000000000001,0.015122247293424481
10,11.25,0.015162531495239788
10,11.252,0.0152031144220199
10,11.254,0.015243963978382163
10,11.256,0.015285049428464398
10,11.258000000000001,0.01532634134564094
10,11.26,0.015367811564076232
10,11.262,0.015409433132043534
10,11.264,0.015451180266946876
10,11.266,0.015493028311978262
10,11.268,0.015534953694352396
10,11.27,0.015576933885057969
10,11.272,0.015618947360070341
10,11.274000000000001,0.015660973562970408
10,11.276,0.01570299286891758
10,11.278,0.015744986549928633
10,11.28,0.015786936741410285
10,11.282,0.015828826409903993
10,11.284,0.015870639321993965
10,11.286,0.015912360014339197
10,11.288,0.01595397376478601
10,11.290000000000001,0.01599546656452249
10,11.292,0.01603682509123675
10,11.294,0.01607803668324211
10,11.296,0.01611908931453378
10,11.298,0.016159971570743684
10,11.3,0.016200672625961067
10,11.302,0.0162411822203866
10,11.304,0.01628149063878972
10,11.306000000000001,0.0163215886897415
10,11.308,0.016361467685593625
10,11.31,0.016401119423177714
10,11.312,0.01644053616519751
10,11.314,0.01647971062229083
10,11.316,0.016518635935735715
10,11.318,0.016557305660778763
10,11.32,0.01659571375056266
10,11.322000000000001,0.016633854540630627
10,11.324,0.016671722733989605
10,11.326,0.01670931338670999
10,11.328,0.01674662189404292
10,11.33,0.01678364397703806
10,11.332,0.016820375669641945
10,11.334,0.016856813306262517
10,11.336,0.016892953509779624
10,11.338000000000001,0.01692879317998953
10,11.34,0.0169643294824646
10,11.342,0.016999559837815714
10,11.344,0.017034481911341232
10,11.346,0.01706909360305173
10,11.348,0.017103393038052757
10,11.35,0.017137378557276955
10,11.352,0.017171048708551222
10,11.354000000000001,0.01720440223798723
10,11.356,0.01723743808168373
10,11.358,0.017270155357730285
10,11.36,0.01730255335850144
10,11.362,0.017334631543229725
10,11.364,0.017366389530850585
10,11.366,0.01739782709310627
10,11.368,0.01742894414790188
10,11.370000000000001,0.01745974075290364
10,11.372,0.017472202456222604
10,11.374,0.01746712408714924
10,11.376,0.017445272861989353
10,11.378,0.017407389248189454
10,11.38,0.01735418781684147
10,11.382,0.017286358080247165
10,11.384,0.01720456531220461
10,11.386000000000001,0.01710945134942628
10,11.388,0.017001635373066017
10,11.39,0.01688171466977369
10,11.392,0.016750265372027347
10,11.394,0.016607843177755766
10,11.396,0.016454984049462665
10,11.398,0.016292204893218983
10,11.4,0.01612000421801633
10,11.402000000000001,0.015938862776066206
10,11.404,0.015749244184713476
10,11.406,0.015551595530696533
10,11.408,0.015346347957543827
10,11.41,0.015133917236950574
10,11.412,0.014933852101084853
10,11.414,0.014745669954559091
10,11.416,0.01456890535204334
10,11.418000000000001,0.014403109469454289
10,11.42,0.014247849585126626
10,11.422,0.014102708570883521
10,11.424,0.013967284392976675
10,11.426,0.013841189622917352
10,11.428,0.013724050958263685
10,11.43,0.013615508753462497
10,11.432,0.013515216560874102
10,11.434000000000001,0.013422840682124995
10,11.436,0.013338059729942692
10,11.438,0.013260564200630633
10,11.44,0.013190056057334792
10,11.442,0.013126248324239094
10,11.444,0.01306886469181066
10,11.446,0.01301763913319112
10,11.448,0.012972315531800248
10,11.450000000000001,0.012932647320192657
10,11.452,0.012897232456291558
10,11.454,0.012865893291575736
10,11.456,0.012838458743636339
10,11.458,0.01281476405699878
10,11.46,0.012794650572330573
10,11.462,0.01277796550383421
10,11.464,0.012764561724617445
10,11.466000000000001,0.012754297559825283
10,11.468,0.012747036587314771
10,11.47,0.012742647445647967
10,11.472,0.012741003649177617
10,11.474,0.012741983409996813
10,11.476,0.012745469466526275
10,11.478,0.012751348918511497
10,11.48,0.012759513068205816
10,11.482000000000001,0.012769857267517396
10,11.484,0.01278228077090164
10,11.486,0.012796686593785416
10,11.488,0.012812981376313941
10,11.49,0.012831075252215936
10,11.492,0.012850881722589679
10,11.494,0.012872317534417513
10,11.496,0.012895302563622155
10,11.498000000000001,0.012919759702486381
10,11.5,0.012945614751260392
10,11.502,0.01297279631379379
10,11.504,0.013001235697027177
10,11.506,0.013030866814192422
10,11.508000000000001,0.013061626091572354
10,11.51,0.01309345237867856
10,11.512,0.013126286861710084
10,11.514000000000001,0.013160072980164998
10,11.516,0.013194756346478407
10,11.518,0.013230284668569103
10,11.52,0.01326660767517953
10,11.522,0.013303677043902291
10,11.524000000000001,0.013341446331786489
10,11.526,0.013379870908426201
10,11.528,0.01341890789143527
10,11.53,0.01345851608421737
10,11.532,0.013499829408052923
10,11.534,0.013542759391894987
10,11.536,0.013587220922379383
10,11.538,0.013633132123391956
10,11.540000000000001,0.013680414240086225
10,11.542,0.013728991527172186
10,11.544,0.013778791141302078
10,11.546,0.013829743037389916
10,11.548,0.013881779868704557
10,11.55,0.013934836890588784
10,11.552,0.013988851867657116
10,11.554,0.014043764984337615
10,11.556000000000001,0.014099518758625485
10,11.558,0.014156057958923067
10,11.56,0.014213329523847842
10,11.562,0.014271282484892771
10,11.564,0.014329867891832517
10,11.566,0.014389038740768537
10,11.568,0.014448749904716172
10,11.57,0.014508958066637321
10,11.572000000000001,0.01456962165482837
10,11.574,0.014630700780576414
10,11.576,0.01469215717800005
10,11.578,0.01475395414599587
10,11.58,0.014816056492213655
10,11.582,0.014878430478986888
10,11.584,0.014941043771149623
10,11.586,0.015003865385670365
10,11.588000000000001,0.01506686564303995
10,11.59,0.015130016120350814
10,11.592,0.015193289606006985
10,11.594,0.01525666005600925
10,11.596,0.015320102551758334
10,11.598,0.015383593259324613
10,11.6,0.015447109390131861
10,11.602,0.015510629163006983
10,11.604000000000001,0.015574131767547754
10,11.606,0.015637597328762565
10,11.608,0.015701006872938846
10,11.61,0.01576434229469761
10,11.612,0.015827586325192742
10,11.614,0.01589072250141582
10,11.616,0.01595373513656904
10,11.618,0.016016609291468448
10,11.620000000000001,0.016079330746942566
10,11.622,0.016141885977192988
10,11.624,0.016204262124081794
10,11.626,0.016266446972317397
10,11.628,0.016328428925503784
10,11.63,0.016390196983027478
10,11.632,0.016451740717751025
10,11.634,0.016513050254485736
10,11.636000000000001,0.01657411624921814
10,11.638,0.016634929869062762
10,11.64,0.016695482772917478
10,11.642,0.016755767092796473
10,11.644,0.016815775415818437
10,11.646,0.016875500766826597
10,11.648,0.01693493659161952
10,11.65,0.01699407674077128
10,11.652000000000001,0.017056314819105516
10,11.654,0.017121486500968282
10,11.656,0.017189433613270886
10,11.658,0.01726000392559827
10,11.66,0.017333050947094034
10,11.662,0.017408433729904596
10,11.664,0.0174860166789762
10,11.666,0.01756566936800561
10,11.668000000000001,0.017647266361355447
10,11.67,0.017730687041750317
10,11.672,0.017815815443578204
10,11.674,0.017902540091627922
10,11.676,0.01799075384509582
10,11.678,0.018080353746706065
10,11.68,0.018171240876789667
10,11.682,0.018263320212169913
10,11.684000000000001,0.018356500489714697
10,11.686,0.018450694074409326
10,11.688,0.01854581683181632
10,11.69,0.01864178800478716
10,11.692,0.01871851067188096
10,11.694,0.018776795390645293
10,11.696,0.018817423834092628
10,11.698,0.018841149812712347
10,11.700000000000001,0.01884870025822583
10,11.702,0.01884077617040147
10,11.704,0.018818053528291585
10,11.706,0.01878118416726444
10,11.708,0.01873079662318817
10,11.71,0.018667496945102367
10,11.712,0.018591869477671195
10,11.714,0.01850447761467315
10,11.716000000000001,0.018405864524733875
10,11.718,0.01829655385045933
10,11.72,0.018177050382079035
10,11.722,0.01804784070666161
10,11.724,0.017909393833912542
10,11.726,0.017762161799524324
10,11.728,0.01760658024699868
10,11.73,0.017443068988822735
10,11.732000000000001,0.01727203254783775
10,11.734,0.01709386067960018
10,11.736,0.01690892887650067
10,11.738,0.016717598854369985
10,11.74,0.016520219022268343
10,11.742,0.01631712493612525
10,11.744,0.016108639736865774
10,11.746,0.01589507457363493
10,11.748000000000001,0.015676729012703255
10,11.75,0.015453891432616617
10,11.752,0.015226839406125252
10,11.754,0.014995840069415565
10,11.756,0.014761150479138691
10,11.758000000000001,0.014523017957721528
10,11.76,0.014281680427424257
10,11.762,0.014037366733596996
10,11.764000000000001,0.013790296957575086
10,11.766,0.013540682719641378
10,11.768,0.01328872747247525
10,11.77,0.013034626785501185
10,11.772,0.012796379924582558
10,11.774000000000001,0.01257337250484463
10,11.776,0.012365011356449223
10,11.778,0.0121707238659949
10,11.78,0.011989957334154389
10,11.782,0.01182217834934254
10,11.784,0.01166687217720205
10,11.786,0.011523542165693765
10,11.788,0.011391709165575012
10,11.790000000000001,0.011270910966048216
10,11.792,0.011160701745367574
10,11.794,0.011060651536184083
10,11.796,0.010970345705419585
10,11.798,0.010889384448452654
10,11.8,0.010817382297403668
10,11.802,0.010753967643305488
10,11.804,0.010698782271942157
10,11.806000000000001,0.010651480913138073
10,11.808,0.01061173080327526
10,11.81,0.010579211260811435
10,11.812,0.010552451318550768
10,11.814,0.01053120774832307
10,11.816,0.010515246205468384
10,11.818,0.010504340921907225
10,11.82,0.010498274408893235
10,11.822000000000001,0.010496837169233973
10,11.824,0.010499827418761529
10,11.826,0.010507050816835154
10,11.828,0.010518320205651889
10,11.83,0.010533455358146726
10,11.832,0.010552282734256966
10,11.834,0.010574635245326874
10,11.836,0.010600352026430337
10,11.838000000000001,0.010629278216388672
10,11.84,0.010661264745259844
10,11.842,0.010696168129082117
10,11.844,0.01073385027164995
10,11.846,0.010774178273112167
10,11.848,0.010817024245174419
10,11.85,0.010862265132701927
10,11.852,0.010909782541514226
10,11.854000000000001,0.010959462572172942
10,11.856,0.011011195659565412
10,11.858,0.011064876418091953
10,11.86,0.011120403492270376
10,11.862,0.01117767941257528
10,11.864,0.011236610456333953
10,11.866,0.011297106513508218
10,11.868,0.011359080957192806
10,11.870000000000001,0.011422450518670602
10,11.872,0.011487135166865062
10,11.874,0.011553057992039636
10,11.876,0.011620145093594282
10,11.878,0.01168832547182018
10,11.88,0.011757530923469964
10,11.882,0.011827695941014812
10,11.884,0.011898757615456577
10,11.886000000000001,0.011970655542570915
10,11.888,0.01204333173246222
10,11.89,0.012116730522314227
10,11.892,0.012190798492222349
10,11.894,0.012265484384001797
10,11.896,0.01234073902286587
10,11.898,0.012416515241873755
10,11.9,0.012492767809050457
10,11.902000000000001,0.012569453357085408
10,11.904,0.012646530315518408
10,11.906,0.012723958845326046
10,11.908,0.01280170077582378
10,11.91,0.012879719543802598
10,11.912,0.012957980134821337
10,11.914,0.013036449026579014
10,11.916,0.013115094134293766
10,11.918000000000001,0.013193884758018285
10,11.92,0.013272791531822732
10,11.922,0.01335178637478054
10,11.924,0.013430842443692175
10,11.926,0.013509934087487083
10,11.928,0.013589036803244282
10,11.93,0.013668127193773246
10,11.932,0.013748337231695164
10,11.934000000000001,0.013829591426021361
10,11.936,0.013911817272823892
10,11.938,0.013994945148533113
10,11.94,0.01407890820692531
10,11.942,0.014163642279672725
10,11.944,0.014249085780341468
10,11.946,0.014335179611718119
10,11.948,0.01442186707635532
10,11.950000000000001,0.014509093790227327
10,11.952,0.014596807599390468
10,11.954,0.014684958499547799
10,11.956,0.014773498558418637
10,11.958,0.014862381840818804
10,11.96,0.014951564336359373
10,11.962,0.015041003889674094
10,11.964,0.015130660133090121
10,11.966000000000001,0.015220494421658098
10,11.968,0.015310469770461035
10,11.97,0.015400550794124232
10,11.972,0.015490703648449363
10,11.974,0.015580895974101481
10,11.976,0.015671096842277184
10,11.978,0.015761276702285085
10,11.98,0.015851407330973767
10,11.982000000000001,0.01594146178394265
10,11.984,0.016031414348473296
10,11.986,0.01612124049812347
10,11.988,0.01621091684892341
10,11.99,0.016300421117121263
10,11.992,0.016389732078421895
10,11.994,0.016478829528667794
10,11.996,0.016567694245911865
10,11.998000000000001,0.01665630795383337
10,12.0,0.016744653286449064
20,4.0,0.01666020210877612
20,4.002,0.01673565068807337
20,4.0040000000000004,0.016811432367433862
20,4.006,0.01688751074261187
20,4.008,0.016963850894272086
20,4.01,0.01704041933601407
20,4.0120000000000005,0.017117183964129645
20,4.014,0.01719411400903412
20,4.016,0.017271179988317946
20,4.018,0.017348353661367447
20,4.0200000000000005,0.01742560798550162
20,4.022,0.017483946132177023
20,4.024,0.017524176745979798
20,4.026,0.017547080049158417
20,4.0280000000000005,0.01755340877505232
20,4.03,0.017543889078147416
20,4.032,0.017519221419334707
20,4.034,0.017480081425552036
20,4.0360000000000005,0.017427120723438702
20,4.038,0.017360967746957546
20,4.04,0.017282228519179592
20,4.042,0.017191487408601262
20,4.0440000000000005,0.017089307860486333
20,4.046,0.01697623310381286
20,4.048,0.016852786834465304
20,4.05,0.01671947387534696
20,4.0520000000000005,0.016576780814113165
20,4.054,0.0164251766192334
20,4.056,0.016265113235091517
20,4.058,0.016097026156828967
20,4.0600000000000005,0.015921334985624595
20,4.062,0.01573844396508964
20,4.064,0.015548742499442656
20,4.066,0.015352605654106202
20,4.0680000000000005,0.015150394639354425
20,4.07,0.014942457277612849
20,4.072,0.014729128454999796
20,4.074,0.01451073055767023
20,4.0760000000000005,0.014287573893509709
20,4.078,0.014059957099702525
20,4.08,0.013828167536680161
20,4.082,0.013592481668937256
20,4.0840000000000005,0.01335316543318445
20,4.086,0.01311047459428972
20,4.088,0.012864655089444349
20,4.09,0.01261594336097164
20,4.0920000000000005,0.012364566678182606
20,4.094,0.012110743448669983
20,4.096,0.011854683519414128
20,4.098,0.011596588468065643
20,4.1,0.011336651884756797
20,4.102,0.01109407595504717
20,4.104,0.010868185631581631
20,4.106,0.010658329439668835
20,4.108,0.010463878746170765
20,4.11,0.010284227042188336
20,4.112,0.01011878923957274
20,4.114,0.009967000981382626
20,4.116,0.009828317966492327
20,4.118,0.009702215288633605
20,4.12,0.009588186790208229
20,4.122,0.009485744431254692
20,4.124,0.009394417673964898
20,4.126,0.009313752883150438
20,4.128,0.009243312743026854
20,4.13,0.009182675690644319
20,4.132,0.009131435366224893
20,4.134,0.009089200080592967
20,4.136,0.009055592299794184
20,4.138,0.009030248146905407
20,4.14,0.009012816920941307
20,4.142,0.009001796409225774
20,4.144,0.008996916099773959
20,4.146,0.008997915322198463
20,4.148,0.009004542897574533
20,4.15,0.009016556801169527
20,4.152,0.0090337238376596
20,4.154,0.009055819328434642
20,4.156,0.009082626810570068
20,4.158,0.009113937747032529
20,4.16,0.00914955124767979
20,4.162,0.009189273800615332
20,4.164,0.00923291901346351
20,4.166,0.00928030736413964
20,4.168,0.00933126596070019
20,4.17,0.009385628309877382
20,4.172,0.009443234093915384
20,4.174,0.009503928955346522
20,4.176,0.009567564289362377
20,4.178,0.009633997043456969
20,4.18,0.009703089524034265
20,4.182,0.009774709209693347
20,4.184,0.009848728570922637
20,4.186,0.009925024895947142
20,4.188,0.010003480122493847
20,4.19,0.010083980675249819
20,4.192,0.010166417308804084
20,4.194,0.010250684955875358
20,4.196,0.010336682580638612
20,4.198,0.010424313036973389
20,4.2,0.010513482931466735
20,4.202,0.01060410249101227
20,4.204,0.01069608543485049
20,4.206,0.010789348850909217
20,4.208,0.010883813076300904
20,4.21,0.01097940158184683
20,4.212,0.011076040860496511
20,4.214,0.011173660319521463
20,4.216,0.011272192176360257
20,4.218,0.011371571358002494
20,4.22,0.011471735403797142
20,4.222,0.011572624371578346
20,4.224,0.011674180747001895
20,4.226,0.011776349355991306
20,4.228,0.011879077280193433
20,4.23,0.011982313775348077
20,4.232,0.012086010192475958
20,4.234,0.012190119901796281
20,4.236,0.012294598219283644
20,4.238,0.012399402335778529
20,4.24,0.012504491248568481
20,4.242,0.012609825695357518
20,4.244,0.01271536809054551
20,4.246,0.012821082463741409
20,4.248,0.012926934400433746
20,4.25,0.013032890984748524
20,4.252,0.013138920744223745
20,4.2540000000000004,0.013244993596530157
20,4.256,0.013351080798076155
20,4.258,0.013457154894429621
20,4.26,0.01356318967249612
20,4.2620000000000005,0.013670306084071925
20,4.264,0.013778425645861877
20,4.266,0.01388747301797486
20,4.268,0.013997375890706883
20,4.2700000000000005,0.014108064875216554
20,4.272,0.014219473397970033
20,4.274,0.014331537598837906
20,4.276,0.01444419623272898
20,4.2780000000000005,0.01455739057464688
20,4.28,0.014671064328060533
20,4.282,0.014785163536480078
20,4.284,0.014899636498133096
20,4.2860000000000005,0.015014433683640109
20,4.288,0.015129507656588029
20,4.29,0.015244812996906975
20,4.292,0.015360306226953842
20,4.2940000000000005,0.015475945740213125
20,4.296,0.015591691732524742
20,4.298,0.015707506135753727
20,4.3,0.01582335255381653
20,4.3020000000000005,0.015939196200984843
20,4.304,0.0160550038423858
20,4.306,0.016170743736625127
20,4.308,0.016286385580456513
20,4.3100000000000005,0.016401900455427842
20,4.312,0.016517260776434325
20,4.314,0.01663244024211202
20,4.316,0.016747413787005963
20,4.3180000000000005,0.01686215753545149
20,4.32,0.01697664875710835
20,4.322,0.017090865824087975
20,4.324,0.017204788169618707
20,4.3260000000000005,0.01731839624819342
20,4.328,0.017431671497148006
20,4.33,0.017544596299618808
20,4.332,0.017657153948830356
20,4.3340000000000005,0.0177693286136663
20,4.336,0.017881105305477055
20,4.338,0.01799246984608091
20,4.34,0.018103408836915597
20,4.3420000000000005,0.018196168843815544
20,4.344,0.018271521004326094
20,4.346,0.018330208769913633
20,4.348,0.018372948904790815
20,4.3500000000000005,0.018400432444492052
20,4.352,0.018413325616159337
20,4.354,0.018412270722392852
20,4.356,0.01839788699041326
20,4.358,0.01837077138818849
20,4.36,0.01833149940907773
20,4.362,0.018280625826462216
20,4.364,0.018218685419743804
20,4.366,0.018146193673017365
20,4.368,0.018063647447646883
20,4.37,0.01797152562991034
20,4.372,0.01787028975481008
20,4.374,0.017760384607089105
20,4.376,0.01764223880043586
20,4.378,0.01751626533581074
20,4.38,0.017382862139774902
20,4.382,0.017242412583662374
20,4.384,0.01709528598438746
20,4.386,0.01694183808764672
20,4.388,0.016782411534233755
20,4.39,0.016617336310151058
20,4.392,0.016446930181172586
20,4.394,0.01627149911247911
20,4.396,0.016091337673962085
20,4.398,0.01590672943176223
20,4.4,0.015717947326589734
20,4.402,0.015525254039343237
20,4.404,0.015328902344531384
20,4.406,0.01512913545197357
20,4.408,0.014926187337242805
20,4.41,0.01472028306129491
20,4.412,0.014511639079713113
20,4.414,0.014300463541982394
20,4.416,0.01408695658119336
20,4.418,0.013871310594568696
20,4.42,0.013653710515187307
20,4.422,0.013452063073921284
20,4.424,0.01326574055758999
20,4.426,0.013094137106717823
20,4.428,0.01293666805760025
20,4.43,0.012792769298671807
20,4.432,0.012661896640726563
20,4.434,0.012543525200600368
20,4.436,0.012437148797996012
20,4.438,0.0123422793652012
20,4.44,0.012258446369519288
20,4.442,0.012185196248296675
20,4.444,0.01212209185649259
20,4.446,0.012068711926783045
20,4.448,0.012024650542236108
20,4.45,0.011989516621618929
20,4.452,0.011962933417419754
20,4.454,0.01194453802667074
20,4.456,0.011933980914658105
20,4.458,0.011930925451588588
20,4.46,0.011935047462264018
20,4.462,0.011944902911988247
20,4.464,0.011960245632469377
20,4.466,0.01198083853575819
20,4.468,0.012006453293817245
20,4.47,0.012036870028677229
20,4.472,0.012071877012945733
20,4.474,0.012111270380421587
20,4.476,0.012154853846562197
20,4.478,0.012202438438542558
20,4.48,0.012253842234638957
20,4.482,0.012308890112669772
20,4.484,0.012367413507221226
20,4.486,0.012429250175386977
20,4.488,0.012494243970750905
20,4.49,0.012562244625346665
20,4.492,0.012633107539327858
20,4.494,0.012706693578090664
20,4.496,0.012782868876591767
20,4.498,0.012861504650615328
20,4.5,0.012942477014742722
20,4.502,0.013025666806792574
20,4.5040000000000004,0.013110959418497863
20,4.506,0.013198244632200692
20,4.508,0.013287416463348306
20,4.51,0.013378373008582092
20,4.5120000000000005,0.013471016299220427
20,4.514,0.013565252159938505
20,4.516,0.013660990072461809
20,4.518,0.013758143044091306
20,4.5200000000000005,0.013856627480886103
20,4.522,0.013956363065339216
20,4.524,0.014057272638382533
20,4.526,0.01415928208556831
20,4.5280000000000005,0.014262320227277777
20,4.53,0.014366318712812225
20,4.532,0.014471211918229506
20,4.534,0.014576936847793001
20,4.5360000000000005,0.014683433038903959
20,4.538,0.01479064247039444
20,4.54,0.014898509474062203
20,4.542,0.0150069806493335
20,4.5440000000000005,0.015116004780940752
20,4.546,0.015225532759513246
20,4.548,0.015335517504973863
20,4.55,0.015445913892646717
20,4.5520000000000005,0.015556678681977411
20,4.554,0.0156677704477763
20,4.556,0.01577914951389529
20,4.558,0.015890777889251924
20,4.5600000000000005,0.016002619206120623
20,4.562,0.016114638660608215
20,4.564,0.01622680295524045
20,4.566,0.016339080243583225
20,4.5680000000000005,0.016451440076827282
20,4.57,0.016563853352268936
20,4.572,0.016676292263618383
20,4.574,0.016788730253072745
20,4.5760000000000005,0.016901141965090693
20,4.578,0.01701350320181066
20,4.58,0.017125790880052786
20,4.582,0.017239111535681893
20,4.5840000000000005,0.0173533906017257
20,4.586,0.017468556499613444
20,4.588,0.017584540530844194
20,4.59,0.01770127677251595
20,4.5920000000000005,0.017818701976578845
20,4.594,0.017936755472679363
20,4.596,0.018055379074469646
20,4.598,0.01817451698925487
20,4.6000000000000005,0.018294115730864362
20,4.602,0.018414124035628206
20,4.604,0.018534492781349
20,4.606,0.01865517490916426
20,4.6080000000000005,0.01877612534819285
20,4.61,0.018897300942869323
20,4.612,0.01901866038286805
20,4.614,0.019140164135526355
20,4.616,0.01926177438067595
20,4.618,0.019383454947798345
20,4.62,0.019505171255419902
20,4.622,0.01960775766363488
20,4.624,0.019692027242074507
20,4.626,0.019758764019887104
20,4.628,0.019808724002494695
20,4.63,0.01984263615322645
20,4.632,0.019861203340407068
20,4.634,0.01986510325068094
20,4.636,0.01985498926949649
20,4.638,0.01983149132975921
20,4.64,0.01979521672971128
20,4.642,0.019746750921121166
20,4.644,0.019686658268868527
20,4.646,0.019615482783000755
20,4.648,0.019533748824317024
20,4.65,0.019441961784512112
20,4.652,0.019340608741877555
20,4.654,0.01923015909352912
20,4.656,0.01911106516509101
20,4.658,0.01898376279873485
20,4.66,0.0188486719204321
20,4.662,0.018706197087249653
20,4.664,0.018556728015476677
20,4.666,0.018400640090345304
20,4.668,0.01823829485806775
20,4.67,0.018070040500890297
20,4.672,0.017896212295828016
20,4.674,0.017717133057719152
20,4.676,0.017533113567212964
20,4.678,0.017344452984275338
20,4.68,0.01715143924777701
20,4.682,0.016954349461703228
20,4.684,0.01675345026850393
20,4.686,0.016548998210083463
20,4.688,0.016341240076908962
20,4.69,0.016130413245699294
20,4.692,0.015916746006141506
20,4.694,0.015700457877062396
20,4.696,0.015481759912473057
20,4.698,0.015260854997889022
20,4.7,0.01503793813731519
20,4.702,0.01481319673127729
20,4.704,0.014586810846268828
20,4.706,0.014358953475976126
20,4.708,0.014129790794634757
20,4.71,0.013899482402866977
20,4.712,0.013668181566342892
20,4.714,0.013436035447606003
20,4.716,0.013203185331402516
20,4.718,0.012969766843851507
20,4.72,0.012735910165798081
20,4.722,0.012501740240692475
20,4.724,0.012267376977345031
20,4.726,0.012032935447917715
20,4.728,0.011798526081518825
20,4.73,0.01156425485378828
20,4.732,0.011330223472876003
20,4.734,0.011096529562236694
20,4.736,0.010863266840696854
20,4.738,0.010630525300277787
20,4.74,0.010398391382302122
20,4.742,0.010184786440760773
20,4.744,0.009988949720796192
20,4.746,0.009810147848222303
20,4.748,0.009647674198132943
20,4.75,0.009500848260451958
20,4.752,0.009369014997589818
20,4.7540000000000004,0.009251544190255171
20,4.756,0.009147829768539902
20,4.758,0.00905728912659472
20,4.76,0.0089793624204652
20,4.7620000000000005,0.008913511849892336
20,4.764,0.008859220926022414
20,4.766,0.008815993727969951
20,4.768,0.008783354151971364
20,4.7700000000000005,0.008760845157443672
20,4.772,0.008748028014593835
20,4.774,0.008744481558327154
20,4.776,0.008749801453084358
20,4.7780000000000005,0.008763599472936132
20,4.78,0.008785502800811189
20,4.782,0.00881284583932381
20,4.784,0.008845390129421921
20,4.7860000000000005,0.0088829063390379
20,4.788,0.00892517388751682
20,4.79,0.00897198058762669
20,4.792,0.009023122304705394
20,4.7940000000000005,0.009078402632390991
20,4.796,0.009137632584288622
20,4.798,0.009200630300863329
20,4.8,0.009267220770806116
20,4.8020000000000005,0.00933723556609489
20,4.804,0.009410512589968596
20,4.806,0.009486895837036314
20,4.808,0.009566235164766184
20,4.8100000000000005,0.009648386075623575
20,4.812,0.00973320950916485
20,4.814,0.009820571643428984
20,4.816,0.009910343705016582
20,4.8180000000000005,0.010002401787281866
20,4.82,0.01009662667611274
20,4.822,0.010192903682812528
20,4.824,0.010291122483640452
20,4.8260000000000005,0.010391176965604371
20,4.828,0.010492965078137403
20,4.83,0.010596388690322936
20,4.832,0.010701353453363842
20,4.8340000000000005,0.010807768668019252
20,4.836,0.01091554715675785
20,4.838,0.011024605140400589
20,4.84,0.011134862119043106
20,4.8420000000000005,0.011246240757071304
20,4.844,0.011358666772091899
20,4.846,0.01147206882762343
20,4.848,0.011586378429396665
20,4.8500000000000005,0.01170152982512884
20,4.852,0.011817459907646663
20,4.854,0.011934108121237012
20,4.856,0.012051416371114851
20,4.8580000000000005,0.012169328935904502
20,4.86,0.012287792383032554
20,4.862,0.012406755486940087
20,4.864,0.012526169150022417
20,4.866,0.012645986326210992
20,4.868,0.012766161947114244
20,4.87,0.012886652850636967
20,4.872,0.01300741771200228
20,4.874,0.013128416977100474
20,4.876,0.013249612798094156
20,4.878,0.013370968971208319
20,4.88,0.013492450876637708
20,4.882,0.013614025420506565
20,4.884,0.01373566097881513
20,4.886,0.013857327343311618
20,4.888,0.013978995669228922
20,4.89,0.014100638424825914
20,4.892,0.014222229342677068
20,4.894,0.01434374337265399
20,4.896,0.014465156636544256
20,4.898,0.014586446384254721
20,4.9,0.014707590951548515
20,4.902,0.01482969429775795
20,4.904,0.014952683098133699
20,4.906,0.015076487010960789
20,4.908,0.015201038568609226
20,4.91,0.015326273072505961
20,4.912,0.015452128491880174
20,4.914,0.015578545366142236
20,4.916,0.015705466710761094
20,4.918,0.015832837926511287
20,4.92,0.015960606711966963
20,4.922,0.016088722979123882
20,4.924,0.01621713877203618
20,4.926,0.016345808188359116
20,4.928,0.016474687303693326
20,4.93,0.016603734098629797
20,4.932,0.016732908388399238
20,4.934,0.016862171755032712
20,4.936,0.016991487481944238
20,4.938,0.01712082049084901
20,4.94,0.01725013728093508
20,4.942,0.017381591853820943
20,4.944,0.017515049453535395
20,4.946,0.01765038068210815
20,4.948,0.017787461302374
20,4.95,0.017926172048094255
20,4.952,0.01806639844111415
20,4.954,0.018208030615283158
20,4.956,0.018350963146877508
20,4.958,0.018495094891273982
20,4.96,0.018640328825633618
20,4.962,0.018786571897365694
20,4.964,0.018933734878148572
20,4.966,0.019081732223297596
20,4.968,0.01923048193627321
20,4.97,0.01937990543813737
20,4.972,0.019529927441768825
20,4.974,0.01968047583065927
20,4.976,0.01983148154211714
20,4.978,0.019982878454714414
20,4.98,0.020134603279818863
20,4.982,0.020267289082782525
20,4.984,0.020381739100565618
20,4.986,0.020478727621745966
20,4.988,0.02055900100916342
20,4.99,0.020623278688125597
20,4.992,0.020672254100349344
20,4.994,0.020706595624131643
20,4.996,0.020726947461467905
20,4.998,0.020733930492982576
20,5.0,0.020728143101632086
20,5.002,0.02071016196619975
20,5.0040000000000004,0.02068054282563097
20,5.006,0.020639821215264673
20,5.008,0.02058851317601502
20,5.01,0.020527115937534722
20,5.0120000000000005,0.020456108576376867
20,5.014,0.020375952650133852
20,5.016,0.020287092808507982
20,5.018,0.02018995738223183
20,5.0200000000000005,0.020084958950719285
20,5.022,0.01997132297992
20,5.024,0.019849487840811364
20,5.026,0.019719875733554947
20,5.0280000000000005,0.019582893246296206
20,5.03,0.01943893189407937
20,5.032,0.019288368638656832
20,5.034,0.01913156638993846
20,5.0360000000000005,0.018968874489795395
20,5.038,0.01880062917890279
20,5.04,0.018627154047277165
20,5.042,0.01844876046913277
20,5.0440000000000005,0.01826574802265906
20,5.046,0.01807840489529024
20,5.048,0.017887008275017685
20,5.05,0.017691824728268985
20,5.0520000000000005,0.017493110564856123
20,5.054,0.017291112190473766
20,5.056,0.017086066447207858
20,5.058,0.016878200942496226
20,5.0600000000000005,0.01666773436696105
20,5.062,0.016475457366604652
20,5.064,0.0163006360491186
20,5.066,0.01614256264657895
20,5.0680000000000005,0.016000554682494554
20,5.07,0.015873954156232963
20,5.072,0.015762126745333407
20,5.074,0.01566446102618086
20,5.0760000000000005,0.01558036771346525
20,5.078,0.015509278918788338
20,5.08,0.015450647428708969
20,5.082,0.015403946002442293
20,5.0840000000000005,0.015368666689344612
20,5.086,0.015344320166234948
20,5.088,0.015330435094519859
20,5.09,0.015326557497011704
20,5.0920000000000005,0.015332250154255427
20,5.094,0.015347092020109941
20,5.096,0.015370677656273637
20,5.098,0.015402616685388277
20,5.1000000000000005,0.015442533262313679
20,5.102,0.015486597868630715
20,5.104,0.015534623230668003
20,5.106,0.015586429063715414
20,5.1080000000000005,0.01564184182666157
20,5.11,0.01570069448498415
20,5.112,0.01576282628180762
20,5.114,0.015828082516752308
20,5.1160000000000005,0.015896314332308658
20,5.118,0.01596737850748239
20,5.12,0.016041137258462183
20,5.122,0.016117458046075214
20,5.124,0.01619621338980006
20,5.126,0.016277280688119643
20,5.128,0.016360542045001036
20,5.13,0.01644588410229972
20,5.132,0.01653319787789082
20,5.134,0.016622378609338684
20,5.136,0.016713325602922453
20,5.138,0.016805942087839993
20,5.14,0.016900135075421926
20,5.142,0.016998040682197273
20,5.144,0.017099467058339122
20,5.146,0.017204229764526728
20,5.148,0.017312151505631285
20,5.15,0.017423061873607395
20,5.152,0.017536797099289528
20,5.154,0.017653199812801536
20,5.156,0.017772118812294166
20,5.158,0.017893408840737663
20,5.16,0.018016930370499496
20,5.162,0.01814254939545296
20,5.164,0.018270137230361878
20,5.166,0.01839957031730049
20,5.168,0.018530730038873264
20,5.17,0.018663502538005503
20,5.172,0.018797778544086163
20,5.174,0.018933453205244633
20,5.176,0.019070425926559026
20,5.178,0.0192086002139914
20,5.18,0.01934788352385778
20,5.182,0.01948818711764271
20,5.184,0.019629425921977427
20,5.186,0.019771518393603624
20,5.188,0.019914386389152966
20,5.19,0.0200579550395753
20,5.192,0.020202152629056534
20,5.194,0.020346910478269666
20,5.196,0.02049216283180966
20,5.198,0.020637846749666445
20,5.2,0.020783902002594352
20,5.202,0.02093027097124378
20,5.204,0.02107689854892191
20,5.206,0.02122373204785501
20,5.208,0.02137072110883057
20,5.21,0.021517817614098256
20,5.212,0.02166497560341677
20,5.214,0.02181215119313257
20,5.216,0.021959302498185486
20,5.218,0.022106389556936546
20,5.22,0.02225337425871619
20,5.222,0.022379314630333783
20,5.224,0.022485119680273866
20,5.226,0.022571665113977943
20,5.228,0.022639794594620972
20,5.23,0.022690320947902316
20,5.232,0.022724027314104122
20,5.234,0.022741668250424812
20,5.236,0.022743970786368608
20,5.238,0.022731635434771694
20,5.24,0.022705337160858558
20,5.242,0.022665726311554647
20,5.244,0.022613429507126227
20,5.246,0.022549050497082265
20,5.248,0.022473170982138378
20,5.25,0.0223863514039335
20,5.252,0.022289131704073387
20,5.2540000000000004,0.022182032053984845
20,5.256,0.022065553556965288
20,5.258,0.021940178923736047
20,5.26,0.021806373122723804
20,5.2620000000000005,0.02166303287813481
20,5.264,0.021510659674589056
20,5.266,0.02134973659404166
20,5.268,0.02118072896725733
20,5.2700000000000005,0.02100408500173035
20,5.272,0.02082023638713116
20,5.274,0.02062959887929973
20,5.276,0.020432572863758193
20,5.2780000000000005,0.020229543899660085
20,5.28,0.0200208832450563
20,5.282,0.019806948364311825
20,5.284,0.01958808341847018
20,5.2860000000000005,0.019364619739329337
20,5.288,0.0191368762879603
20,5.29,0.018905160098368127
20,5.292,0.01866976670697217
20,5.2940000000000005,0.018430980568555067
20,5.296,0.018189075459309152
20,5.298,0.017944314867590634
20,5.3,0.017696952372971926
20,5.3020000000000005,0.017447232014170908
20,5.304,0.01719538864641904
20,5.306,0.016941648288823084
20,5.308,0.016686228462265293
20,5.3100000000000005,0.016429338518379463
20,5.312,0.016171179960139274
20,5.314,0.015911946754591594
20,5.316,0.015651825638268852
20,5.3180000000000005,0.015390996415818951
20,5.32,0.015129632252398606
20,5.322,0.014867899960382212
20,5.324,0.014605960280955569
20,5.3260000000000005,0.014343968161176415
20,5.328,0.014082073027105476
20,5.33,0.013820419053635995
20,5.332,0.013559145431677256
20,5.3340000000000005,0.013298386633381114
20,5.336,0.013038272676139847
20,5.338,0.012778929386129205
20,5.34,0.012520478662216556
20,5.3420000000000005,0.012280645295809444
20,5.344,0.01205866597072873
20,5.346,0.011853803260201867
20,5.348,0.011665345129751467
20,5.3500000000000005,0.011492604455869467
20,5.352,0.01133491855392124
20,5.354,0.0111916487089177
20,5.356,0.011062179703223169
20,5.3580000000000005,0.010945919335928053
20,5.36,0.010842297929453461
20,5.362,0.010750767819931492
20,5.364,0.010670802828965943
20,5.3660000000000005,0.0106018977154737
20,5.368,0.010543567607373218
20,5.37,0.010495347413892244
20,5.372,0.010456791220163823
20,5.3740000000000006,0.010427471666534585
20,5.376,0.01040697931561646
20,5.378,0.01039492201054644
20,5.38,0.010390924228192388
20,5.382,0.010392217778675472
20,5.384,0.010398573178065213
20,5.386,0.010409770507882152
20,5.388,0.01042559902798737
20,5.39,0.010445856799146622
20,5.392,0.010470350316030356
20,5.394,0.010498894151281435
20,5.396,0.010531310611152872
20,5.398,0.010567429403089745
20,5.4,0.010607087315510043
20,5.402,0.010650127909923764
20,5.404,0.010696401225428536
20,5.406,0.010745763495525968
20,5.408,0.0107980768771202
20,5.41,0.010853209191491013
20,5.412,0.010911033676973242
20,5.414,0.010971428753024677
20,5.416,0.0110342777953263
20,5.418,0.011099468921527014
20,5.42,0.011166894787225386
20,5.422,0.01123645239176378
20,5.424,0.011308042893403933
20,5.426,0.01138157143344969
20,5.428,0.011456946968886338
20,5.43,0.011534082113109414
20,5.432,0.011612892984329269
20,5.434,0.011693299061244675
20,5.436,0.011775223045598783
20,5.438,0.01185859073124034
20,5.44,0.011943330879334614
20,5.442,0.01202937509938123
20,5.444,0.012116657735716796
20,5.446,0.012205115759196663
20,5.448,0.012294688663765325
20,5.45,0.012385318367646666
20,5.452,0.012476949118895431
20,5.454,0.012569527405072426
20,5.456,0.012663001866817918
20,5.458,0.01275732321511382
20,5.46,0.012852444152036104
20,5.462,0.012948319294815911
20,5.464,0.013044905103035857
20,5.466,0.013142159808800678
20,5.468,0.013240043349734056
20,5.47,0.013338517304658612
20,5.472,0.013437544831829169
20,5.474,0.013537090609597019
20,5.476,0.013637120779388539
20,5.478,0.013737602890891754
20,5.48,0.013838505849348377
20,5.482,0.013939799864858183
20,5.484,0.014041456403605084
20,5.486,0.01414344814092038
20,5.488,0.014245748916106919
20,5.49,0.014348333688946072
20,5.492,0.014451178497819918
20,5.494,0.014554260419380695
20,5.496,0.014657557529704253
20,5.498,0.014761048866869212
20,5.5,0.014864714394904296
20,5.502,0.014968534969049582
20,5.5040000000000004,0.015072492302281902
20,5.506,0.015176568933054331
20,5.508,0.015280748194204469
20,5.51,0.015385014182986597
20,5.5120000000000005,0.015489351732185599
20,5.514,0.01559374638227263
20,5.516,0.015698184354563785
20,5.518,0.015802652525343873
20,5.5200000000000005,0.015907138400921877
20,5.522,0.01601163009358209
20,5.524,0.016116116298399902
20,5.526,0.0162205862708901
20,5.5280000000000005,0.0163250298054575
20,5.53,0.01642943721462246
20,5.532,0.016533799308991803
20,5.534,0.016638107377949754
20,5.5360000000000005,0.016742353171042286
20,5.538,0.01684652888003091
20,5.54,0.01695062712159207
20,5.542,0.017055829427184744
20,5.5440000000000005,0.01716207240442116
20,5.546,0.017269295157433053
20,5.548,0.017377439195990992
20,5.55,0.01748644834795373
20,5.5520000000000005,0.01759626867490863
20,5.554,0.017706848390873782
20,5.556,0.01781813778393877
20,5.558,0.017930089140727103
20,5.5600000000000005,0.01804265667357124
20,5.562,0.018155796450294196
20,5.564,0.018269466326499388
20,5.566,0.018383625880273213
20,5.5680000000000005,0.01849823634920991
20,5.57,0.018613260569674522
20,5.572,0.01872866291821946
20,5.574,0.01884440925507814
20,5.5760000000000005,0.01896046686965937
20,5.578,0.019076804427971217
20,5.58,0.019193391921905438
20,5.582,0.019310200620315982
20,5.5840000000000005,0.01942720302182896
20,5.586,0.01954437280932129
20,5.588,0.019661684806012058
20,5.59,0.019779114933107113
20,5.5920000000000005,0.01989664016894602
20,5.594,0.020014238509594866
20,5.596,0.020131888930839153
20,5.598,0.0202495713515244
20,5.6000000000000005,0.02036726659819971
20,5.602,0.020484956371017958
20,5.604,0.02060262321085076
20,5.606,0.020720250467572764
20,5.6080000000000005,0.02083782226947925
20,5.61,0.020955323493792987
20,5.612,0.02107273973822679
20,5.614,0.0211900572935617
20,5.6160000000000005,0.021307263117207702
20,5.618,0.021424344807711708
20,5.62,0.021541290580180485
20,5.622,0.021639526181961757
20,5.6240000000000006,0.021719880854486565
20,5.626,0.021783153563897404
20,5.628,0.021830114016508032
20,5.63,0.02186150365266214
20,5.632,0.021878036616175846
20,5.634,0.021880400697503848
20,5.636,0.021869258249482274
20,5.638,0.02184524707504447
20,5.64,0.021808981286706042
20,5.642,0.021761052137914225
20,5.644,0.021702028826581378
20,5.646,0.021632459271282538
20,5.648,0.021552870860713818
20,5.65,0.021463771177090352
20,5.652,0.021365648694217164
20,5.654,0.021258973451001577
20,5.656,0.021144197701191456
20,5.658,0.02102175654013486
20,5.66,0.02089206850935134
20,5.662,0.020755536179697043
20,5.664,0.02061254671389348
20,5.666,0.020463472409169525
20,5.668,0.020308671220749114
20,5.67,0.02014848726689498
20,5.672,0.01998325131619263
20,5.674,0.019813281257741427
20,5.676,0.019638882554890123
20,5.678,0.019460348683134288
20,5.68,0.019277961552768487
20,5.682,0.01909199191686337
20,5.684,0.018902699765114897
20,5.686,0.018710334704093615
20,5.688,0.018515136324396938
20,5.69,0.018317334555191044
20,5.692,0.01811715000660705
20,5.694,0.01791479430043969
20,5.696,0.017710470389574535
20,5.698,0.017504372866558673
20,5.7,0.017296688261707296
20,5.702,0.01708759533112799
20,5.704,0.016877265335025177
20,5.706,0.016665862306636258
20,5.708,0.016453543312134805
20,5.71,0.01624045870182596
20,5.712,0.0160267523529428
20,5.714,0.01581256190434447
20,5.716,0.015598018983403353
20,5.718,0.015383249425359322
20,5.72,0.015168373485406509
20,5.722,0.014953506043771696
20,5.724,0.014738756804031403
20,5.726,0.014524230484906754
20,5.728,0.014310027005769119
20,5.73,0.014096241666076783
20,5.732,0.013882965318961124
20,5.734,0.013670284539169495
20,5.736,0.013458281785567088
20,5.738,0.013247035558393449
20,5.74,0.01303662055146387
20,5.742,0.012843083375467959
20,5.744,0.012665723846589346
20,5.746,0.01250386819669275
20,5.748,0.012356868268557034
20,5.75,0.012224100714904249
20,5.752,0.012104966201813222
20,5.7540000000000004,0.011998888617418242
20,5.756,0.01190531428706486
20,5.758,0.011823711196318436
20,5.76,0.01175356822338766
20,5.7620000000000005,0.01169439438263348
20,5.764,0.01164571808087356
20,5.766,0.01160708638817511
20,5.768,0.011578064324754578
20,5.7700000000000005,0.011558234165477826
20,5.772,0.011547194763291746
20,5.774,0.011544560892722195
20,5.776,0.01154996261435957
20,5.7780000000000005,0.011563044661028728
20,5.78,0.011583465846111293
20,5.782,0.011609696008663059
20,5.784,0.011641480240115515
20,5.7860000000000005,0.011678573725718185
20,5.788,0.011720741336275261
20,5.79,0.011767757237002378
20,5.792,0.011819404513035231
20,5.7940000000000005,0.011875474811063002
20,5.796,0.011935767996521343
20,5.798,0.012000091825744236
20,5.8,0.012068261632459725
20,5.8020000000000005,0.012140100028001186
20,5.804,0.01221543661460945
20,5.806,0.01229410771120493
20,5.808,0.01237595609102333
20,5.8100000000000005,0.012460830730524813
20,5.812,0.012548586569008598
20,5.814,0.012639084278389617
20,5.816,0.012732190042616191
20,5.8180000000000005,0.012827775346237916
20,5.82,0.012925716771657842
20,5.822,0.013025895804629851
20,5.824,0.013128198647589661
20,5.8260000000000005,0.013232516040432555
20,5.828,0.013338743088373264
20,5.83,0.013446779096553427
20,5.832,0.013556527411073094
20,5.8340000000000005,0.013667895266154051
20,5.836,0.013780793637155099
20,5.838,0.013895137099178495
20,5.84,0.014010843691025163
20,5.8420000000000005,0.014127834784268259
20,5.844,0.0142460349572306
20,5.846,0.014365371873664101
20,5.848,0.014485776165939065
20,5.8500000000000005,0.014607181322565667
20,5.852,0.014729523579873744
20,5.854,0.014852741817692878
20,5.856,0.014976777458877811
20,5.8580000000000005,0.01510157437253375
20,5.86,0.015227078780802868
20,5.862,0.015354437523086942
20,5.864,0.015483541004051833
20,5.8660000000000005,0.01561428408842079
20,5.868,0.01574656593346246
20,5.87,0.01588028982752181
20,5.872,0.016015363034372482
20,5.8740000000000006,0.01615169664317867
20,5.876,0.01628920542386698
20,5.878,0.016427807687716976
20,5.88,0.01656742515298552
20,5.882000000000001,0.01670798281539285
20,5.884,0.016849408823298467
20,5.886,0.016991634357407744
20,5.888,0.017134593514851873
20,5.89,0.017278223197491706
20,5.892,0.017422463004299494
20,5.894,0.017567255127680346
20,5.896,0.017712544253595534
20,5.898,0.01785827746535869
20,5.9,0.0180044041509765
20,5.902,0.018150678280307912
20,5.904,0.018297057820744412
20,5.906,0.01844350264479755
20,5.908,0.018589974455876946
20,5.91,0.018736436716805117
20,5.912,0.018882854580981705
20,5.914,0.019029194826102987
20,5.916,0.019175425790353032
20,5.918,0.01932151731097954
20,5.92,0.019467440665173984
20,5.922,0.019613168513172536
20,5.924,0.019758674843501276
20,5.926,0.019903934920290803
20,5.928,0.02004892523258394
20,5.93,0.020193623445566963
20,5.932,0.02033800835365391
20,5.934,0.02048205983535767
20,5.936,0.020625758809881392
20,5.938,0.020769087195368522
20,5.94,0.020912027868750224
20,5.942,0.021036502016485537
20,5.944,0.021143340394830342
20,5.946,0.021233341509224502
20,5.948,0.02130727288723336
20,5.95,0.02136587229599525
20,5.952,0.02140984890668818
20,5.954,0.021439884408493492
20,5.956,0.021456634074474415
20,5.958,0.02146072778170919
20,5.96,0.021452770987916682
20,5.962,0.021433345666718465
20,5.964,0.021403011203573186
20,5.966,0.021362305254317968
20,5.968,0.02131174456814671
20,5.97,0.021251825776760127
20,5.972,0.02118302615132304
20,5.974,0.021105804328776626
20,5.976,0.02102060100896742
20,5.978,0.020927839623968537
20,5.98,0.020827926980899462
20,5.982,0.02072003044552673
20,5.984,0.02060458672687436
20,5.986,0.020482015330396716
20,5.988,0.020352719195131888
20,5.99,0.02021708530594332
20,5.992,0.02007548528200078
20,5.994,0.019928275942576124
20,5.996,0.019775799851179686
20,5.998,0.01961838583899642
20,6.0,0.019456349508536676
20,6.002,0.019289993718359884
20,6.0040000000000004,0.019119609049688027
20,6.006,0.018945474255679946
20,6.008,0.018767856694099035
20,6.01,0.01858701274406666
20,6.0120000000000005,0.0184031882075606
20,6.014,0.01821661869628218
20,6.016,0.0180275300044878
20,6.018,0.017836138468346727
20,6.0200000000000005,0.017642651312364314
20,6.022,0.017445508399509473
20,6.024,0.017244983886536506
20,6.026,0.017041340577024826
20,6.0280000000000005,0.016834830337392567
20,6.03,0.016625694497816784
20,6.032,0.016414164238674634
20,6.034,0.016200460963091974
20,6.0360000000000005,0.015984796656156715
20,6.038,0.015767374231326542
20,6.04,0.015548387864538011
20,6.042,0.015328023316496893
20,6.0440000000000005,0.015106458243611462
20,6.046,0.014883862498005654
20,6.048,0.014660398417035371
20,6.05,0.014436221102703806
20,6.0520000000000005,0.014211478691365763
20,6.054,0.013986312614084074
20,6.056,0.013760857847994261
20,6.058,0.01353524315901449
20,6.0600000000000005,0.01330959133622582
20,6.062,0.013102663075642588
20,6.064,0.012913663884847888
20,6.066,0.012741829162062837
20,6.0680000000000005,0.012586423235576807
20,6.07,0.01244673842128881
20,6.072,0.01232209409893767
20,6.074,0.01221183580752895
20,6.0760000000000005,0.012115334360416159
20,6.078,0.012031984980431652
20,6.08,0.011961206455410966
20,6.082,0.011902440314396594
20,6.0840000000000005,0.011855150024751836
20,6.086,0.011818820210357423
20,6.088,0.011792955891008908
20,6.09,0.011777081743069507
20,6.0920000000000005,0.01177074138138272
20,6.094,0.011773496662382876
20,6.096,0.011784927008298293
20,6.098,0.011804628752276412
20,6.1000000000000005,0.011832214504221004
20,6.102,0.011866101982293502
20,6.104,0.011905997406809313
20,6.106,0.01195161892654329
20,6.1080000000000005,0.012002696159621405
20,6.11,0.012058969750492256
20,6.112,0.012120190942593126
20,6.114,0.01218612116631106
20,6.1160000000000005,0.012256531641831022
20,6.118,0.012331202996457619
20,6.12,0.012409924895991527
20,6.122,0.012492495689739784
20,6.1240000000000006,0.012578722068740337
20,6.126,0.012668418736783295
20,6.128,0.01276140809381455
20,6.13,0.012857519931312924
20,6.132000000000001,0.012956591139237897
20,6.134,0.013058465424153672
20,6.136,0.013162993038140567
20,6.138,0.013270030518117681
20,6.140000000000001,0.013379440435206025
20,6.142,0.01349109115377259
20,6.144,0.013604856599806916
20,6.146,0.013720616038288792
20,6.148,0.013838253859218866
20,6.15,0.013957659371991435
20,6.152,0.014078726607801273
20,6.154,0.014201354129783694
20,6.156,0.01432544485059872
20,6.158,0.01445090585717934
20,6.16,0.014577648242372777
20,6.162,0.014705586943214225
20,6.164,0.01483464058557937
20,6.166,0.014964731334974304
20,6.168,0.01509578475322513
20,6.17,0.015227729660843991
20,6.172,0.015360498004849177
20,6.174,0.015494024731833249
20,6.176,0.015628247666071432
20,6.178,0.015763107392479495
20,6.18,0.015898547144228125
20,6.182,0.01603428855510348
20,6.184,0.016170285677469535
20,6.186,0.01630649467879972
20,6.188,0.016442873755238695
20,6.19,0.01657938304860276
20,6.192,0.01671598456668425
20,6.194,0.016852642106733737
20,6.196,0.016989321181994487
20,6.198,0.017125988951171803
20,6.2,0.017262614150721087
20,6.202,0.017399167029845706
20,6.204,0.017535619288096504
20,6.206,0.017671944015472566
20,6.208,0.017808115634922895
20,6.21,0.01794410984715533
20,6.212,0.01807990357766089
20,6.214,0.018215474925866105
20,6.216,0.018350803116328467
20,6.218,0.01848586845189467
20,6.22,0.018620652268742592
20,6.222,0.01875631019256604
20,6.224,0.018892764734487054
20,6.226,0.019029941824799886
20,6.228,0.019167770675391053
20,6.23,0.019306183647543138
20,6.232,0.019445116124921516
20,6.234,0.019584506391548514
20,6.236,0.019724295514578508
20,6.238,0.019864427231690168
20,6.24,0.020004847842922797
20,6.242,0.02014550610678559
20,6.244,0.020286353140475437
20,6.246,0.020427342324047963
20,6.248,0.02056842920838696
20,6.25,0.02070957142682601
20,6.252,0.02085072861028178
20,6.2540000000000004,0.020991862305760303
20,6.256,0.021132935898106952
20,6.258,0.02127391453487197
20,6.26,0.02141476505416924
20,6.2620000000000005,0.021536544353002885
20,6.264,0.021640132839880092
20,6.266,0.0217263754490495
20,6.268,0.021796083132181367
20,6.2700000000000005,0.021850034276003433
20,6.272,0.021888976050538914
20,6.274,0.021913625692235
20,6.276,0.02192467172595013
20,6.2780000000000005,0.021922775129465295
20,6.28,0.021908570443917065
20,6.282,0.02188266683329721
20,6.284,0.02184564909593984
20,6.2860000000000005,0.02179807863070418
20,6.288,0.021740494360372398
20,6.29,0.02167341361460803
20,6.292,0.021597332974654163
20,6.2940000000000005,0.021512729081809942
20,6.296,0.021420059411583085
20,6.298,0.02131976301529142
20,6.3,0.02121226123077508
20,6.3020000000000005,0.021094845856373588
20,6.304,0.020968059366054066
20,6.306,0.020832422396464753
20,6.308,0.020688434587513443
20,6.3100000000000005,0.020536575387754944
20,6.312,0.02037730482640093
20,6.314,0.020211064253648006
20,6.316,0.02003827705090988
20,6.3180000000000005,0.0198593493124391
20,6.32,0.019674670499734023
20,6.322,0.019484614070036408
20,6.324,0.019289538080150017
20,6.3260000000000005,0.019089785766735277
20,6.328,0.018885686104168443
20,6.33,0.018677554340989704
20,6.332,0.018465692515906938
20,6.3340000000000005,0.01825038995426938
20,6.336,0.018031923745870596
20,6.338,0.017810559204899698
20,6.34,0.017586550312809132
20,6.3420000000000005,0.017360140144833763
20,6.344,0.017131561280853524
20,6.346,0.016901036201257096
20,6.348,0.01666877766843455
20,6.3500000000000005,0.016434989094492165
20,6.352,0.016199864895756266
20,6.354,0.015963590834607324
20,6.356,0.015726344349156943
20,6.3580000000000005,0.015488294871262805
20,6.36,0.015249604133348586
20,6.362,0.015010426464481762
20,6.364,0.014770909076140917
20,6.3660000000000005,0.014531192338084616
20,6.368,0.014291410044723283
20,6.37,0.014051689672376357
20,6.372,0.013812152627784277
20,6.3740000000000006,0.013572914488235213
20,6.376,0.013334085233649937
20,6.378,0.013095769470964858
20,6.38,0.012858066651137189
20,6.382000000000001,0.012639452413533965
20,6.384,0.012439095408421119
20,6.386,0.012256196403409208
20,6.388,0.012089987248397077
20,6.390000000000001,0.011939729859586686
20,6.392,0.011804715222975291
20,6.394,0.011684262417659562
20,6.396,0.011577717659235978
20,6.398000000000001,0.011484453363545399
20,6.4,0.011403867230995506
20,6.402,0.01133538135168194
20,6.404,0.011278441331521298
20,6.406,0.011232515439607418
20,6.408,0.01119709377699021
20,6.41,0.011171687467063112
20,6.412,0.011155827867726922
20,6.414,0.01114906580546293
20,6.416,0.011150970831418335
20,6.418,0.01116113049955863
20,6.42,0.011179149666894527
20,6.422,0.011204649815735417
20,6.424,0.011237268397866703
20,6.426,0.011276658200489465
20,6.428,0.011322486733705173
20,6.43,0.01137443563927256
20,6.432,0.01143220012031244
20,6.434,0.011495488391591833
20,6.436,0.011564021149973142
20,6.438,0.01163753106457971
20,6.44,0.011715762286199364
20,6.442,0.011798469975421005
20,6.444,0.011885419848978944
20,6.446,0.01197638774376882
20,6.448,0.012071159197986365
20,6.45,0.012169529048835235
20,6.452,0.012271301046253034
20,6.454,0.012376287482099433
20,6.456,0.01248430883426403
20,6.458,0.012595193425152907
20,6.46,0.012708777094024095
20,6.462,0.012823404823177256
20,6.464,0.012939001010906807
20,6.466,0.013055493470392324
20,6.468,0.013172813285610789
20,6.47,0.013290894673228854
20,6.472,0.013409674850229626
20,6.474,0.013529093907041248
20,6.476,0.013649094685939363
20,6.478,0.013769622664509752
20,6.48,0.013890625843961205
20,6.482,0.014012054642090143
20,6.484,0.014133861790705292
20,6.486,0.014256002237328409
20,6.488,0.014378433050995093
20,6.49,0.014501113331985317
20,6.492,0.014624004125323583
20,6.494,0.014747068337889649
20,6.496,0.014870270658992492
20,6.498,0.01499357748426414
20,6.5,0.015116956842734132
20,6.502,0.015240378326953834
20,6.5040000000000004,0.015363813026044358
20,6.506,0.015487233461544798
20,6.508,0.015610613525946357
20,6.51,0.015733928423799504
20,6.5120000000000005,0.015857154615287437
20,6.514,0.015980269762162855
20,6.516,0.016103252675949593
20,6.518,0.0162260832683154
20,6.5200000000000005,0.01634874250352426
20,6.522,0.016471212352882243
20,6.524,0.01659347575109244
20,6.526,0.016715516554442447
20,6.5280000000000005,0.016837319500742888
20,6.53,0.016958870170948496
20,6.532,0.01708015495238873
20,6.534,0.01720116100354117
20,6.5360000000000005,0.01732187622028451
20,6.538,0.017442289203566066
20,6.54,0.017562389228429454
20,6.542,0.017682166214340243
20,6.5440000000000005,0.01780161069675972
20,6.546,0.017920713799911486
20,6.548,0.01803946721069277
20,6.55,0.01815786315368184
20,6.5520000000000005,0.018275894367195546
20,6.554,0.0183935540803532
20,6.556,0.01851083599110537
20,6.558,0.018627734245185566
20,6.5600000000000005,0.018744243415948228
20,6.562,0.018860358485054015
20,6.564,0.01897607482396873
20,6.566,0.01909138817623997
20,6.5680000000000005,0.01920629464052085
20,6.57,0.019320790654308282
20,6.572,0.01943487297836649
20,6.574,0.019548538681806508
20,6.5760000000000005,0.019661785127795345
20,6.578,0.019774609959867205
20,6.58,0.019887011088813005
20,6.582,0.020000207032500952
20,6.5840000000000005,0.02011413152605669
20,6.586,0.020228721277411897
20,6.588,0.020343915844248345
20,6.59,0.020459657515920437
20,6.5920000000000005,0.020575891200161345
20,6.594,0.020692564314383148
20,6.596,0.020809626681390782
20,6.598,0.020927030429334928
20,6.6000000000000005,0.021044729895734565
20,6.602,0.021162681535408925
20,6.604,0.021280843832161285
20,6.606,0.02139917721406685
20,6.6080000000000005,0.021517643972217386
20,6.61,0.021636208182787726
20,6.612,0.021754835632287323
20,6.614,0.02187349374587056
20,6.6160000000000005,0.021992151518581405
20,6.618,0.022110779449416137
20,6.62,0.022229349478086025
20,6.622,0.022327183126405175
20,6.6240000000000006,0.022405274778039847
20,6.626,0.02246457747327818
20,6.628,0.02250600470814012
20,6.63,0.022530432141063993
20,6.632000000000001,0.022538699212993635
20,6.634,0.02253161068628959
20,6.636,0.022509938107503406
20,6.638,0.02247442119869402
20,6.640000000000001,0.02242576918162929
20,6.642,0.02236466203890498
20,6.644,0.02229175171572291
20,6.646,0.02220766326580204
20,6.648000000000001,0.022112995944652422
20,6.65,0.022008324253211017
20,6.652,0.021894198934633135
20,6.654,0.0217711479268339
20,6.656000000000001,0.021639677273205284
20,6.658,0.021500271993761297
20,6.66,0.021353396918820242
20,6.662,0.02119949748718854
20,6.664,0.021039000510687682
20,6.666,0.020872314906740637
20,6.668,0.02069983240063328
20,6.67,0.020521928198956384
20,6.672,0.020338961635647006
20,6.674,0.020151276791959577
20,6.676,0.019959203091614634
20,6.678,0.019763055872303748
20,6.68,0.01956313693465558
20,6.682,0.01935973506970753
20,6.684,0.019153126565867054
20,6.686,0.018943575696291185
20,6.688,0.01873133518756317
20,6.69,0.01851664667049601
20,6.692,0.018299741113848505
20,6.694,0.01808083924170109
20,6.696,0.01786015193519388
20,6.698,0.017637880619303166
20,6.7,0.017414217635288505
20,6.702,0.01719064000454701
20,6.704,0.016967253752771385
20,6.706,0.01674415970920879
20,6.708,0.01652145372119391
20,6.71,0.016299226861231603
20,6.712,0.01607756562692147
20,6.714,0.01585655213400579
20,6.716,0.01563626430281562
20,6.718,0.015416776038376056
20,6.72,0.015198157404425669
20,6.722,0.01498047479159676
20,6.724,0.014763791079995254
20,6.726,0.014548165796410037
20,6.728,0.014333655266380184
20,6.73,0.014120312761334596
20,6.732,0.013908188641020253
20,6.734,0.013697330491426293
20,6.736,0.013487783258406482
20,6.738,0.013279589377198251
20,6.74,0.013072788898035214
20,6.742,0.012884174230399796
20,6.744,0.01271291105305711
20,6.746,0.012558198866991471
20,6.748,0.012419269879123505
20,6.75,0.012295387904389074
20,6.752,0.012185847286339164
20,6.7540000000000004,0.01208997183650019
20,6.756,0.012007113792819737
20,6.758,0.011936652797632693
20,6.76,0.011877994895669711
20,6.7620000000000005,0.011830571552719493
20,6.764,0.011793838695615615
20,6.766,0.011767275774253204
20,6.768,0.01175038484635077
20,6.7700000000000005,0.011742689685650402
20,6.772,0.011743734914200651
20,6.774,0.011753085159298187
20,6.776,0.011770324235569276
20,6.7780000000000005,0.011795054352569452
20,6.78,0.011826895348159686
20,6.782,0.01186391642022802
20,6.784,0.011905851573801633
20,6.7860000000000005,0.011952446632014679
20,6.788,0.012003458731206777
20,6.79,0.012058655835847655
20,6.792,0.012117816272787017
20,6.7940000000000005,0.01218072828429623
20,6.796,0.012247189599352497
20,6.798,0.012317007022597234
20,6.8,0.01238999604038858
20,6.8020000000000005,0.01246598044336607
20,6.804,0.012544791964941283
20,6.806,0.012626269935130276
20,6.808,0.012710260949150272
20,6.8100000000000005,0.01279661855021101
20,6.812,0.01288520292594061
20,6.814,0.012975880617899702
20,6.816,0.013068524243651345
20,6.8180000000000005,0.013163012230867244
20,6.82,0.013259228562968772
20,6.822,0.013357062535819027
20,6.824,0.013456408524994325
20,6.8260000000000005,0.013557165763185162
20,6.828,0.013659238127291242
20,6.83,0.013762533934793299
20,6.832,0.01386696574900007
20,6.8340000000000005,0.013972450192784721
20,6.836,0.014078907770442283
20,6.838,0.014186262697315393
20,6.84,0.014294442736847305
20,6.8420000000000005,0.014403379044740006
20,6.844,0.014513006019905697
20,6.846,0.014623261161917086
20,6.848,0.014734084934668398
20,6.8500000000000005,0.014845420635980587
20,6.852,0.014957214272886541
20,6.854,0.015069414442351586
20,6.856,0.015181972217189444
20,6.8580000000000005,0.01529484103694717
20,6.86,0.015407976603543263
20,6.862,0.015521336781450285
20,6.864,0.015634881502223162
20,6.8660000000000005,0.015748572673185933
20,6.868,0.01586237409009184
20,6.87,0.01597625135358702
20,6.872,0.016090171789310152
20,6.8740000000000006,0.016204104371469723
20,6.876,0.016318019649747207
20,6.878,0.016431889679382222
20,6.88,0.01654568795429957
20,6.882000000000001,0.01665938934314732
20,6.884,0.016772970028117295
20,6.886,0.016886407446428605
20,6.888,0.016999680234357117
20,6.890000000000001,0.01711276817369974
20,6.892,0.017225652140569744
20,6.894,0.017338314056418013
20,6.896,0.017450736841187676
20,6.898000000000001,0.017562904368504696
20,6.9,0.017674801422819658
20,6.902,0.01778641365841452
20,6.904,0.017897727560191604
20,6.906000000000001,0.01800873040617053
20,6.908,0.01811941023161541
20,6.91,0.018229755794724318
20,6.912,0.01833975654381085
20,6.914,0.018449402585914546
20,6.916,0.01855868465677703
20,6.918,0.01866759409212454
20,6.92,0.018776122800201602
20,6.922,0.018884263235498605
20,6.924,0.018992008373624483
20,6.926,0.019099351687272607
20,6.928,0.019206287123233363
20,6.93,0.01931280908040762
20,6.932,0.01941891238877835
20,6.934,0.019524592289297756
20,6.936,0.019629844414650013
20,6.938,0.019734664770854237
20,6.94,0.01983904971966747
20,6.942,0.019923734959330985
20,6.944,0.019989693372235183
20,6.946,0.020037856320045906
20,6.948,0.02006911545586204
20,6.95,0.020084324452543146
20,6.952,0.020084300650368783
20,6.954,0.02006982662745359
20,6.956,0.020041651696461063
20,6.958,0.020000493331175456
20,6.96,0.01994703852644703
20,6.962,0.019881945094926953
20,6.964,0.01980584290389302
20,6.966,0.019719335055322217
20,6.968,0.019622999012220498
20,6.97,0.01951738767406851
20,6.972,0.01940303040408776
20,6.974,0.019280434010883616
20,6.976,0.019150083686879413
20,6.978,0.019012443905812856
20,6.98,0.018867959281440302
20,6.982,0.018717055389463597
20,6.984,0.018560139554582817
20,6.986,0.01839760160446195
20,6.988,0.018229814592295328
20,6.99,0.01805713548956308
20,6.992,0.017879905850475063
20,6.994,0.01769845244951816
20,6.996,0.017513087893440013
20,6.998,0.01732411120893552
20,7.0,0.017131808407228246
20,7.002,0.01693645302667832
20,7.0040000000000004,0.01673830665449089
20,7.006,0.016537619428542823
20,7.008,0.016334630520295105
20,7.01,0.016129568599714827
20,7.0120000000000005,0.01592265228308267
20,7.014,0.01571409056452713
20,7.016,0.015504083232086427
20,7.018,0.015292821269069008
20,7.0200000000000005,0.015080487241447942
20,7.022,0.014884896534468596
20,7.024,0.014705270618483618
20,7.026,0.014540863271602821
20,7.0280000000000005,0.014390959502713253
20,7.03,0.014254874488414365
20,7.032,0.014131952524602358
20,7.034,0.014021565993538595
20,7.0360000000000005,0.0139231143473431
20,7.038,0.013836023108918377
20,7.04,0.013759742891371354
20,7.042,0.013693748437019326
20,7.0440000000000005,0.01363753767705868
20,7.046,0.013590630812943667
20,7.048,0.013552569420458143
20,7.05,0.013522915577376613
20,7.0520000000000005,0.013501251015505394
20,7.054,0.013487176297772534
20,7.056,0.013480310020902345
20,7.058,0.013480288044070964
20,7.0600000000000005,0.013486762743797414
20,7.062,0.013499402295185588
20,7.064,0.013517889979497552
20,7.066,0.013541923517912705
20,7.0680000000000005,0.013571214431208109
20,7.07,0.013605487424992657
20,7.072,0.013644479800031998
20,7.074,0.013687940887121504
20,7.0760000000000005,0.013735631505897652
20,7.078,0.013787323446920111
20,7.08,0.013842798976316751
20,7.082,0.013901850362247257
20,7.0840000000000005,0.013964279422423457
20,7.086,0.014029897091903656
20,7.088,0.01409852301038012
20,7.09,0.01416998512817512
20,7.0920000000000005,0.014244119330170522
20,7.094,0.014320769076904358
20,7.096,0.014399785062091193
20,7.098,0.01448102488583084
20,7.1000000000000005,0.014564352742803927
20,7.102,0.014648340772714917
20,7.104,0.014732937127066855
20,7.106,0.01481809245113412
20,7.1080000000000005,0.01490375977106875
20,7.11,0.01498989438613521
20,7.112,0.01507645376583872
20,7.114,0.015163397451713809
20,7.1160000000000005,0.015250686963563591
20,7.118,0.015338285709938093
20,7.12,0.01542615890265914
20,7.122,0.01551427347520237
20,7.1240000000000006,0.015602598004760753
20,7.126,0.01569110263781688
20,7.128,0.015779759019067217
20,7.13,0.01586854022353939
20,7.132000000000001,0.015957420691760187
20,7.134,0.016046376167832707
20,7.136,0.01613538364028971
20,7.138,0.016224421285597833
20,7.140000000000001,0.016313468414190412
20,7.142,0.016402170144879782
20,7.144,0.016490521167044744
20,7.146,0.0165785165627216
20,7.148000000000001,0.01666615178807975
20,7.15,0.016753422655716225
20,7.152,0.016840325317730994
20,7.154,0.016926856249551796
20,7.156000000000001,0.017013012234472574
20,7.158,0.017098790348878044
20,7.16,0.0171841879481203
20,7.162,0.01726920265302166
20,7.164000000000001,0.017353832336976356
20,7.166,0.017438075113622845
20,7.168,0.017521929325063954
20,7.17,0.017605393530609685
20,7.172,0.017688466496020173
20,7.174,0.017771147183226286
20,7.176,0.01785343474050837
20,7.178,0.017935328493111805
20,7.18,0.018016827934280093
20,7.182,0.01808239059634083
20,7.184,0.018132813099597824
20,7.186,0.018168858101519105
20,7.188,0.018191255693629345
20,7.19,0.018200704753732925
20,7.192,0.018197874251268262
20,7.194,0.01818340450477839
20,7.196,0.018157908391323734
20,7.198,0.018121972508288498
20,7.2,0.01807615828845837
20,7.202,0.018021003069552493
20,7.204,0.01795702111959808
20,7.206,0.017884704619662607
20,7.208,0.017804524605541404
20,7.21,0.01771693187002577
20,7.212,0.01762235782739275
20,7.214,0.017521215341736056
20,7.216,0.01741389952073065
20,7.218,0.017300788476382167
20,7.22,0.017182244054264884
20,7.222,0.01705732031633756
20,7.224,0.016926420725708526
20,7.226,0.01678993137631921
20,7.228,0.016648221743265742
20,7.23,0.016501645402445024
20,7.232,0.016350540721035128
20,7.234,0.016195231520246867
20,7.236,0.016036027711723775
20,7.238,0.01587322590889801
20,7.24,0.015707110014551367
20,7.242,0.015537951785774258
20,7.244,0.015366011377456707
20,7.246,0.015191537865396216
20,7.248,0.015014769750057954
20,7.25,0.014835935441975001
20,7.252,0.014655253729735992
20,7.2540000000000004,0.014472934231462531
20,7.256,0.014289177830643374
20,7.258,0.01410417709715635
20,7.26,0.013918116694272212
20,7.2620000000000005,0.013747780390968183
20,7.264,0.013592395058396406
20,7.266,0.01345122146337733
20,7.268,0.013323553160519702
20,7.2700000000000005,0.013208715383886705
20,7.272,0.013106063939694709
20,7.274,0.013014984102007758
20,7.276,0.01293488951379419
20,7.2780000000000005,0.01286522109599963
20,7.28,0.012805445967495051
20,7.282,0.01275505637884312
20,7.284,0.012713568662824993
20,7.2860000000000005,0.01268052220457634
20,7.288,0.012655478434009024
20,7.29,0.012638019842967398
20,7.292,0.012627749029286752
20,7.2940000000000005,0.012624287769612946
20,7.296,0.012627276122508363
20,7.298,0.01263637156303939
20,7.3,0.012651248149700962
20,7.3020000000000005,0.012670297274481001
20,7.304,0.012693296772428957
20,7.306,0.012720035189188473
20,7.308,0.012750311263410218
20,7.3100000000000005,0.012783933432835232
20,7.312,0.012820719363393532
20,7.314,0.012860495500600226
20,7.316,0.012903096642487613
20,7.3180000000000005,0.012948365533282468
20,7.32,0.01299615247701041
20,7.322,0.013046314970204692
20,7.324,0.013098717352889908
20,7.3260000000000005,0.013153230477017098
20,7.328,0.013209731391538403
20,7.33,0.013268103043324809
20,7.332,0.01332823399315118
20,7.3340000000000005,0.013390018145996536
20,7.336,0.013453354494932922
20,7.338,0.013518146877904267
20,7.34,0.013584303746726553
20,7.3420000000000005,0.013653037080395083
20,7.344,0.013724192008769027
20,7.346,0.013797621001846257
20,7.348,0.013873183518546332
20,7.3500000000000005,0.013950745673706804
20,7.352,0.014030179922268932
20,7.354,0.014111364759681127
20,7.356,0.014194184437595658
20,7.3580000000000005,0.014278528693988412
20,7.36,0.014364292496878565
20,7.362,0.014451375800875452
20,7.364,0.014539683315823582
20,7.3660000000000005,0.014629124286866631
20,7.368,0.014719612285288407
20,7.37,0.014811065009533955
20,7.372,0.01490340409584734
20,7.3740000000000006,0.014996554938003961
20,7.376,0.015090446515643967
20,7.378,0.015185011230746673
20,7.38,0.015280184751815567
20,7.382000000000001,0.01537460394572937
20,7.384,0.015468282297496371
20,7.386,0.015561232880400892
20,7.388,0.01565346837249321
20,7.390000000000001,0.015745001072376703
20,7.392,0.015835842914322225
20,7.394,0.01592600548273524
20,7.396,0.016015500026004544
20,7.398000000000001,0.01610433746975547
20,7.4,0.01619252842953546
20,7.402,0.0162800832229528
20,7.404,0.016367011881294635
20,7.406000000000001,0.016453324160643008
20,7.408,0.01653902955251355
20,7.41,0.016624137294033853
20,7.412,0.01670865637768482
20,7.414000000000001,0.016792595560620273
20,7.416,0.016875963373585462
20,7.418,0.01695876812945123
20,7.42,0.017041017931379125
20,7.422000000000001,0.017121059190969762
20,7.424,0.017198986421738643
20,7.426,0.01727489004819118
20,7.428,0.017348856581533505
20,7.43,0.01742096878813922
20,7.432,0.01749130585101987
20,7.434,0.017559943524546203
20,7.436,0.01762695428266476
20,7.438,0.01769240746085269
20,7.44,0.017756369392049397
20,7.442,0.01781890353679906
20,7.444,0.01788007060783068
20,7.446,0.017939928689299094
20,7.448,0.017998533350902648
20,7.45,0.01805593775708465
20,7.452,0.01811219277152471
20,7.454,0.018167347057110723
20,7.456,0.01822144717158454
20,7.458,0.018274537659039036
20,7.46,0.018326661137446548
20,7.462,0.018361949447988888
20,7.464,0.018381268902548615
20,7.466,0.018385449352688793
20,7.468,0.018375285567509978
20,7.47,0.01835153859296088
20,7.472,0.018314937084199425
20,7.474,0.01826617860517115
20,7.476,0.018205930891484316
20,7.478,0.01813483307410655
20,7.48,0.018053496862479194
20,7.482,0.01796250768645235
20,7.484,0.017862425797038325
20,7.486,0.017753787326423232
20,7.488,0.01763710530799689
20,7.49,0.017512870657387308
20,7.492,0.017381553115656034
20,7.494,0.01724360215590642
20,7.496,0.017099447854636542
20,7.498,0.016949501729197874
20,7.5,0.01679415754274351
20,7.502,0.016635107030874376
20,7.5040000000000004,0.01647263566470066
20,7.506,0.01630701660444931
20,7.508,0.016138511249241396
20,7.51,0.01596736976632895
20,7.5120000000000005,0.015793831600742537
20,7.514,0.015618125966261562
20,7.516,0.015440472318591867
20,7.518,0.015261080811596989
20,7.5200000000000005,0.015080152737403651
20,7.522,0.014897880951164115
20,7.524,0.014714450281234377
20,7.526,0.014530037925493849
20,7.5280000000000005,0.0143448138345068
20,7.53,0.01415894108219489
20,7.532,0.013972576224667767
20,7.534,0.013785869647829685
20,7.5360000000000005,0.013598965904352873
20,7.538,0.013412004040587877
20,7.54,0.013225117913949891
20,7.542,0.013053893017943921
20,7.5440000000000005,0.012897519537898968
20,7.546,0.01275522540985733
20,7.548,0.012626275110318925
20,7.55,0.012509968420706506
20,7.5520000000000005,0.01240563917055294
20,7.554,0.012312653964337231
20,7.556,0.0122304108976129
20,7.558,0.012158338268543097
20,7.5600000000000005,0.012095893291200302
20,7.562,0.012042560817014906
20,7.564,0.011997852070583856
20,7.566,0.011961303405710824
20,7.5680000000000005,0.011932475087078143
20,7.57,0.011910950102371887
20,7.572,0.011896333009037568
20,7.574,0.011888248819161097
20,7.5760000000000005,0.011886341925275538
20,7.578,0.011890275069209649
20,7.58,0.011899728355447064
20,7.582,0.0119131113591135
20,7.5840000000000005,0.011930208840401472
20,7.586,0.011950816455752801
20,7.588,0.011974740179016537
20,7.59,0.012001795753246433
20,7.5920000000000005,0.012031808172047907
20,7.594,0.012064611189300693
20,7.596,0.012100046856037116
20,7.598,0.012137965083219241
20,7.6000000000000005,0.01217822322915132
20,7.602,0.012220685710259645
20,7.604,0.012265223633993183
20,7.606,0.01231171445262174
20,7.6080000000000005,0.012360041636742874
20,7.61,0.012410094367350577
20,7.612,0.0124617672453663
20,7.614,0.012514960017577901
20,7.6160000000000005,0.012569577317988415
20,7.618,0.01262552842362557
20,7.62,0.01268272702391713
20,7.622,0.012741091002788748
20,7.6240000000000006,0.012800542232692658
20,7.626,0.012861006379823217
20,7.628,0.01292241271982614
20,7.63,0.012984693963349175
20,7.632000000000001,0.01304778609083031
20,7.634,0.013111628195956005
20,7.636,0.013176162337263878
20,7.638,0.013241333397397536
20,7.640000000000001,0.013307088949557047
20,7.642,0.01337337913072032
20,7.644,0.01344015652123714
20,7.646,0.013507376030428866
20,7.648000000000001,0.013574994787848429
20,7.65,0.013642972039881254
20,7.652,0.01371126905138837
20,7.654,0.013779849012112048
20,7.656000000000001,0.013848676947585365
20,7.658,0.013917719634300812
20,7.66,0.0139869455189126
20,7.662,0.01405632464125738
20,7.664000000000001,0.014125828560996864
20,7.666,0.014195430287692976
20,7.668,0.01426510421414135
20,7.67,0.014334826052798878
20,7.672000000000001,0.014404572775148883
20,7.674,0.014474322553858556
20,7.676,0.014544054707592987
20,7.678,0.014613749648352688
20,7.68,0.014683388831216518
20,7.682,0.014752954706370532
20,7.684,0.014822430673316846
20,7.686,0.014891801037156949
20,7.688,0.014961050966852898
20,7.69,0.015030166455372607
20,7.692,0.015099134281633723
20,7.694,0.015167941974158465
20,7.696,0.015236577776366179
20,7.698,0.01530503061342155
20,7.7,0.015373290060573615
20,7.702,0.015441346312912963
20,7.704,0.015509190156484417
20,7.706,0.015576812940694323
20,7.708,0.01564420655195137
20,7.71,0.015711363388488594
20,7.712,0.015778276336309974
20,7.714,0.015844938746214298
20,7.716,0.015911344411844754
20,7.718,0.015977487548720647
20,7.72,0.016043362774206593
20,7.722,0.016108965088376496
20,7.724,0.016174289855733714
20,7.726,0.016239332787748025
20,7.728,0.01630408992617386
20,7.73,0.016368557627114182
20,7.732,0.016432732545797992
20,7.734,0.016496611622038238
20,7.736,0.01656019206634158
20,7.738,0.01662347134663901
20,7.74,0.016686447175612247
20,7.742,0.016749117498586975
20,7.744,0.016811480481969416
20,7.746,0.01687353450220202
20,7.748,0.016935278135213686
20,7.75,0.01699671014634469
20,7.752,0.01705782948072444
20,7.7540000000000004,0.01711863525408084
20,7.756,0.01717912674396445
20,7.758,0.017239303381366235
20,7.76,0.017299164742714614
20,7.7620000000000005,0.017358710542231603
20,7.764,0.017417940624635822
20,7.766,0.017476854958172753
20,7.768,0.017535453627962248
20,7.7700000000000005,0.01759373682964506
20,7.772,0.017651704863318705
20,7.774,0.01770935812774689
20,7.776,0.01776669711483273
20,7.7780000000000005,0.017823722404341734
20,7.78,0.017880434658866406
20,7.782,0.0179368346190185
20,7.784,0.01799292309884155
20,7.7860000000000005,0.018048700981432002
20,7.788,0.018104169214761285
20,7.79,0.01815932880768816
20,7.792,0.01821418082615478
20,7.7940000000000005,0.018268726389556636
20,7.796,0.018322966667279995
20,7.798,0.01837690287539837
20,7.8,0.018430536273521987
20,7.8020000000000005,0.018483868161791733
20,7.804,0.018536899878014535
20,7.806,0.018589632794928854
20,7.808,0.018642068317600295
20,7.8100000000000005,0.018694207880935843
20,7.812,0.018746052947316818
20,7.814,0.018797605004341186
20,7.816,0.018848865562672044
20,7.8180000000000005,0.018899836153987815
20,7.82,0.018950518329029744
20,7.822,0.019000913655740276
20,7.824,0.01905102371749217
20,7.8260000000000005,0.019100850111399933
20,7.828,0.019150394446713456
20,7.83,0.019199658343288475
20,7.832,0.019248643430130455
20,7.8340000000000005,0.019297351344009294
20,7.836,0.01934578372814108
20,7.838,0.019393942230935053
20,7.84,0.019441828504800626
20,7.8420000000000005,0.019489444205014896
20,7.844,0.019536790988644803
20,7.846,0.019583870513524063
20,7.848,0.019630684437281002
20,7.8500000000000005,0.01967723441641485
20,7.852,0.019723522105420627
20,7.854,0.019769549155956287
20,7.856,0.019815317216055315
20,7.8580000000000005,0.01986082792937766
20,7.86,0.019906082934502245
20,7.862,0.019931286173296574
20,7.864,0.019937479028221454
20,7.8660000000000005,0.019925657577166696
20,7.868,0.019896774446042667
20,7.87,0.019851740609321596
20,7.872,0.019791427132870028
20,7.8740000000000006,0.019716666855765244
20,7.876,0.019628256009511447
20,7.878,0.019526955774294176
20,7.88,0.019413493772812162
20,7.882000000000001,0.019288565502843226
20,7.884,0.019152835710139725
20,7.886,0.019006939703541486
20,7.888,0.018851484614379785
20,7.890000000000001,0.018687050602354937
20,7.892,0.018514192010124046
20,7.894,0.018333438468841425
20,7.896,0.018145295956881375
20,7.898000000000001,0.017950247813924243
20,7.9,0.01774875571254051
20,7.902,0.017541260589337873
20,7.904,0.017328183537669857
20,7.906000000000001,0.01710992666383334
20,7.908,0.01688687390860889
20,7.91,0.01665939183592961
20,7.912,0.016427830390395366
20,7.914000000000001,0.01619252362528644
20,7.916,0.015953790402669896
20,7.918,0.015711935067140265
20,7.92,0.015467248094685632
20,7.922000000000001,0.01522000671812791
20,7.924,0.01497047553055119
20,7.926,0.01471890706810379
20,7.928,0.01446554237353537
20,7.930000000000001,0.014210611541821636
20,7.932,0.01395433424922099
20,7.934,0.01369692026711434
20,7.936,0.01343856996199509
20,7.938,0.01317947478300229
20,7.94,0.012919817738429531
20,7.942,0.012677762827018072
20,7.944,0.012452437594068293
20,7.946,0.012243008746955393
20,7.948,0.012048680836160086
20,7.95,0.011868694939272123
20,7.952,0.011702327349507552
20,7.954,0.011548888270676879
20,7.956,0.011407720520899913
20,7.958,0.011278198247672348
20,7.96,0.01115972565712445
20,7.962,0.011051735760470036
20,7.964,0.010953689140717066
20,7.966,0.010865072742689812
20,7.968,0.01078539868931802
20,7.97,0.010714203126970209
20,7.972,0.010651045102370952
20,7.974,0.010595505473347762
20,7.976,0.01054718585532236
20,7.978,0.010505707605103982
20,7.98,0.010470710843173745
20,7.982,0.010441853515279582
20,7.984,0.010418810493800511
20,7.986,0.01040127271900093
20,7.988,0.010388946379979749
20,7.99,0.010381552134837161
20,7.992,0.010378824369332806
20,7.994,0.010380510493093834
20,7.996,0.010386370272259145
20,7.998,0.010396175197299958
20,8.0,0.010409707884652565
20,8.002,0.01042676151071832
20,8.004,0.010447139276741409
20,8.006,0.010470653903047144
20,8.008000000000001,0.010497127151123354
20,8.01,0.010526389372039363
20,8.012,0.01055827907973456
20,8.014,0.010592642547740054
20,8.016,0.01062933342796116
20,8.018,0.010668212390195475
20,8.02,0.01070914678113222
20,8.022,0.010752010301641367
20,8.024000000000001,0.010796682701228385
20,8.026,0.010843049488596924
20,8.028,0.010891001657332516
20,8.03,0.010940435425775968
20,8.032,0.010991251990229246
20,8.034,0.011043357290682726
20,8.036,0.011096661788319561
20,8.038,0.011151080254099126
20,8.040000000000001,0.011206531567773745
20,8.042,0.01126293852673797
20,8.044,0.011320227664151795
20,8.046,0.011378329075819864
20,8.048,0.011437176255344692
20,8.05,0.0114967059371041
20,8.052,0.0115568579466357
20,8.054,0.011617575058038265
20,8.056000000000001,0.011678802858026752
20,8.058,0.01174048961629961
20,8.06,0.01180258616190093
20,8.062,0.011865045765277962
20,8.064,0.011927824025755306
20,8.066,0.011990878764159999
20,8.068,0.01205416992035181
20,8.07,0.012117659455423417
20,8.072000000000001,0.012181311258350588
20,8.074,0.012245091056882804
20,8.076,0.01230896633247871
20,8.078,0.012372906239097049
20,8.08,0.012436881525667758
20,8.082,0.012500864462074634
20,8.084,0.012564828768487777
20,8.086,0.012628749547896861
20,8.088000000000001,0.012692603221697884
20,8.09,0.012756367468196491
20,8.092,0.012820021163897816
20,8.094,0.01288354432745534
20,8.096,0.0129469180661615
20,8.098,0.013010124524865102
20,8.1,0.013073146837207133
20,8.102,0.013137316123264095
20,8.104000000000001,0.01320253888891321
20,8.106,0.013268726182703383
20,8.108,0.013335793387647114
20,8.11,0.01340366002247484
20,8.112,0.01347224955190259
20,8.114,0.013541489205491655
20,8.116,0.01361130980470145
20,8.118,0.01368164559775726
20,8.120000000000001,0.013752434101974862
20,8.122,0.013823615953202603
20,8.124,0.013895134762059206
20,8.126,0.013966936976659789
20,8.128,0.014038971751538825
20,8.13,0.014111190822493194
20,8.132,0.014183548387079888
20,8.134,0.014256000990517341
20,8.136000000000001,0.014328507416747486
20,8.138,0.014401028584432029
20,8.14,0.01447352744766073
20,8.142,0.014544625807889504
20,8.144,0.014614368758559341
20,8.146,0.014682799455168271
20,8.148,0.014749959203201022
20,8.15,0.014815887542034202
20,8.152000000000001,0.01488062232499378
20,8.154,0.014944199795740595
20,8.156,0.01500665466114629
20,8.158,0.015068020160820287
20,8.16,0.015128328133438895
20,8.162,0.015187609080023487
20,8.164,0.015245892224306052
20,8.166,0.015303205570315528
20,8.168000000000001,0.015359575957313977
20,8.17,0.015415029112202421
20,8.172,0.015469589699514693
20,8.174,0.015523281369110449
20,8.176,0.015576126801670826
20,8.178,0.01562814775210368
20,8.18,0.015679365090949318
20,8.182,0.015731136876821948
20,8.184000000000001,0.015783404292714773
20,8.186,0.015836111421498298
20,8.188,0.015889205112360714
20,8.19,0.01594263485329763
20,8.192,0.015996352649376613
20,8.194,0.016050312906523513
20,8.196,0.016104472320582007
20,8.198,0.016158789771409852
20,8.2,0.0162132262217893
20,8.202,0.01626774462093411
20,8.204,0.0163223098123881
20,8.206,0.01637688844611704
20,8.208,0.016431448894608434
20,8.21,0.016485961172795282
20,8.212,0.0165403968616352
20,8.214,0.01659472903517781
20,8.216,0.016648932190964603
20,8.218,0.016702982183610163
20,8.22,0.016756856161421516
20,8.222,0.016812280022571693
20,8.224,0.016869138722339652
20,8.226,0.016927322775615684
20,8.228,0.016986728001946328
20,8.23,0.017047255282001544
20,8.232,0.01710881032497246
20,8.234,0.017171303446429843
20,8.236,0.017234649356187896
20,8.238,0.01729876695573928
20,8.24,0.017363579144844026
20,8.242,0.017429012636871275
20,8.244,0.017494997782510027
20,8.246,0.017561468401479735
20,8.248,0.01762836162188908
20,8.25,0.017695617726902046
20,8.252,0.017763180008388574
20,8.254,0.01783099462724973
20,8.256,0.017899010480116374
20,8.258000000000001,0.01796717907214071
20,8.26,0.01803545439560353
20,8.262,0.018102474761104315
20,8.264,0.018168275312740186
20,8.266,0.01823288975150068
20,8.268,0.01829635040029599
20,8.27,0.018358688265942932
20,8.272,0.018419933098259865
20,8.274000000000001,0.018480113446407077
20,8.276,0.018539256712603654
20,8.278,0.018597389203348386
20,8.28,0.01865453617826264
20,8.282,0.018710721896668468
20,8.284,0.01876596966201035
20,8.286,0.01882030186422272
20,8.288,0.018873740020140705
20,8.290000000000001,0.0189263048120469
20,8.292,0.018978016124442113
20,8.294,0.019028893079124285
20,8.296,0.019078954068655368
20,8.298,0.019128216788292126
20,8.3,0.01917669826645246
20,8.302,0.01920803019351026
20,8.304,0.01922309382491121
20,8.306000000000001,0.019222729755966308
20,8.308,0.01920773988007263
20,8.31,0.019178889237520817
20,8.312,0.01913690776235061
20,8.314,0.019082491934126006
20,8.316,0.01901630634095487
20,8.318,0.01893898515958267
20,8.32,0.018851133557930853
20,8.322000000000001,0.0187533290250337
20,8.324,0.01864612263294712
20,8.326,0.018530040234853554
20,8.328,0.018405583603268747
20,8.33,0.018273231511965804
20,8.332,0.018133440764964846
20,8.334,0.017986647175694384
20,8.336,0.01783326649920618
20,8.338000000000001,0.017673695320123826
20,8.34,0.017508311898814206
20,8.342,0.01733747697810288
20,8.344,0.017161534552697165
20,8.346,0.01698081260333069
20,8.348,0.016795623797517197
20,8.35,0.016606266158674006
20,8.352,0.016413023705263978
20,8.354000000000001,0.016216167061501287
20,8.356,0.01601595404107112
20,8.358,0.015812630205221875
20,8.36,0.015606429396511362
20,8.362,0.01539757424940797
20,8.364,0.015186276678883646
20,8.366,0.014972738348063121
20,8.368,0.014757151115944899
20,8.370000000000001,0.014539697466142677
20,8.372,0.014320550917554136
20,8.374,0.014099876417811803
20,8.376,0.013877830720328601
20,8.378,0.013654562745709748
20,8.38,0.013430213928269341
20,8.382,0.013221404337844005
20,8.384,0.013027371405733002
20,8.386000000000001,0.012847386258126365
20,8.388,0.012680752403496236
20,8.39,0.012526804454792049
20,8.392,0.012384906887191476
20,8.394,0.012254452831933025
20,8.396,0.01213486290656648
20,8.398,0.012025584081777955
20,8.4,0.011926088584785782
20,8.402000000000001,0.011835872839164135
20,8.404,0.01175445644082363
20,8.406,0.011681381169767208
20,8.408,0.011616210037146267
20,8.41,0.011558526367054525
20,8.412,0.011507932912426654
20,8.414,0.01146405100434972
20,8.416,0.011426519734043822
20,8.418000000000001,0.011394995166725598
20,8.42,0.011369149586536058
20,8.422,0.011349999472724269
20,8.424,0.01133716866574441
20,8.426,0.01133029891383893
20,8.428,0.011329049066668241
20,8.43,0.011333094301748906
20,8.432,0.011342125382741102
20,8.434000000000001,0.01135584794861143
20,8.436,0.011373981832690875
20,8.438,0.011396260410643462
20,8.44,0.011422429976362563
20,8.442,0.011452249144819945
20,8.444,0.011485488280899538
20,8.446,0.01152192895326443
20,8.448,0.011561363412315055
20,8.45,0.011603594091320528
20,8.452,0.011648433129819738
20,8.454,0.01169570191841119
20,8.456,0.01174523066407498
20,8.458,0.011796857975187343
20,8.46,0.01185043046541995
20,8.462,0.011905802375734546
20,8.464,0.011962835213708698
20,8.466,0.012021397409457965
20,8.468,0.012081363987438202
20,8.47,0.012142616253441488
20,8.472,0.01220504149612131
20,8.474,0.012268532702407646
20,8.476,0.01233298828619654
20,8.478,0.01239831182972198
20,8.48,0.012464411837041998
20,8.482,0.012531201499092278
20,8.484,0.012598598469782252
20,8.486,0.012666524652632856
20,8.488,0.012734905997471355
20,8.49,0.012803672306723714
20,8.492,0.012872757050860401
20,8.494,0.012942097192573922
20,8.496,0.013011633019280718
20,8.498,0.013081307983563993
20,8.5,0.01315106855118142
20,8.502,0.013220864056289253
20,8.504,0.013290646563541396
20,8.506,0.013360370736741015
20,8.508000000000001,0.013429993713735922
20,8.51,0.013499474987265553
20,8.512,0.013568776291474478
20,8.514,0.013637861493827124
20,8.516,0.013706696492168626
20,8.518,0.01377524911668333
20,8.52,0.013843489036524612
20,8.522,0.013911387670887622
20,8.524000000000001,0.013978918104319357
20,8.526,0.014046055006059266
20,8.528,0.014112774553222802
20,8.53,0.01417905435764056
20,8.532,0.014244873396182326
20,8.534,0.01431021194439755
20,8.536,0.014375051513314172
20,8.538,0.014439374789245483
20,8.540000000000001,0.014503165576461804
20,8.542,0.014566408742588284
20,8.544,0.014629090166601477
20,8.546,0.014691196689296955
20,8.548,0.014752716066114108
20,8.55,0.014813636922200646
20,8.552,0.014873948709615021
20,8.554,0.014933641666560292
20,8.556000000000001,0.01499270677855508
20,8.558,0.015051135741448105
20,8.56,0.01510892092618816
20,8.562,0.01516605534526668
20,8.564,0.015222532620752655
20,8.566,0.015278346953842729
20,8.568,0.015333493095857222
20,8.57,0.015387966320609708
20,8.572000000000001,0.015441762398087333
20,8.574,0.015494877569378524
20,8.576,0.015547308522788832
20,8.578,0.015599052371087857
20,8.58,0.015650106629834924
20,8.582,0.015700469196730498
20,8.584,0.01575013833194617
20,8.586,0.015799112639385954
20,8.588000000000001,0.015847391048834706
20,8.59,0.01589497279895251
20,8.592,0.015941857421073326
20,8.594,0.015988044723771692
20,8.596,0.01603353477815982
20,8.598,0.01607832790388116
20,8.6,0.0161224246557674
20,8.602,0.016165825811127525
20,8.604000000000001,0.016208532357639083
20,8.606,0.016250545481813504
20,8.608,0.01629186655800813
20,8.61,0.016332497137959374
20,8.612,0.016372438940812587
20,8.614,0.01641169384362454
20,8.616,0.016450263872318276
20,8.618,0.016488151193065927
20,8.620000000000001,0.016525358104082528
20,8.622,0.01654420849356122
20,8.624,0.01654564197604838
20,8.626,0.016530555006040858
20,8.628,0.01649980297986762
20,8.63,0.016454202217381163
20,8.632,0.01639453183213895
20,8.634,0.016321535498001322
20,8.636000000000001,0.016235923119395767
20,8.638,0.016138372411886953
20,8.64,0.016029530399145776
20,8.642,0.015910014831912664
20,8.644,0.01578041553410573
20,8.646,0.01564129568082642
20,8.648,0.01549319301264118
20,8.65,0.015336620990201649
20,8.652000000000001,0.01517206989296067
20,8.654,0.015000007865478003
20,8.656,0.014820881914568101
20,8.658,0.014635118860322859
20,8.66,0.014443126243850912
20,8.662,0.01426469665808135
20,8.664,0.014099164139457238
20,8.666,0.013945891874151
20,8.668000000000001,0.013804271053852069
20,8.67,0.013673719765165026
20,8.672,0.01355368191274092
20,8.674,0.013443626176122252
20,8.676,0.013343045000157852
20,8.678,0.013251453618735263
20,8.68,0.013168389111480928
20,8.682,0.013093409492998516
20,8.684000000000001,0.013026092834142956
20,8.686,0.012966036414768541
20,8.688,0.012912855907335085
20,8.69,0.01286618459072069
20,8.692,0.012825672593546564
20,8.694,0.012790986166298089
20,8.696,0.012761806981499715
20,8.698,0.012737831461188148
20,8.700000000000001,0.012718770130914896
20,8.702,0.01270434699950043
20,8.704,0.012694298963762831
20,8.706,0.012688375237436409
20,8.708,0.012686336803505859
20,8.71,0.012687955889180327
20,8.712,0.012693015462742324
20,8.714,0.012701308751514472
20,8.716,0.012712638780198902
20,8.718,0.012726817928853038
20,8.72,0.01274366750978656
20,8.722,0.012763017362669887
20,8.724,0.012784705467166622
20,8.726,0.012808577572417776
20,8.728,0.012834486842719565
20,8.73,0.012862293518757645
20,8.732,0.01289186459377775
20,8.734,0.012923073504086977
20,8.736,0.012955799833306534
20,8.738,0.012989929029805246
20,8.74,0.013025352136768755
20,8.742,0.01306196553437584
20,8.744,0.013099670693568257
20,8.746,0.013138373940923535
20,8.748,0.013177986234153909
20,8.75,0.013218422947774013
20,8.752,0.013259603668496354
20,8.754,0.013301451999930288
20,8.756,0.013343895376176699
20,8.758000000000001,0.013386864883928156
20,8.76,0.013430295092695646
20,8.762,0.013474123892803058
20,8.764,0.013518292340803132
20,8.766,0.01356274451198078
20,8.768,0.013607427359628345
20,8.77,0.013652290580785587
20,8.772,0.01369728648815282
20,8.774000000000001,0.013742369887899657
20,8.776,0.013787497963098898
20,8.778,0.013832630162531351
20,8.78,0.013877728094617065
20,8.782,0.013922755426237332
20,8.784,0.013967677786225407
20,8.786,0.01401246267331073
20,8.788,0.014057079368313026
20,8.790000000000001,0.014101498850391487
20,8.792,0.014145693717160715
20,8.794,0.01418963810849796
20,8.796,0.01423330763386881
20,8.798,0.014276679303012005
20,8.8,0.014319731459825036
20,8.802,0.014362443719306034
20,8.804,0.014404796907408096
20,8.806000000000001,0.014446773003672682
20,8.808,0.014488355086513494
20,8.81,0.014529527281027653
20,8.812,0.01457027470921762
20,8.814,0.01461058344251275
20,8.816,0.014650440456482545
20,8.818,0.014689833587642209
20,8.82,0.014728751492250789
20,8.822000000000001,0.014767183607013934
20,8.824,0.014805120111597668
20,8.826,0.014842551892874055
20,8.828,0.014879470510816686
20,8.83,0.014915868165968356
20,8.832,0.014951737668411057
20,8.834,0.014987072408166392
20,8.836,0.015021866326961177
20,8.838000000000001,0.015056113891295528
20,8.84,0.015089810066752432
20,8.842,0.015122950293491531
20,8.844,0.015155530462873804
20,8.846,0.015187546895162501
20,8.848,0.0152189963182525
20,8.85,0.015249875847381193
20,8.852,0.015280182965772741
20,8.854000000000001,0.015309915506176264
20,8.856,0.015339071633254153
20,8.858,0.015367649826782287
20,8.86,0.01539564886562581
20,8.862,0.01542306781245268
20,8.864,0.015449905999152807
20,8.866,0.015476163012929594
20,8.868,0.015501838683033491
20,8.870000000000001,0.015526933068107339
20,8.872,0.015551446444116223
20,8.874,0.015575379292834644
20,8.876,0.015598732290865646
20,8.878,0.015621506299167053
20,8.88,0.015643702353062738
20,8.882,0.01566532165271516
20,8.884,0.01568636555403948
20,8.886000000000001,0.015706835560038462
20,8.888,0.015726733312538762
20,8.89,0.015746060584310852
20,8.892,0.015764819271554348
20,8.894,0.015783011386732812
20,8.896,0.015800639051741824
20,8.898,0.01581770449139495
20,8.9,0.015834210027213125
20,8.902000000000001,0.01583317825695003
20,8.904,0.01581549750507985
20,8.906,0.015782017025308563
20,8.908,0.015733548815832853
20,8.91,0.015670869345495244
20,8.912,0.015594721195699867
20,8.914,0.015505814622885023
20,8.916,0.01540482904623185
20,8.918000000000001,0.015292414465124846
20,8.92,0.0151691928107116
20,8.922,0.015035759235722031
20,8.924,0.014892683346528738
20,8.926,0.014740510381262619
20,8.928,0.014579762337630973
20,8.93,0.014410939053951112
20,8.932,0.01423451924677727
20,8.934000000000001,0.014050961508401991
20,8.936,0.01386070526742299
20,8.938,0.01366417171551022
20,8.94,0.013461764703473343
20,8.942,0.013272430243619938
20,8.944,0.013095538853178485
20,8.946,0.012930487911623555
20,8.948,0.012776700666966184
20,8.950000000000001,0.012633625268057872
20,8.952,0.012500733822765633
20,8.954,0.012377521481852487
20,8.956,0.012263505548382621
20,8.958,0.012158224612458355
20,8.96,0.012061237711095324
20,8.962,0.011972123513025772
20,8.964,0.011890479528227638
20,8.966,0.011815921341956588
20,8.968,0.011748081873053656
20,8.97,0.011686610656285155
20,8.972,0.0116311731484549
20,8.974,0.011581450058007542
20,8.976,0.011537136697817692
20,8.978,0.011497942360839158
20,8.98,0.011463589718256558
20,8.982,0.011433814239757189
20,8.984,0.011408363635516415
20,8.986,0.011386997319458105
20,8.988,0.011369485893332918
20,8.99,0.011355610651128507
20,8.992,0.011345163103309658
20,8.994,0.011337944520364377
20,8.996,0.01133376549511912
20,8.998,0.011332445523271324
20,9.0,0.011333812601580286
20,9.002,0.01133770284314907
20,9.004,0.01134396010922665
20,9.006,0.011352435656958183
20,9.008000000000001,0.01136298780251526
20,9.01,0.011375481599036778
20,9.012,0.011389788528822808
20,9.014,0.011405786209228004
20,9.016,0.011423358111712177
20,9.018,0.011442393293515882
20,9.02,0.011462786141443774
20,9.022,0.011484436127246478
20,9.024000000000001,0.011507247574113942
20,9.026,0.011531129433797851
20,9.028,0.011555995073907279
20,9.03,0.011581762074926989
20,9.032,0.011608352036530331
20,9.034,0.011635690392772105
20,9.036,0.011663706235761809
20,9.038,0.011692332147435291
20,9.040000000000001,0.011721504039055971
20,9.042,0.011751160998094479
20,9.044,0.011781245142146419
20,9.046,0.01181170147956846
20,9.048,0.011842477776520009
20,9.05,0.011873524430116713
20,9.052,0.011904794347412996
20,9.054,0.011936242829941693
20,9.056000000000001,0.011967827463557013
20,9.058,0.011999508013330348
20,9.06,0.01203124632326719
20,9.062,0.012063006220621213
20,9.064,0.012094753424589757
20,9.066,0.012126455459190503
20,9.068,0.01215808157012201
20,9.07,0.012189602645425531
20,9.072000000000001,0.012220991139770196
20,9.074,0.012252221002195897
20,9.076,0.012283267607149786
20,9.078,0.01231410768866799
20,9.08,0.012344719277554829
20,9.082,0.012375081641420994
20,9.084,0.012405175227449728
20,9.086,0.012434981607764356
20,9.088000000000001,0.012464483427277543
20,9.09,0.012493664353907625
20,9.092,0.012522509031053954
20,9.094,0.012551003032227457
20,9.096,0.012579132817734855
20,9.098,0.012606885693327624
20,9.1,0.012634249770720423
20,9.102,0.01266121392989592
20,9.104000000000001,0.01268776778311472
20,9.106,0.012713901640551835
20,9.108,0.012739606477484153
20,9.11,0.012764873902961348
20,9.112,0.012789696129889984
20,9.114,0.012814065946467038
20,9.116,0.012837976688902948
20,9.118,0.012861422215373727
20,9.120000000000001,0.01288439688114703
20,9.122,0.012906895514830716
20,9.124,0.012928913395689334
20,9.126,0.012950446231984266
20,9.128,0.012971490140288025
20,9.13,0.012992041625731417
20,9.132,0.013012097563138455
20,9.134,0.013031655179012407
20,9.136000000000001,0.013050712034331663
20,9.138,0.013069266008120552
20,9.14,0.013087315281760183
20,9.142,0.013106433250459622
20,9.144,0.013126536967191696
20,9.146,0.013147547421669428
20,9.148,0.013169389363294733
20,9.15,0.01319199113209771
20,9.152000000000001,0.013215284497304986
20,9.154,0.013239204503193425
20,9.156,0.013263689321900527
20,9.158,0.013288680112874676
20,9.16,0.013314120888662415
20,9.162,0.013339958386746557
20,9.164,0.013366141947155836
20,9.166,0.013392623395584287
20,9.168000000000001,0.013419356931768203
20,9.17,0.013446299022880344
20,9.172,0.01347340830171063
20,9.174,0.01350064546941689
20,9.176,0.01352797320263451
20,9.178,0.013555356064746527
20,9.18,0.013582760421126019
20,9.182,0.013608875195918656
20,9.184000000000001,0.013633739032620202
20,9.186,0.013657389068403455
20,9.188,0.013679860998040645
20,9.19,0.013701189135039149
20,9.192,0.013721406470111719
20,9.194,0.013740544727100727
20,9.196,0.013758634416465522
20,9.198,0.01377570488644387
20,9.200000000000001,0.013791784371987949
20,9.202,0.013806900041572779
20,9.204,0.013821078041972525
20,9.206,0.013834343541092675
20,9.208,0.013846720768945314
20,9.21,0.013858233056848229
20,9.212,0.013868902874925796
20,9.214,0.013878751867988239
20,9.216000000000001,0.013887800889858882
20,9.218,0.013896070036218547
20,9.22,0.01390357867603172
20,9.222,0.0139116222428096
20,9.224,0.013920150281699944
20,9.226,0.01392911473019694
20,9.228,0.013938469812868223
20,9.23,0.013948171940709674
20,9.232,0.013958179614919566
20,9.234,0.013968453334898198
20,9.236,0.013978955510283194
20,9.238,0.013989650376842291
20,9.24,0.014000503916053024
20,9.242,0.014011483778202863
20,9.244,0.01402255920885749
20,9.246,0.014033700978543544
20,9.248,0.014044881315506411
20,9.25,0.014056073841405635
20,9.252,0.014067253509817707
20,9.254,0.014078396547421292
20,9.256,0.014089480397749436
20,9.258000000000001,0.01410048366739084
20,9.26,0.014111386074535269
20,9.262,0.014122168399759315
20,9.264,0.014132812438952334
20,9.266,0.014143300958290302
20,9.268,0.014153617651165932
20,9.27,0.014163747096990286
20,9.272,0.014173674721782525
20,9.274000000000001,0.01418338676047118
20,9.276,0.014192870220829842
20,9.278,0.014202112848977006
20,9.28,0.014211103096372794
20,9.282,0.014219830088242876
20,9.284,0.01422828359337418
20,9.286,0.014236453995214676
20,9.288,0.014244332264227317
20,9.290000000000001,0.01425190993143888
20,9.292,0.014259179063134675
20,9.294,0.014266132236646571
20,9.296,0.014272762517190018
20,9.298,0.014279063435701062
20,9.3,0.01428502896763396
20,9.302,0.014292189932679545
20,9.304,0.014300463450254871
20,9.306000000000001,0.01430977042554094
20,9.308,0.014320035384753608
20,9.31,0.014331186317617445
20,9.312,0.014343154526728862
20,9.314,0.014355874483502153
20,9.316,0.014369283690410854
20,9.318,0.014383322549245514
20,9.32,0.014397934235120266
20,9.322000000000001,0.014413064575976539
20,9.324,0.014428661937337188
20,9.326,0.014444677112080036
20,9.328,0.014461063215007697
20,9.33,0.014477775582000953
20,9.332,0.014494771673552615
20,9.334,0.0145120109824881
20,9.336,0.01452945494568615
20,9.338000000000001,0.01454706685962504
20,9.34,0.014564811799582604
20,9.342,0.014582656542330924
20,9.344,0.014600569492170014
20,9.346,0.014618520610155415
20,9.348,0.014636481346376433
20,9.35,0.014654424575154208
20,9.352,0.01467232453302796
20,9.354000000000001,0.014690156759412359
20,9.356,0.014707898039802244
20,9.358,0.014725526351420281
20,9.36,0.014743020811196708
20,9.362,0.014760361625980056
20,9.364,0.014777530044884397
20,9.366,0.014794508313676421
20,9.368,0.014811279631116364
20,9.370000000000001,0.01482782810716802
20,9.372,0.014844138722995573
20,9.374,0.014860197292671138
20,9.376,0.01487599042651849
20,9.378,0.014891505496022552
20,9.38,0.01490673060023761
20,9.382,0.014921654533628646
20,9.384,0.014936266755285556
20,9.386000000000001,0.014950557359449775
20,9.388,0.014964517047298353
20,9.39,0.014978137099930402
20,9.392,0.014991409352505565
20,9.394,0.015004326169482975
20,9.396,0.015016880420917807
20,9.398,0.015029065459764821
20,9.4,0.015040875100150437
20,9.402000000000001,0.015052303596569713
20,9.404,0.015063345623969054
20,9.406,0.015073996258677277
20,9.408,0.01508425096014955
20,9.41,0.015094105553487523
20,9.412,0.015103556212704913
20,9.414,0.01511259944470597
20,9.416,0.01512123207394567
20,9.418000000000001,0.015129451227744313
20,9.42,0.015137254322228273
20,9.422,0.015144639048868395
20,9.424,0.01515160336159511
20,9.426,0.015158145464459837
20,9.428,0.015164263799826255
20,9.43,0.01516995703706236
20,9.432,0.015175224061717773
20,9.434000000000001,0.015180063965162654
20,9.436,0.015184476034668694
20,9.438,0.015188459743915231
20,9.44,0.015192014743901526
20,9.442,0.015195140854247093
20,9.444,0.01519783805486649
20,9.446,0.01520010647799918
20,9.448,0.01520194640058279
20,9.450000000000001,0.015203358236953122
20,9.452,0.01520434253185825
20,9.454,0.015204899953772421
20,9.456,0.015205031288499345
20,9.458,0.015204737433049353
20,9.46,0.015204019389782327
20,9.462,0.015204386372944266
20,9.464,0.015205764835794522
20,9.466000000000001,0.01520808450868301
20,9.468,0.015211278260840804
20,9.47,0.015215281967985614
20,9.472,0.015220034385492775
20,9.474,0.015225477026902115
20,9.476,0.015231554047532353
20,9.478,0.01523821213299126
20,9.48,0.015245400392370026
20,9.482,0.015253070255929414
20,9.484,0.015261175377082546
20,9.486,0.015269671538496074
20,9.488,0.015278516562132716
20,9.49,0.015287670223070052
20,9.492,0.015297094166935227
20,9.494,0.015306751830801482
20,9.496,0.015316608367400893
20,9.498,0.015326630572512852
20,9.5,0.015336786815393112
20,9.502,0.01534704697211657
20,9.504,0.015357382361708317
20,9.506,0.015367765684946529
20,9.508000000000001,0.015378170965724981
20,9.51,0.015388573494865145
20,9.512,0.015398949776276576
20,9.514,0.01540927747536599
20,9.516,0.015419535369599084
20,9.518,0.015429703301127373
20,9.52,0.015439762131389352
20,9.522,0.015449693697606964
20,9.524000000000001,0.015459480771094773
20,9.526,0.01546910701730756
20,9.528,0.015478556957552018
20,9.53,0.015487815932294776
20,9.532,0.01549687006599708
20,9.534,0.015505706233416036
20,9.536,0.015514312027306496
20,9.538,0.015522675727468951
20,9.540000000000001,0.015530786271085962
20,9.542,0.015538633224291637
20,9.544,0.015546206754925502
20,9.546,0.015553497606419182
20,9.548,0.015560497072770074
20,9.55,0.015567196974555738
20,9.552,0.015573589635946721
20,9.554,0.015579667862674578
20,9.556000000000001,0.015585424920918127
20,9.558,0.0155908545170662
20,9.56,0.015595950778324407
20,9.562,0.015600708234126676
20,9.564,0.015605121798322451
20,9.566,0.015609186752103816
20,9.568,0.015612898727643999
20,9.57,0.015616253692416515
20,9.572000000000001,0.015619247934167956
20,9.574,0.015621878046516819
20,9.576,0.01562414091515087
20,9.578,0.015626033704602058
20,9.58,0.015627553845570644
20,9.582,0.015629925418886317
20,9.584,0.015633082507652402
20,9.586,0.015636962108719055
20,9.588000000000001,0.01564150401312484
20,9.59,0.015646650691402298
20,9.592,0.01565234718354905
20,9.594,0.015658540993475533
20,9.596,0.015665181987746277
20,9.598,0.015672222298438412
20,9.6,0.015679616229953158
20,9.602,0.015687320169614362
20,9.604000000000001,0.015695292501904438
20,9.606,0.015703493526186572
20,9.608,0.015711885377772124
20,9.61,0.015720431952197498
20,9.612,0.015729098832578912
20,9.614,0.01573785321992118
20,9.616,0.01574666386625884
20,9.618,0.015755501010515163
20,9.620000000000001,0.015764336316969087
20,9.622,0.01577462249153803
20,9.624,0.015786261761034082
20,9.626,0.01579916061923421
20,9.628,0.015813229651917744
20,9.63,0.015828383369013526
20,9.632,0.015844540043567217
20,9.634,0.01586162155725714
20,9.636000000000001,0.015879553252192036
20,9.638,0.01589826378873777
20,9.64,0.015917685009127467
20,9.642,0.015937751806622692
20,9.644,0.01595840199999683
20,9.646,0.01597957621312863
20,9.648,0.016001217759495246
20,9.65,0.01602327253136555
20,9.652000000000001,0.016045688893505786
20,9.654,0.016068417581209485
20,9.656,0.01609141160247804
20,9.658,0.01611462614418397
20,9.66,0.01613801848205319
20,9.662,0.01616032790808424
20,9.664,0.01618157872868809
20,9.666,0.016201794449520347
20,9.668000000000001,0.016220997806305138
20,9.67,0.01623921079440523
20,9.672,0.01625645469719348
20,9.674,0.016272750113275496
20,9.676,0.016288116982609752
20,9.678,0.016302574611571162
20,9.68,0.01631614169700399
20,9.682,0.016328836349302572
20,9.684000000000001,0.01634067611456324
20,9.686,0.016351677995844433
20,9.688,0.01636185847357124
20,9.69,0.016371233525121577
20,9.692,0.016379818643626056
20,9.694,0.016387628856015166
20,9.696,0.016394678740343702
20,9.698,0.016400982442423478
20,9.700000000000001,0.016406553691791864
20,9.702,0.016412623167714642
20,9.704,0.01641914105978266
20,9.706,0.016426059793635324
20,9.708,0.01643333393996653
20,9.71,0.016440920127176586
20,9.712,0.016448776957525616
20,9.714,0.01645686492664844
20,9.716000000000001,0.016465146346299593
20,9.718,0.016473585270195195
20,9.72,0.016482147422833368
20,9.722,0.016490800131169932
20,9.724,0.016499512259037955
20,9.726,0.016508254144201182
20,9.728,0.01651699753793516
20,9.73,0.016525715547035375
20,9.732,0.016534382578156825
20,9.734,0.016542974284389073
20,9.736,0.01655146751398002
20,9.738,0.01655984026112038
20,9.74,0.01656807161870732
20,9.742,0.016559261869068465
20,9.744,0.01653420864288978
20,9.746,0.01649367784694197
20,9.748,0.016438404944359226
20,9.75,0.016369096186470852
20,9.752,0.016286429797151895
20,9.754,0.016191057111039107
20,9.756,0.016083603667204537
20,9.758000000000001,0.015964670260055703
20,9.76,0.015834833949327415
20,9.762,0.01569464903110072
20,9.764,0.015544647971813421
20,9.766,0.015385342307238816
20,9.768,0.015217223508413764
20,9.77,0.015040763816490542
20,9.772,0.014856417048483896
20,9.774000000000001,0.014664619375884555
20,9.776,0.014465790078113668
20,9.778,0.014260332272815843
20,9.78,0.014048633625011955
20,9.782,0.013849351519152965
20,9.784,0.01366193464310719
20,9.786,0.013485853330962166
20,9.788,0.01332059881685832
20,9.790000000000001,0.013165682507350679
20,9.792,0.013020635272205986
20,9.794,0.012885006753528772
20,9.796,0.012758364693109269
20,9.798,0.01264029427786975
20,9.8,0.012530397503287516
20,9.802,0.012428292554662516
20,9.804,0.012333613206089142
20,9.806000000000001,0.012246008236985639
20,9.808,0.01216514086602137
20,9.81,0.012090688202271526
20,9.812,0.012022340713414063
20,9.814,0.01195980171077173
20,9.816,0.011902786850980717
20,9.818,0.011851023654056322
20,9.82,0.011804251037604619
20,9.822000000000001,0.01176100033771161
20,9.824,0.011721094713752198
20,9.826,0.011684364763769836
20,9.828,0.011650648226725359
20,9.83,0.011619789695750582
20,9.832,0.011591640342100619
20,9.834,0.01156605764949509
20,9.836,0.011542905158541731
20,9.838000000000001,0.01152205222093304
20,9.84,0.011503373763112326
20,9.842,0.011486750059103368
20,9.844,0.011472066512207217
20,9.846,0.011459213445265109
20,9.848,0.0114480858991993
20,9.85,0.011438583439540488
20,9.852,0.011430609970663873
20,9.854000000000001,0.011424073557452452
20,9.856,0.011418886254120821
20,9.858,0.011414963939932805
20,9.86,0.01141222616155768
20,9.862,0.01141059598181007
20,9.864,0.01140999983453619
20,9.866,0.01141036738540168
20,9.868,0.01141163139835831
20,9.870000000000001,0.011413727607564086
20,9.872,0.011416594594540646
20,9.874,0.011420173670361952
20,9.876,0.0114244087626735
20,9.878,0.011429246307345115
20,9.88,0.011434635144574636
20,9.882,0.01144052641925852
20,9.884,0.011446873485458278
20,9.886000000000001,0.01145363181479537
20,9.888,0.011460758908612608
20,9.89,0.011468214213749505
20,9.892,0.011475959041781504
20,9.894,0.011483956491582301
20,9.896,0.011492171375070324
20,9.898,0.011500570146009784
20,9.9,0.011509120831738658
20,9.902000000000001,0.011517792967704053
20,9.904,0.011526557534687756
20,9.906,0.01153538689861051
20,9.908,0.011544254752809707
20,9.91,0.01155313606268652
20,9.912,0.011562007012624907
20,9.914,0.011570844955089083
20,9.916,0.011579628361807965
20,9.918000000000001,0.011588336776962155
20,9.92,0.011596950772287968
20,9.922,0.011605451904022075
20,9.924,0.011613822671608494
20,9.926,0.011622046478096965
20,9.928,0.011630107592160393
20,9.93,0.011637991111667806
20,9.932,0.01164568292874541
20,9.934000000000001,0.011653169696267047
20,9.936,0.011660438795713698
20,9.938,0.011667478306345626
20,9.94,0.011674276975634893
20,9.942,0.011682226467798942
20,9.944,0.011691249300841613
20,9.946,0.011701271375057998
20,9.948,0.011712221833738769
20,9.950000000000001,0.011724032929615014
20,9.952,0.01173663989680733
20,9.954,0.01174998082805363
20,9.956,0.011763996557000939
20,9.958,0.01177863054535137
20,9.96,0.011793828774660264
20,9.962,0.011809539642595013
20,9.964,0.011825713863467056
20,9.966000000000001,0.011842304372861373
20,9.968,0.011859266236189858
20,9.97,0.011876556561005851
20,9.972,0.011894134412922475
20,9.974,0.011911960734983866
20,9.976,0.01192999827034494
20,9.978,0.011948211488120388
20,9.98,0.0119665665122726
20,9.982000000000001,0.011985031053408002
20,9.984,0.012003574343364229
20,9.986,0.012022167072468823
20,9.988,0.012040781329359011
20,9.99,0.012059390543255976
20,9.992,0.012077969428592197
20,9.994,0.012096493931891899
20,9.996,0.012114941180814137
20,9.998,0.012133289435266315
20,10.0,0.012151518040503675
20,10.002,0.012169607382132913
20,10.004,0.012187538842940012
20,10.006,0.012205294761469159
20,10.008000000000001,0.012222858392277994
20,10.01,0.012240213867803634
20,10.012,0.012257346161769293
20,10.014,0.012274241054072791
20,10.016,0.012290885097092074
20,10.018,0.012307265583353186
20,10.02,0.012323370514502916
20,10.022,0.01234039650569134
20,10.024000000000001,0.01235827220148056
20,10.026,0.012376929343878637
20,10.028,0.012396302648041544
20,10.03,0.012416329682987474
20,10.032,0.012436950757109483
20,10.034,0.012458108808294587
20,10.036,0.012479749298451179
20,10.038,0.012501820112267477
20,10.040000000000001,0.01252427146002368
20,10.042,0.01254705578429089
20,10.044,0.012570127670357631
20,10.046,0.012593443760231004
20,10.048,0.01261696267006462
20,10.05,0.012640644910875723
20,10.052,0.012664452812414564
20,10.054,0.012688350450060771
20,10.056000000000001,0.012712303574621355
20,10.058,0.012736279544914837
20,10.06,0.012760247263026889
20,10.062,0.012784346975336258
20,10.064,0.01280854588534532
20,10.066,0.01283281273521288
20,10.068,0.01285711774288535
20,10.07,0.012881432541766057
20,10.072000000000001,0.012905730122816168
20,10.074,0.012929984778989817
20,10.076,0.012954172051905377
20,10.078,0.012978268680663744
20,10.08,0.013002252552723395
20,10.082,0.013026102656750728
20,10.084,0.013049799037363046
20,10.086,0.013073322751687164
20,10.088000000000001,0.013096655827661704
20,10.09,0.013119781224009586
20,10.092,0.013142682791814434
20,10.094,0.013165345237635804
20,10.096,0.013187754088099982
20,10.098,0.013209895655907355
20,10.1,0.01323175700719939
20,10.102,0.013253325930228804
20,10.104000000000001,0.013274590905282596
20,10.106,0.013295541075805106
20,10.108,0.01331616622067473
20,10.11,0.0133364567275866
20,10.112,0.013356403567498065
20,10.114,0.013375998270091987
20,10.116,0.013395232900221068
20,10.118,0.01341410003528835
20,10.120000000000001,0.013432592743532847
20,10.122,0.013450704563178163
20,10.124,0.013468429482413523
20,10.126,0.013485761920172739
20,10.128,0.013502696707678676
20,10.13,0.0135192290707241
20,10.132,0.013535354612658241
20,10.134,0.013551069298051667
20,10.136000000000001,0.013566369437012784
20,10.138,0.013581251670128847
20,10.14,0.013595712954008743
20,10.142,0.013610952399702928
20,10.144,0.013626907807311314
20,10.146,0.013643519646173689
20,10.148,0.013660730949930242
20,10.15,0.013678487215685521
20,10.152000000000001,0.013696736307112909
20,10.154,0.013715428361341021
20,10.156,0.01373451569947514
20,10.158,0.013753952740607193
20,10.16,0.013773695919176631
20,10.162,0.013793703605550415
20,10.164,0.0138139360296945
20,10.166,0.013834355207815244
20,10.168000000000001,0.013854924871852347
20,10.17,0.013875610401713815
20,10.172,0.013896378760142299
20,10.174,0.013917198430112007
20,10.176,0.01393803935465482
20,10.178,0.013958872879022787
20,10.18,0.01397967169509311
20,10.182,0.014000561313442964
20,10.184000000000001,0.01402151351259074
20,10.186,0.01404250138924603
20,10.188,0.014063499305343756
20,10.19,0.01408448283716368
20,10.192,0.014105428726453399
20,10.194,0.014126314833476209
20,10.196,0.014147120091905654
20,10.198,0.014167824465494215
20,10.200000000000001,0.014188408906446664
20,10.202,0.014208855315428969
20,10.204,0.014229146503148762
20,10.206,0.014249266153445232
20,10.208,0.01426919878782849
20,10.21,0.014288929731411184
20,10.212,0.0143084450801771
20,10.214,0.01432773166953429
20,10.216000000000001,0.0143467770441019
20,10.218,0.014365569428682529
20,10.22,0.014384097700371341
20,10.222,0.014403549655259702
20,10.224,0.01442385619184246
20,10.226,0.014444951132511898
20,10.228,0.01446677110976315
20,10.23,0.014489255456794399
20,10.232000000000001,0.014512346102330948
20,10.234,0.014535987469506245
20,10.236,0.014560126378643332
20,10.238,0.014584711953785233
20,10.24,0.014609695532826627
20,10.242,0.014635030581108457
20,10.244,0.014660672608339137
20,10.246,0.014686579088714756
20,10.248,0.014712709384112836
20,10.25,0.014739024670240908
20,10.252,0.014765487865625848
20,10.254,0.01479206356333242
20,10.256,0.014818717965308092
20,10.258000000000001,0.014845418819248994
20,10.26,0.014872135357893635
20,10.262,0.01489883824064683
20,10.264,0.014925499497447117
20,10.266,0.014952092474788787
20,10.268,0.014978591783817415
20,10.27,0.01500497325041776
20,10.272,0.01503121386721768
20,10.274000000000001,0.015057291747435232
20,10.276,0.015083186080496384
20,10.278,0.0151088770893578
20,10.28,0.015134345989466494
20,10.282,0.01515957494929593
20,10.284,0.015184547052396209
20,10.286,0.015209246260901876
20,10.288,0.015233657380440295
20,10.290000000000001,0.015257766026387712
20,10.292,0.015281558591420932
20,10.294,0.015305022214314665
20,10.296,0.015328144749938606
20,10.298,0.015350914740405692
20,10.3,0.01537332138732934
20,10.302,0.015395354525148041
20,10.304,0.015417004595472409
20,10.306000000000001,0.015438262622421983
20,10.308,0.01545912018890741
20,10.31,0.015479569413826163
20,10.312,0.015499602930136313
20,10.314,0.015519213863772476
20,10.316,0.015538395813374505
20,10.318,0.015557142830796934
20,10.32,0.015575449402368238
20,10.322000000000001,0.015593310430873447
20,10.324,0.0156107212182302
20,10.326,0.015627677448833904
20,10.328,0.015644175173544706
20,10.33,0.015660210794293184
20,10.332,0.015675781049279885
20,10.334,0.015690882998747775
20,10.336,0.015705514011302858
20,10.338000000000001,0.015719671750766114
20,10.34,0.015733354163532536
20,10.342,0.015747887520501918
20,10.344,0.015763209385281727
20,10.346,0.015779259939456034
20,10.348,0.015795981882116738
20,10.35,0.015813320333186602
20,10.352,0.015831222740392847
20,10.354000000000001,0.01584963878975602
20,10.356,0.015868520319460875
20,10.358,0.015887821236983533
20,10.36,0.015907497439353723
20,10.362,0.015927506736431975
20,10.364,0.015947808777090976
20,10.366,0.01596836497818986
20,10.368,0.01598913845623783
20,10.370000000000001,0.016010093961644295
20,10.372,0.01603119781545944
20,10.374,0.01605241784851
20,10.376,0.016073723342841417
20,10.378,0.016095084975376702
20,10.38,0.016116474763711607
20,10.382,0.016137866013962873
20,10.384,0.016159233270592488
20,10.386000000000001,0.016180552268134578
20,10.388,0.016201799884750994
20,10.39,0.01622295409754769
20,10.392,0.016243993939586025
20,10.394,0.016264899458522095
20,10.396,0.016285651676816348
20,10.398,0.016306232553450636
20,10.4,0.016326624947097863
20,10.402000000000001,0.016346812580688277
20,10.404,0.016366780007320413
20,10.406,0.016386512577464367
20,10.408,0.016405996407410462
20,10.41,0.01642521834891432
20,10.412,0.016444165959994872
20,10.414,0.01646282747684032
20,10.416,0.016481191786780088
20,10.418000000000001,0.01649924840228459
20,10.42,0.016516987435951112
20,10.422,0.01653439957643993
20,10.424,0.01655147606532563
20,10.426,0.01656820867482711
20,10.428,0.01658458968638424
20,10.43,0.01660061187004964
20,10.432,0.016616268464663263
20,10.434000000000001,0.01663155315878182
20,10.436,0.016646460072333717
20,10.438,0.01666098373897168
20,10.44,0.016675119089098297
20,10.442,0.016688861433537032
20,10.444,0.016702206447826592
20,10.446,0.016715150157112807
20,10.448,0.016727688921617606
20,10.450000000000001,0.01673981942266152
20,10.452,0.01675153864922061
20,10.454,0.01676284388499584
20,10.456,0.016773732695977463
20,10.458,0.01678420291848377
20,10.46,0.01679425264765832
20,10.462,0.0168051819485876
20,10.464,0.016816930313985373
20,10.466000000000001,0.016829439734000754
20,10.468,0.01684265460177506
20,10.47,0.01685652162249875
20,10.472,0.01687098972584361
20,10.474,0.016886009981645682
20,10.476,0.016901535518719764
20,10.478,0.016917521446692976
20,10.48,0.016933924780744528
20,10.482000000000001,0.01695070436914666
20,10.484,0.016967820823502414
20,10.486,0.01698523645158203
20,10.488,0.017002915192661627
20,10.49,0.01702082255527139
20,10.492,0.017038925557265702
20,10.494,0.017057192668127358
20,10.496,0.017075593753423983
20,10.498,0.01709410002133858
20,10.5,0.017112683971193542
20,10.502,0.017131319343898263
20,10.504,0.0171499810742459
20,10.506,0.017168645244992013
20,10.508000000000001,0.017187289042649212
20,10.51,0.017205890714931955
20,10.512,0.017224429529793063
20,10.514,0.01724288573599061
20,10.516,0.017261240525128188
20,10.518,0.017279475995115617
20,10.52,0.017297575114995092
20,10.522,0.017315521691082546
20,10.524000000000001,0.017333300334376845
20,10.526,0.017350896429186295
20,10.528,0.017368296102930718
20,10.53,0.017385486197072565
20,10.532,0.01740245423913679
20,10.534,0.017419188415777626
20,10.536,0.01743567754685428
20,10.538,0.017451911060476905
20,10.540000000000001,0.017467878968988253
20,10.542,0.017484732482289475
20,10.544,0.017502406890341986
20,10.546,0.017520840149184588
20,10.548,0.01753997278152034
20,10.55,0.017559747780933478
20,10.552,0.017580110519607586
20,10.554,0.017601008659417668
20,10.556000000000001,0.017622392066276592
20,10.558,0.01764421272761539
20,10.56,0.01766642467288781
20,10.562,0.01768898389698681
20,10.564,0.0177118482864694
20,10.566,0.017734977548487314
20,10.568,0.017758333142325545
20,10.57,0.017781878213453593
20,10.572000000000001,0.017805577529999488
20,10.574,0.017829397421556363
20,10.576,0.017853305720238816
20,10.578,0.01787727170390587
20,10.58,0.017901266041471214
20,10.582,0.017907155318578994
20,10.584,0.01789573969491056
20,10.586,0.01786778987020783
20,10.588000000000001,0.017824048176733723
20,10.59,0.01776522963309752
20,10.592,0.017692022960297794
20,10.594,0.01760509156106798
20,10.596,0.01750507446376244
20,10.598,0.017392587232125823
20,10.6,0.017268222842348094
20,10.602,0.017132552528846635
20,10.604000000000001,0.016986126600235196
20,10.606,0.016829475226942503
20,10.608,0.016663109201943662
20,10.61,0.016487520676063346
20,10.612,0.0163031838693037
20,10.614,0.016110555759648364
20,10.616,0.01591007675079447
20,10.618,0.015702171320276553
20,10.620000000000001,0.015487248649461398
20,10.622,0.015283877356719294
20,10.624,0.015091589571399078
20,10.626,0.014909934298115038
20,10.628,0.014738476877555558
20,10.63,0.014576798460834546
20,10.632,0.014424495497129847
20,10.634,0.014281179234364278
20,10.636000000000001,0.014146475232697613
20,10.638,0.01402002289060351
20,10.64,0.013901474983326717
20,10.642,0.01379049721351905
20,10.644,0.0136867677738675
20,10.646,0.01358997692153527
20,10.648,0.013499826564245908
20,10.65,0.013416029857844338
20,10.652000000000001,0.01333831081517624
20,10.654,0.013266403926127008
20,10.656,0.013200053788664061
20,10.658,0.013139014750727927
20,10.66,0.013083050562810004
20,10.662,0.0130319340410596
20,10.664,0.012985446740752275
20,10.666,0.012943378639950247
20,10.668000000000001,0.012905527833181317
20,10.67,0.012871700234952224
20,10.672,0.012841709292913395
20,10.674,0.012815375710480472
20,10.676,0.012792527178715827
20,10.678,0.012772998117266187
20,10.68,0.012756629424149782
20,10.682,0.012743268234179952
20,10.684000000000001,0.012732767685810048
20,10.686,0.012724986696181348
20,10.688,0.01271978974415281
20,10.69,0.012717046661090775
20,10.692,0.012716632429196496
20,10.694,0.012718426987146854
20,10.696,0.012722315042827762
20,10.698,0.012728185892937827
20,10.700000000000001,0.012735933249244803
20,10.702,0.0127454550712768
20,10.704,0.012756653405234658
20,10.706,0.012769434228916519
20,10.708,0.012783707302447017
20,10.71,0.012799386024609342
20,10.712,0.012816387294581944
20,10.714,0.01283463137888722
20,10.716000000000001,0.012854041783364216
20,10.718,0.012874545129981908
20,10.72,0.012896071038313998
20,10.722,0.012918552011506051
20,10.724,0.01294192332656273
20,10.726,0.012966122928797327
20,10.728,0.012991091330284383
20,10.73,0.013016771512164292
20,10.732000000000001,0.013043108830654761
20,10.734,0.013070050926626274
20,10.736,0.013097547638606153
20,10.738,0.013125550919080513
20,10.74,0.013154014753966799
20,10.742,0.013182895085135482
20,10.744,0.013212149735864253
20,10.746,0.013241738339111384
20,10.748000000000001,0.013271622268499716
20,10.75,0.013301764571908526
20,10.752,0.013332129907570107
20,10.754,0.013362684482578598
20,10.756,0.013393395993715048
20,10.758000000000001,0.013424233570501322
20,10.76,0.013455167720397827
20,10.762,0.013486170276061783
20,10.764,0.01351721434458812
20,10.766,0.013548274258655976
20,10.768,0.013579325529509757
20,10.77,0.013610344801703155
20,10.772,0.01364130980953995
20,10.774000000000001,0.013672199335146447
20,10.776,0.013702993168113823
20,10.778,0.013733672066650986
20,10.78,0.013764217720189958
20,10.782,0.013793427232960441
20,10.784,0.013821340134421399
20,10.786,0.013847994641253303
20,10.788,0.013873427703868974
20,10.790000000000001,0.013897675051235367
20,10.792,0.01392077123406911
20,10.794,0.013942749666464051
20,10.796,0.013963642666008977
20,10.798,0.013983481492449884
20,10.8,0.014002296384951318
20,10.802,0.014020116598006626
20,10.804,0.014036970436047812
20,10.806000000000001,0.014052885286802631
20,10.808,0.014067887653444027
20,10.81,0.014082003185577013
20,10.812,0.014095256709105856
20,10.814,0.014107672255021131
20,10.816,0.014119273087148972
20,10.818,0.014130081728897358
20,10.82,0.014140119989038856
20,10.822000000000001,0.014151828273801287
20,10.824,0.014165115926047831
20,10.826,0.014179895872600178
20,10.828,0.014196084490003508
20,10.83,0.01421360147531704
20,10.832,0.014232369721747682
20,10.834,0.014252315198946411
20,10.836,0.014273366837796881
20,10.838000000000001,0.01429545641952489
20,10.84,0.014318518468970842
20,10.842,0.014342490151864196
20,10.844,0.014367311175951745
20,10.846,0.014392923695831082
20,10.848,0.01441927222135016
20,10.85,0.014446303529436296
20,10.852,0.014473966579223584
20,10.854000000000001,0.014502212430353273
20,10.856,0.01453099416432576
20,10.858,0.01456026680878764
20,10.86,0.01458998726464123
20,10.862,0.01462011423586956
20,10.864,0.01465060816197264
20,10.866,0.01468143115291593
20,10.868,0.014712546926494093
20,10.870000000000001,0.01474392074802004
20,10.872,0.014775519372249381
20,10.874,0.014807310987455849
20,10.876,0.014839265161576727
20,10.878,0.014871352790348768
20,10.88,0.014903546047361
20,10.882,0.01493581833595082
20,10.884,0.014968144242874052
20,10.886000000000001,0.015000499493683641
20,10.888,0.015032860909750922
20,10.89,0.01506520636686927
20,10.892,0.015097514755380247
20,10.894,0.015129765941766245
20,10.896,0.015161940731653403
20,10.898,0.015194020834174263
20,10.9,0.015225988827637387
20,10.902000000000001,0.01525782812645793
20,10.904,0.015289522949299835
20,10.906,0.015321058288386837
20,10.908,0.015352419879938012
20,10.91,0.01538359417568661
20,10.912,0.015414568315442292
20,10.914,0.015445330100657994
20,10.916,0.015475867968965442
20,10.918000000000001,0.015506170969641972
20,10.92,0.01553622873997643
20,10.922,0.015566031482499788
20,10.924,0.01559556994304949
20,10.926,0.015624835389636344
20,10.928,0.015653819592085626
20,10.93,0.01568251480242332
20,10.932,0.015710913735980415
20,10.934000000000001,0.015739009553189028
20,10.936,0.01576679584204566
20,10.938,0.015794266601216446
20,10.94,0.015821416223761934
20,10.942,0.015848239481457693
20,10.944,0.01587473150969072
20,10.946,0.0159008877929088
20,10.948,0.015926704150604383
20,10.950000000000001,0.015952176723812505
20,10.952,0.015977301962104975
20,10.954,0.01600207661106172
20,10.956,0.016026497700203462
20,10.958,0.016050562531367007
20,10.96,0.01607426866750965
20,10.962,0.016097613921924877
20,10.964,0.016120596347855523
20,10.966000000000001,0.016143214228490167
20,10.968,0.01616546606732853
20,10.97,0.01618735057890242
20,10.972,0.01620886667983982
20,10.974,0.016230013480259115
20,10.976,0.016250790275482777
20,10.978,0.0162711965380565
20,10.98,0.01629123191006604
20,10.982000000000001,0.016312114175461394
20,10.984,0.016333789709728094
20,10.986,0.016356207030284464
20,10.988,0.01637931671788469
20,10.99,0.01640307134087669
20,10.992,0.016427425382211498
20,10.994,0.016452335169103566
20,10.996,0.01647775880524504
20,10.998000000000001,0.016503656105479398
20,11.0,0.016529988532846433
20,11.002,0.016556719137910455
20,11.004,0.016583812500287513
20,11.006,0.016611234672293345
20,11.008000000000001,0.01663895312463225
20,11.01,0.016666936694053152
20,11.012,0.01669515553290079
20,11.014,0.016723581060493133
20,11.016,0.016752185916257472
20,11.018,0.016780943914561853
20,11.02,0.01680983000117967
20,11.022,0.01683882021132686
20,11.024000000000001,0.016867891629216692
20,11.026,0.016897022349074788
20,11.028,0.016926191437561862
20,11.03,0.016955378897553584
20,11.032,0.016984565633227647
20,11.034,0.017013733416410402
20,11.036,0.017042864854138803
20,11.038,0.01707194335739108
20,11.040000000000001,0.01710095311094654
20,11.042,0.0171298790443314
20,11.044,0.017158706803813463
20,11.046,0.01718742272540535
20,11.048,0.017216013808842003
20,11.05,0.01724446769249653
20,11.052,0.01727277262919961
20,11.054,0.017300917462931754
20,11.056000000000001,0.017328891606355198
20,11.058,0.017356685019156534
20,11.06,0.017384288187170017
20,11.062,0.017411692102253934
20,11.064,0.017438888242893184
20,11.066,0.017465868555500887
20,11.068,0.017492625436395855
20,11.07,0.017519151714429446
20,11.072000000000001,0.017545440634240423
20,11.074,0.017571485840114063
20,11.076,0.017597281360424533
20,11.078,0.017622821592639438
20,11.08,0.017648101288865774
20,11.082,0.017673115541919984
20,11.084,0.01769785977190047
20,11.086,0.01772232971324658
20,11.088000000000001,0.017746521402266693
20,11.09,0.01777043116511719
20,11.092,0.01779405560621777
20,11.094,0.017817391597086746
20,11.096,0.017840436265581426
20,11.098,0.01786318698552932
20,11.1,0.017885641366735622
20,11.102,0.017890643196971798
20,11.104000000000001,0.017878951607926036
20,11.106,0.01785129876321013
20,11.108,0.017808390766537157
20,11.11,0.017750908546241666
20,11.112,0.017679508715165732
20,11.114,0.017594824405422437
20,11.116,0.01749746607791129
20,11.118,0.017388022306732375
20,11.120000000000001,0.01726706053885044
20,11.122,0.017135127829507487
20,11.124,0.016992751553993816
20,11.126,0.016840440096471353
20,11.128,0.016678683516596435
20,11.13,0.016507954194736323
20,11.132,0.01632870745660099
20,11.134,0.016141382178136002
20,11.136000000000001,0.015946401371537598
20,11.138,0.01574417275326733
20,11.14,0.015535089294953652
20,11.142,0.015319529758085683
20,11.144,0.015097859213416744
20,11.146,0.014870429546020103
20,11.148,0.01463757994696255
20,11.15,0.014399637392594863
20,11.152000000000001,0.01415691711250511
20,11.154,0.013909723047228399
20,11.156,0.01365834829688032
20,11.158,0.01340307556196076
20,11.16,0.013144177577681828
20,11.162,0.012881917543300831
20,11.164,0.012616549548096552
20,11.166,0.012348318995820291
20,11.168000000000001,0.01207746302969147
20,11.17,0.011804210960295025
20,11.172,0.011528784699095601
20,11.174,0.01125139920072101
20,11.176,0.010972262917704433
20,11.178,0.010691578272039585
20,11.18,0.010409542148726277
20,11.182,0.010143342666789911
20,11.184000000000001,0.00989234785346053
20,11.186,0.009655947244468938
20,11.188,0.009433551312515692
20,11.19,0.009224590917704516
20,11.192,0.009028516777975974
20,11.194,0.008844798957372333
20,11.196,0.008672926369810803
20,11.198,0.008512406295961646
20,11.200000000000001,0.008362763910814346
20,11.202,0.008223541819581032
20,11.204,0.008094299599721869
20,11.206,0.007974613347086854
20,11.208,0.007864075224427742
20,11.21,0.007762293010856569
20,11.212,0.007668889651168625
20,11.214,0.007583502804324657
20,11.216000000000001,0.007505784390756882
20,11.218,0.007435400138531344
20,11.22,0.0073720291287368775
20,11.222,0.007314181164072417
20,11.224,0.007261616516524115
20,11.226,0.007214105132416365
20,11.228,0.007171426279629816
20,11.23,0.007133368199624025
20,11.232000000000001,0.007099727764999007
20,11.234,0.007070310143330141
20,11.236,0.007044928467989996
20,11.238,0.007023403516628912
20,11.24,0.007005563397931734
20,11.242,0.00699124324719839
20,11.244,0.006980284931216853
20,11.246,0.006972536762817004
20,11.248000000000001,0.006967853225402773
20,11.25,0.006966094707676291
20,11.252,0.006967127248680413
20,11.254,0.0069708222932084365
20,11.256,0.006977056457549998
20,11.258000000000001,0.006985711305476548
20,11.26,0.006996673134308319
20,11.262,0.007009832770847651
20,11.264,0.007025085376922521
20,11.266,0.00704233026424388
20,11.268,0.00706147071824923
20,11.27,0.007082413830584941
20,11.272,0.007105070339861988
20,11.274000000000001,0.00712935448030779
20,11.276,0.007155183837937636
20,11.278,0.007182479213861163
20,11.28,0.007211164494351414
20,11.282,0.007241166527304699
20,11.284,0.007272415004735068
20,11.286,0.007304842350953707
20,11.288,0.007338383616104348
20,11.290000000000001,0.007372976374734449
20,11.292,0.007408560629102402
20,11.294,0.007445078716934887
20,11.296,0.007482475223366606
20,11.298,0.007520696896810682
20,11.3,0.007559692568523173
20,11.302,0.007600598964947403
20,11.304,0.007643314055365133
20,11.306000000000001,0.007687739636764919
20,11.308,0.007733781193420882
20,11.31,0.007781347763093343
20,11.312,0.00783035180936997
20,11.314,0.007880709099706156
20,11.316,0.007932338588755373
20,11.318,0.007985162306619999
20,11.32,0.008039105251681314
20,11.322000000000001,0.008094095287702975
20,11.324,0.008150063044928713
20,11.326,0.008206941824921526
20,11.328,0.008264667508920149
20,11.33,0.008323178469505352
20,11.332,0.008382415485393051
20,11.334,0.008442321659188633
20,11.336,0.008502842337951325
20,11.338000000000001,0.008563925036434406
20,11.34,0.00862551936287831
20,11.342,0.0086875769472445
20,11.344,0.008750051371790914
20,11.346,0.008812898103893393
20,11.348,0.008876074431030908
20,11.35,0.008939539397853538
20,11.352,0.00900325374526229
20,11.354000000000001,0.009067179851432378
20,11.356,0.009131281674715889
20,11.358,0.009195524698364287
20,11.36,0.009259875877016323
20,11.362,0.009324303584893933
20,11.364,0.00938877756565807
20,11.366,0.009453268883874828
20,11.368,0.009517749878043243
20,11.370000000000001,0.009582194115141692
20,11.372,0.009646576346647113
20,11.374,0.009710872465985447
20,11.376,0.009775059467372482
20,11.378,0.009839115406002881
20,11.38,0.009903019359551596
20,11.382,0.009966751390946282
20,11.384,0.010030292512375553
20,11.386000000000001,0.010093624650496328
20,11.388,0.010156730612804915
20,11.39,0.010219594055136144
20,11.392,0.01028219945025908
20,11.394,0.010344532057533575
20,11.396,0.01040657789359769
20,11.398,0.01046832370405273
20,11.4,0.010529756936117272
20,11.402000000000001,0.010590865712217136
20,11.404,0.01065163880448516
20,11.406,0.01071206561014032
20,11.408,0.010772136127718993
20,11.41,0.01083184093413096
20,11.412,0.010891171162514729
20,11.414,0.010950118480864643
20,11.416,0.011008675071406147
20,11.418000000000001,0.011066833610695177
20,11.42,0.01112458725041641
20,11.422,0.011183131502003712
20,11.424,0.011242408183546887
20,11.426,0.011302361450889201
20,11.428,0.01136293771323399
20,11.43,0.011424085551756348
20,11.432,0.011485755641109933
20,11.434000000000001,0.011547900673717817
20,11.436,0.011610475286746403
20,11.438,0.011673435991662571
20,11.44,0.011736741106279489
20,11.442,0.011800350689200895
20,11.444,0.011864226476578364
20,11.446,0.011928331821095711
20,11.448,0.01199263163310381
20,11.450000000000001,0.01205709232382714
20,11.452,0.012121681750570488
20,11.454,0.012186369163852408
20,11.456,0.012251125156401173
20,11.458,0.012315921613943728
20,11.46,0.012380731667728925
20,11.462,0.012445529648720616
20,11.464,0.012510291043405456
20,11.466000000000001,0.012574992451156154
20,11.468,0.012639611543098962
20,11.47,0.012704127022430844
20,11.472,0.01276851858613677
20,11.474,0.012832766888058412
20,11.476,0.012896853503267905
20,11.478,0.012960760893699408
20,11.48,0.013024472374997825
20,11.482000000000001,0.01308797208453922
20,11.484,0.013151244950584859
20,11.486,0.013214276662527306
20,11.488,0.013277053642192983
20,11.49,0.0133395630161617
20,11.492,0.013401792589070559
20,11.494,0.013463730817865883
20,11.496,0.01352536678697066
20,11.498000000000001,0.013586690184337493
20,11.5,0.013647691278352265
20,11.502,0.013709545536880885
20,11.504,0.013772193065160998
20,11.506,0.01383557636484951
20,11.508000000000001,0.013899640247457247
20,11.51,0.013964331750847147
20,11.512,0.014029600058691296
20,11.514000000000001,0.01409539642277694
20,11.516,0.014161674088063113
20,11.518,0.01422838822038943
20,11.52,0.014295495836741575
20,11.522,0.014362955737984946
20,11.524000000000001,0.014430728443977166
20,11.526,0.014498776130976348
20,11.528,0.014567062571264269
20,11.53,0.014635553074903952
20,11.532,0.014704214433559968
20,11.534,0.014773014866305181
20,11.536,0.014841923967345747
20,11.538,0.014910912655597169
20,11.540000000000001,0.014979953126043914
20,11.542,0.015049018802822799
20,11.544,0.015118084293967354
20,11.546,0.015187125347754765
20,11.548,0.015256118810600607
20,11.55,0.015325042586445682
20,11.552,0.015393875597581892
20,11.554,0.01546259774686813
20,11.556000000000001,0.015531189881286548
20,11.558,0.015599633756791402
20,11.56,0.0156679120044063
20,11.562,0.01573600809752519
20,11.564,0.015803906320374456
20,11.566,0.015871591737596176
20,11.568,0.015939050164912677
20,11.57,0.016006268140833838
20,11.572000000000001,0.0160732328993712
20,11.574,0.016139932343723424
20,11.576,0.016206355020898424
20,11.578,0.016272490097239592
20,11.58,0.016338327334823828
20,11.582,0.016405009204770393
20,11.584,0.01647247250854336
20,11.586,0.016540656565791335
20,11.588000000000001,0.016609503124643158
20,11.59,0.01667895627509235
20,11.592,0.01674896236536777
20,11.594,0.0168194699211901
20,11.596,0.016890429567817673
20,11.598,0.01696179395478843
20,11.6,0.01703351768326608
20,11.602,0.017105557235904546
20,11.604000000000001,0.0171778709091444
20,11.606,0.017250418747860805
20,11.608,0.01732316248228111
20,11.61,0.01739606546709786
20,11.612,0.01746909262270058
20,11.614,0.017542210378456446
20,11.616,0.017615386617967556
20,11.618,0.017688590626240595
20,11.620000000000001,0.017761793038700385
20,11.622,0.017837197152253806
20,11.624,0.01791467151292806
20,11.626,0.01799408974426576
20,11.628,0.01807533036921589
20,11.63,0.018158276637946898
20,11.632,0.01824281636140691
20,11.634,0.01832884175045841
20,11.636000000000001,0.01841624926041848
20,11.638,0.018504939440840622
20,11.64,0.018594816790376778
20,11.642,0.01868578961656413
20,11.644,0.01877776990038121
20,11.646,0.018870673165426618
20,11.648,0.018964418351571748
20,11.65,0.019058927692947605
20,11.652000000000001,0.01915412660012606
20,11.654,0.019249943546360358
20,11.656,0.01934630995775437
20,11.658,0.01944316010723107
20,11.66,0.019540431012177527
20,11.662,0.01961806181827132
20,11.664,0.01967687852053552
20,11.666,0.01971767756179813
20,11.668000000000001,0.019741226902577975
20,11.67,0.019748267046726605
20,11.672,0.019739512025163414
20,11.674,0.01971565033988102
20,11.676,0.019677345870248032
20,11.678,0.019625238743500504
20,11.68,0.01955994617119136
20,11.682,0.019482063253249738
20,11.684000000000001,0.019392163751199277
20,11.686,0.019290800831987653
20,11.688,0.01917850778379131
20,11.69,0.01905579870507512
20,11.692,0.01892316916811643
20,11.694,0.018781096858126248
20,11.696,0.0186300421890444
20,11.698,0.018470448897016642
20,11.700000000000001,0.01830274461251583
20,11.702,0.01812734141200951
20,11.704,0.01794463635003567
20,11.706,0.017755011972499943
20,11.708,0.017558836811968223
20,11.71,0.01735646586569004
20,11.712,0.017148241057052593
20,11.714,0.01693449168113248
20,11.716000000000001,0.01671553483498033
20,11.718,0.016491675833246927
20,11.72,0.016263208609729723
20,11.722,0.016030416105397696
20,11.724,0.015793570643425157
20,11.726,0.015552934291748777
20,11.728,0.015308759213637516
20,11.73,0.015061288006752287
20,11.732000000000001,0.014810754031151441
20,11.734,0.01455738172668687
20,11.736,0.014301386920221157
20,11.738,0.01404297712308481
20,11.74,0.013782351819184097
20,11.742,0.013537516141577546
20,11.744,0.0133078614019241
20,11.746,0.013092799846617644
20,11.748000000000001,0.012891764004509016
20,11.75,0.012704206051188768
20,11.752,0.012529597189655942
20,11.754,0.012367427047184907
20,11.756,0.012217203088182374
20,11.758000000000001,0.012078450042815556
20,11.76,0.011950709351176507
20,11.762,0.011833538622737052
20,11.764000000000001,0.011726511110838236
20,11.766,0.011629215201949641
20,11.768,0.011541253919426394
20,11.77,0.011462244441485955
20,11.772,0.011391817633122659
20,11.774000000000001,0.011329617591675644
20,11.776,0.01127530120576216
20,11.778,0.011228537727288284
20,11.78,0.011189008356249744
20,11.782,0.011155246666890831
20,11.784,0.011127010811115272
20,11.786,0.011104067718660997
20,11.788,0.011086192798227399
20,11.790000000000001,0.011073169647901285
20,11.792,0.011064789774644274
20,11.794,0.011060852322607603
20,11.796,0.011061163810049875
20,11.798,0.011065537874630896
20,11.8,0.011073795026862232
20,11.802,0.011085762411499707
20,11.804,0.011101273576662584
20,11.806000000000001,0.011120168250472596
20,11.808,0.01114229212500432
20,11.81,0.011167496647346427
20,11.812,0.011195638817572004
20,11.814,0.01122658099342395
20,11.816,0.011260190701520284
20,11.818,0.011296340454890875
20,11.82,0.011334907576658578
20,11.822000000000001,0.011375774029682062
20,11.824,0.011418826251979604
20,11.826,0.011463954997759514
20,11.828,0.011511055183882716
20,11.83,0.011560025741589668
20,11.832,0.011610769473325596
20,11.834,0.011663192914503247
20,11.836,0.011717206200044497
20,11.838000000000001,0.011772722935547254
20,11.84,0.011829660072927394
20,11.842,0.011887937790388861
20,11.844,0.011947479376580694
20,11.846,0.012008211118800577
20,11.848,0.01207006219511133
20,11.85,0.012132964570238415
20,11.852,0.012196852895121051
20,11.854000000000001,0.012261664409994976
20,11.856,0.01232733885088406
20,11.858,0.012393818359386534
20,11.86,0.012461047395642567
20,11.862,0.01252897265437364
20,11.864,0.012597542983887681
20,11.866,0.012666709307948365
20,11.868,0.01273642455040741
20,11.870000000000001,0.012806643562507374
20,11.872,0.012877323052757466
20,11.874,0.012948421519296491
20,11.876,0.013019899184654281
20,11.878,0.013091717932827353
20,11.88,0.013163841248588902
20,11.882,0.013236234158953867
20,11.884,0.013308863176723284
20,11.886000000000001,0.013381696246035437
20,11.888,0.013454702689852436
20,11.89,0.013527853159314318
20,11.892,0.013601119584895262
20,11.894,0.013674475129296995
20,11.896,0.01374789414201926
20,11.898,0.013821352115548007
20,11.9,0.013894825643103285
20,11.902000000000001,0.013969447828554403
20,11.904,0.014045143329787544
20,11.906,0.014121839780436983
20,11.908,0.014199467683408223
20,11.91,0.014277960308104909
20,11.912,0.014357253591234898
20,11.914,0.014437286041072367
20,11.916,0.01451799864506104
20,11.918000000000001,0.01459933478064196
20,11.92,0.014681240129197295
20,11.922,0.01476366259300443
20,11.924,0.014846552215094842
20,11.926,0.014929861101921
20,11.928,0.01501354334873255
20,11.93,0.015097554967570393
20,11.932,0.015181853817787137
20,11.934000000000001,0.015266399539007866
20,11.936,0.015351153486446457
20,11.938,0.01543607866849574
20,11.94,0.015521139686513646
20,11.942,0.015606302676728561
20,11.944,0.01569153525419032
20,11.946,0.015776806458696856
20,11.948,0.01586208670262599
20,11.950000000000001,0.015947347720608216
20,11.952,0.016032562520974496
20,11.954,0.016117705338918265
20,11.956,0.016202751591311945
20,11.958,0.01628767783311899
20,11.96,0.01637246171534777
20,11.962,0.016457081944490838
20,11.964,0.01654151824340043
20,11.966000000000001,0.01662575131354705
20,11.968,0.016709762798615566
20,11.97,0.016793535249388966
20,11.972,0.016877052089877873
20,11.974,0.01696029758464877
20,11.976,0.017043256807311686
20,11.978,0.017125915610125185
20,11.98,0.01720826059467948
20,11.982000000000001,0.017271287858184825
20,11.984,0.01731582360795732
20,11.986,0.017342664457137547
20,11.988,0.017352578487875497
20,11.99,0.017346306271741264
20,11.992,0.017324561849434806
20,11.994,0.01728803367175482
20,11.996,0.017237385503684307
20,11.998000000000001,0.0171732572933481
20,12.0,0.017096266007493807
50,4.0,0.003920169916362116
50,4.002,0.003957009477521296
50,4.0040000000000004,0.003996858841021823
50,4.006,0.004039658760078193
50,4.008,0.004085347828876067
50,4.01,0.004133862176130298
50,4.0120000000000005,0.004184111767277286
50,4.014,0.0042360488316013556
50,4.016,0.00428962421207588
50,4.018,0.004344787564105541
50,4.0200000000000005,0.004401487560878427
50,4.022,0.004459672100562594
50,4.024,0.004519288511338714
50,4.026,0.0045802837509772475
50,4.0280000000000005,0.004642604598330176
50,4.03,0.004706197834704538
50,4.032,0.00477101041362517
50,4.034,0.004836989617958903
50,4.0360000000000005,0.004904083203781347
50,4.038,0.004972239530706032
50,4.04,0.005041407678681819
50,4.042,0.005111537551493208
50,4.0440000000000005,0.005182579967382071
50,4.046,0.005254486737344384
50,4.048,0.005327210731762275
50,4.05,0.005400705936096987
50,4.0520000000000005,0.005474927496413859
50,4.054,0.005549831755530304
50,4.056,0.005625376280580284
50,4.058,0.005701519882776114
50,4.0600000000000005,0.005778222630127726
50,4.062,0.0058554458538455974
50,4.064,0.005933152149117666
50,4.066,0.006011305370909808
50,4.0680000000000005,0.006089870625394707
50,4.07,0.0061688142575697606
50,4.072,0.00624810383558065
50,4.074,0.0063277081322227
50,4.0760000000000005,0.006407597104048951
50,4.078,0.006487741868475535
50,4.08,0.006568114679234453
50,4.082,0.0066486889004881014
50,4.0840000000000005,0.006729438979887383
50,4.086,0.006810340420822711
50,4.088,0.006891369754088594
50,4.09,0.0069725045091592565
50,4.0920000000000005,0.0070537231852420825
50,4.094,0.0071350052222623195
50,4.096,0.007216330971905584
50,4.098,0.007297681668831424
50,4.1,0.007379039402153732
50,4.102,0.007460387087268649
50,4.104,0.00754170843810008
50,4.106,0.007622987939819812
50,4.108,0.007704210822088976
50,4.11,0.00778536303286186
50,4.112,0.007866431212779515
50,4.114,0.007947402670180301
50,4.116,0.008028265356742885
50,4.118,0.008109007843775775
50,4.12,0.00818961929916095
50,4.122,0.008270089464955652
50,4.124,0.00835040863565253
50,4.126,0.008430567637097604
50,4.128,0.008510557806058515
50,4.13,0.008590370970439331
50,4.132,0.008671184433682647
50,4.134,0.008752936771041785
50,4.136,0.00883556874662029
50,4.138,0.008919023255380989
50,4.14,0.009003245265783597
50,4.142,0.009088181763066
50,4.144,0.00917378169319445
50,4.146,0.009259995907514574
50,4.148,0.009346777108138209
50,4.15,0.009434079794102802
50,4.152,0.009521860208343622
50,4.154,0.009610076285515823
50,4.156,0.009698687600701325
50,4.158,0.009787655319036153
50,4.16,0.009876942146287138
50,4.162,0.009966512280407198
50,4.164,0.010056331364092341
50,4.166,0.010146366438360177
50,4.168,0.010236585897168667
50,4.17,0.010326959443085208
50,4.172,0.010417458044018902
50,4.174,0.010508053891019383
50,4.176,0.010598720357146856
50,4.178,0.010689431957412975
50,4.18,0.010780164309789697
50,4.182,0.010870894097280042
50,4.184,0.010961599031044737
50,4.186,0.011052257814573347
50,4.188,0.011142850108888786
50,4.19,0.011233356498772336
50,4.192,0.011323758459993125
50,4.194,0.011414038327527007
50,4.196,0.011504179264746452
50,4.198,0.011594165233564388
50,4.2,0.011683980965511747
50,4.202,0.0117736119337298
50,4.204,0.011863044325856333
50,4.206,0.011952265017785584
50,4.208,0.012041261548280814
50,4.21,0.01213002209441785
50,4.212,0.012219719203063221
50,4.214,0.012310291533432188
50,4.216,0.012401680129020775
50,4.218,0.012493828335754804
50,4.22,0.012586681722747803
50,4.222,0.012680188005587826
50,4.224,0.012774296972074425
50,4.226,0.012868960410333053
50,4.228,0.012964132039235542
50,4.23,0.013059767441059175
50,4.232,0.01315582399631649
50,4.234,0.01325226082069517
50,4.236,0.013349038704043166
50,4.238,0.013446120051341362
50,4.24,0.013543468825604327
50,4.242,0.013641050492653543
50,4.244,0.013738831967706706
50,4.246,0.013836781563730225
50,4.248,0.01393486894150232
50,4.25,0.01403306506133583
50,4.252,0.014131342136409692
50,4.2540000000000004,0.014229673587662754
50,4.256,0.014328034000199497
50,4.258,0.014426399081164432
50,4.26,0.014524745619037499
50,4.2620000000000005,0.014623051444307924
50,4.264,0.014721295391483185
50,4.266,0.014819457262391346
50,4.268,0.014917517790735576
50,4.2700000000000005,0.015015458607861586
50,4.272,0.015113262209700136
50,4.274,0.015210911924844427
50,4.276,0.015308391883729103
50,4.2780000000000005,0.015405686988872718
50,4.28,0.015502782886150498
50,4.282,0.015599665937062829
50,4.284,0.015696323191967336
50,4.2860000000000005,0.015792742364243433
50,4.288,0.015888911805356273
50,4.29,0.015984820480793943
50,4.292,0.01608160434300516
50,4.2940000000000005,0.016179199096671457
50,4.296,0.016277542993027607
50,4.298,0.016376576740072517
50,4.3,0.016476243415766742
50,4.3020000000000005,0.016576488384127418
50,4.304,0.016677259214132774
50,4.306,0.01677850560135048
50,4.308,0.016880179292206858
50,4.3100000000000005,0.016982234010814366
50,4.312,0.017084625388279283
50,4.314,0.01718731089441185
50,4.316,0.017290249771761686
50,4.3180000000000005,0.01739340297190779
50,4.32,0.017496733093928324
50,4.322,0.017600204324983278
50,4.324,0.017703782382939754
50,4.3260000000000005,0.017807434460974176
50,4.328,0.017911129174089463
50,4.33,0.018014836507480033
50,4.332,0.01811852776668895
50,4.3340000000000005,0.018222175529493893
50,4.336,0.0183257535994673
50,4.338,0.01842923696115404
50,4.34,0.01853260173681219
50,4.3420000000000005,0.018635825144665497
50,4.344,0.01873888545861527
50,4.346,0.018841761969363637
50,4.348,0.01894443494690073
50,4.3500000000000005,0.019046885604306715
50,4.352,0.01914909606282783
50,4.354,0.019251049318179836
50,4.356,0.019352729208038294
50,4.358,0.01945412038067435
50,4.36,0.019555208264697133
50,4.362,0.0196559790398644
50,4.364,0.019756419608924256
50,4.366,0.019856517570453227
50,4.368,0.019956261192654347
50,4.37,0.020055639388084936
50,4.372,0.020136910115095264
50,4.374,0.020200844910401063
50,4.376,0.02024818769037038
50,4.378,0.02027965574362886
50,4.38,0.02029594068349412
50,4.382,0.02029770936229721
50,4.384,0.020285604749510137
50,4.386,0.020260246775468296
50,4.388,0.020222233142367478
50,4.39,0.02017214010410229
50,4.392,0.02011052321641793
50,4.394,0.020037918058757785
50,4.396,0.019954840929104354
50,4.398,0.019861789513035962
50,4.4,0.019759243528149936
50,4.402,0.019647665344939412
50,4.404,0.01952750058514798
50,4.406,0.01939917869857261
50,4.408,0.019263113519231857
50,4.41,0.01911970380176859
50,4.412,0.018969333738911773
50,4.414,0.018812373460780386
50,4.416,0.018649179516770958
50,4.418,0.018480095340739064
50,4.42,0.01830545170014625
50,4.422,0.018125567129814876
50,4.424,0.01794074835090275
50,4.426,0.017751290675683647
50,4.428,0.017557478398691498
50,4.43,0.01735958517476342
50,4.432,0.017157874384494936
50,4.434,0.016952599487597694
50,4.436,0.01674400436463221
50,4.438,0.016532323647569604
50,4.44,0.016317783039618734
50,4.442,0.01610059962473976
50,4.444,0.015880982167250868
50,4.446,0.01565913140192129
50,4.448,0.015435240314932106
50,4.45,0.015209494416074342
50,4.452,0.014982072002544889
50,4.454,0.014753144414691107
50,4.456,0.014522876284049186
50,4.458,0.01429142577401211
50,4.46,0.014058944813460735
50,4.462,0.013825579323686499
50,4.464,0.013591469438931534
50,4.466,0.01335674972087209
50,4.468,0.013121549367371286
50,4.47,0.012885992415830766
50,4.472,0.012650197941473254
50,4.474,0.012414280250898893
50,4.476,0.012178349071262992
50,4.478,0.011942509735438716
50,4.48,0.01170686336354212
50,4.482,0.011471507041215794
50,4.484,0.01123653399509234
50,4.486,0.011002033765886066
50,4.488,0.010768092379595404
50,4.49,0.010534792517340212
50,4.492,0.010322031710206328
50,4.494,0.010128953840190878
50,4.496,0.009954733299416957
50,4.498,0.009798574334098968
50,4.5,0.009659710384625429
50,4.502,0.009537403414331232
50,4.5040000000000004,0.009430943220768075
50,4.506,0.009339646724847453
50,4.508,0.009262857235011822
50,4.51,0.009199943685463292
50,4.5120000000000005,0.009150299849332662
50,4.514,0.009113343529366387
50,4.516,0.009088515730169612
50,4.518,0.009075279817180962
50,4.5200000000000005,0.009073120668341542
50,4.522,0.009081543824830273
50,4.524,0.009100074647305261
50,4.526,0.00912825748383427
50,4.5280000000000005,0.009165654855191533
50,4.53,0.00921184666248777
50,4.532,0.009263139225324794
50,4.534,0.009319301788978556
50,4.5360000000000005,0.009380112268753838
50,4.538,0.00944535691660465
50,4.54,0.009514830002996856
50,4.542,0.009588333513304006
50,4.5440000000000005,0.00966567685800421
50,4.546,0.00974667659593906
50,4.548,0.009831156169905087
50,4.55,0.00991894565386175
50,4.5520000000000005,0.010009881511072401
50,4.554,0.010103806362520331
50,4.556,0.010200568764982964
50,4.558,0.010300022998185712
50,4.5600000000000005,0.01040202886049436
50,4.562,0.010506451472648087
50,4.564,0.010613161089071472
50,4.566,0.01072203291634391
50,4.5680000000000005,0.010832946938437484
50,4.57,0.010945787748368739
50,4.572,0.01105925950616469
50,4.574,0.011173306666853029
50,4.5760000000000005,0.011287875964804258
50,4.578,0.01140291633257278
50,4.58,0.011518378822447271
50,4.582,0.01163421653062072
50,4.5840000000000005,0.011750384523899279
50,4.586,0.011866839768867621
50,4.588,0.011983541063435405
50,4.59,0.012100448970688751
50,4.5920000000000005,0.012217525754976387
50,4.594,0.012334735320158663
50,4.596,0.012452043149953865
50,4.598,0.012569416250314396
50,4.6000000000000005,0.012686823093770993
50,4.602,0.012804233565680702
50,4.604,0.012921618912320344
50,4.606,0.013038951690766439
50,4.6080000000000005,0.01315620572050334
50,4.61,0.013273356036706286
50,4.612,0.013390378845143965
50,4.614,0.013507251478648072
50,4.616,0.013623952355100796
50,4.618,0.013740460936887725
50,4.62,0.013856757691770867
50,4.622,0.01397282405513352
50,4.624,0.014088642393551315
50,4.626,0.014204195969646456
50,4.628,0.014319468908181315
50,4.63,0.014434446163349835
50,4.632,0.014549113487227962
50,4.634,0.014663457399340885
50,4.636,0.01477746515731249
50,4.638,0.01489112472855834
50,4.64,0.015004424762986263
50,4.642,0.01511735456667166
50,4.644,0.015229904076472671
50,4.646,0.015342063835553057
50,4.648,0.015453824969782133
50,4.65,0.015565179164980751
50,4.652,0.015676118644983725
50,4.654,0.01578663615049156
50,4.656,0.01589672491868247
50,4.658,0.016006378663559154
50,4.66,0.016115591557004337
50,4.662,0.016224358210519797
50,4.664,0.0163326736576265
50,4.666,0.016440533336899578
50,4.668,0.01654793307561976
50,4.67,0.016654869074015633
50,4.672,0.01676133789007933
50,4.674,0.01686733642493217
50,4.676,0.016972861908723953
50,4.678,0.017077911887044262
50,4.68,0.017182484207829918
50,4.682,0.017286577008749134
50,4.684,0.017390188705046557
50,4.686,0.01749331797783284
50,4.688,0.017595963762802327
50,4.69,0.01769812523936404
50,4.692,0.01780202836236963
50,4.694,0.017907567043493878
50,4.696,0.01801463935757397
50,4.698,0.018123147391837596
50,4.7,0.018232997100541236
50,4.702,0.018344098164826832
50,4.704,0.01845636385761037
50,4.706,0.018569710913324072
50,4.708,0.01868405940233561
50,4.71,0.018799332609878736
50,4.712,0.01891545691932961
50,4.714,0.019032361699675312
50,4.716,0.019149979197020283
50,4.718,0.019268244429985565
50,4.72,0.019387095088860325
50,4.722,0.019506471438368953
50,4.724,0.019626316223923246
50,4.726,0.019746574581233703
50,4.728,0.01986719394915756
50,4.73,0.019988123985666517
50,4.732,0.020090254521784378
50,4.734,0.020174384993280406
50,4.736,0.020241286279119305
50,4.738,0.020291701694130353
50,4.74,0.020326347948673672
50,4.742,0.02034591607556321
50,4.744,0.020351072324774632
50,4.746,0.020342459026644166
50,4.748,0.020320695424393673
50,4.75,0.020286378476890184
50,4.752,0.020240083632600016
50,4.7540000000000004,0.020182365575716822
50,4.756,0.020113758945450824
50,4.758,0.020034779029460402
50,4.76,0.019945922432388498
50,4.7620000000000005,0.01984766772044894
50,4.764,0.019740476042977687
50,4.766,0.019624791731837458
50,4.768,0.019501042879533977
50,4.7700000000000005,0.01936964189686768
50,4.772,0.01923098605091774
50,4.774,0.019085457984119373
50,4.776,0.018933426215166742
50,4.7780000000000005,0.018775245622443964
50,4.78,0.018611257910655644
50,4.782,0.018441792061301237
50,4.784,0.018267164767611085
50,4.7860000000000005,0.01808768085453273
50,4.788,0.017903633684336187
50,4.79,0.017715305548376203
50,4.792,0.01752296804553429
50,4.7940000000000005,0.017326882447835135
50,4.796,0.017127300053714135
50,4.798,0.016924462529394505
50,4.8,0.016718602238809672
50,4.8020000000000005,0.01650994256249246
50,4.804,0.01629869820583477
50,4.806,0.016085075497103408
50,4.808,0.015869272675585765
50,4.8100000000000005,0.015651480170221024
50,4.812,0.015431880869063124
50,4.814,0.015210650379904439
50,4.816,0.0149879572823796
50,4.8180000000000005,0.014763963371856799
50,4.82,0.014538823895412906
50,4.822,0.014312687780178029
50,4.824,0.014085697854327048
50,4.8260000000000005,0.013857991060983614
50,4.828,0.013629698665298756
50,4.83,0.013400946454953043
50,4.832,0.013171854934328486
50,4.8340000000000005,0.012942539512585914
50,4.836,0.012713110685883553
50,4.838,0.01248367421396036
50,4.84,0.012254331291307756
50,4.8420000000000005,0.01202517871315026
50,4.844,0.011796309036448951
50,4.846,0.01156781073614251
50,4.848,0.011339768356839402
50,4.8500000000000005,0.011112262660172277
50,4.852,0.010903371565875012
50,4.854,0.010712341501266749
50,4.856,0.010538446089011742
50,4.8580000000000005,0.010380985364009833
50,4.86,0.010239284995159232
50,4.862,0.010112695511211666
50,4.864,0.010000591530412193
50,4.866,0.009902370994106617
50,4.868,0.009817454404968139
50,4.87,0.009745284070928369
50,4.872,0.009685323356259441
50,4.874,0.00963705594153557
50,4.876,0.00959998509439125
50,4.878,0.009573632953076679
50,4.88,0.009557539824802914
50,4.882,0.009551263500772761
50,4.884,0.009554378589615596
50,4.886,0.00956647587071306
50,4.888,0.009587161668624895
50,4.89,0.00961605724952522
50,4.892,0.00965045415957356
50,4.894,0.009690109452973984
50,4.896,0.009734789290754234
50,4.898,0.009784268601835112
50,4.9,0.009838330758002093
50,4.902,0.009896767262218449
50,4.904,0.009959377449703932
50,4.906,0.010025968201195477
50,4.908,0.010096353667815215
50,4.91,0.010170355006977438
50,4.912,0.010247800128785376
50,4.914,0.010328523452390185
50,4.916,0.010412365671808975
50,4.918,0.010499173530723433
50,4.92,0.010588799605812589
50,4.922,0.010681102098194707
50,4.924,0.01077594463258877
50,4.926,0.010873196063824406
50,4.928,0.010972730290363008
50,4.93,0.011074426074508953
50,4.932,0.011176932409046103
50,4.934,0.011280191604621532
50,4.936,0.011384148318226676
50,4.938,0.011488749468402596
50,4.94,0.011593944153358914
50,4.942,0.011699683571908509
50,4.944,0.011805920947124685
50,4.946,0.011912611452629415
50,4.948,0.012019712141427196
50,4.95,0.012127181877199104
50,4.952,0.012234981267977804
50,4.954,0.012343072602123506
50,4.956,0.012451419786527518
50,4.958,0.012559988286967833
50,4.96,0.01266874507054806
50,4.962,0.012777658550149371
50,4.964,0.012886698530830198
50,4.966,0.012995836158108277
50,4.968,0.013105043868063217
50,4.97,0.01321429533919816
50,4.972,0.013324800458024819
50,4.974,0.013436480878622882
50,4.976,0.013549261387843762
50,4.978,0.013663069791662262
50,4.98,0.013777836805489739
50,4.982,0.013893495948317465
50,4.984,0.01400998344055799
50,4.986,0.01412723810545961
50,4.988,0.0142452012739748
50,4.99,0.014363816692963997
50,4.992,0.014483030436624106
50,4.994,0.01460279082103185
50,4.996,0.014723048321697482
50,4.998,0.014843755494026676
50,5.0,0.014964866896593173
50,5.002,0.01508633901712562
50,5.0040000000000004,0.015208130201118029
50,5.006,0.015330200582973588
50,5.008,0.015452512019595216
50,5.01,0.0155750280263409
50,5.0120000000000005,0.015697713715260946
50,5.014,0.01582053573554019
50,5.016,0.015943462216068096
50,5.018,0.01606646271006501
50,5.0200000000000005,0.01618950814169112
50,5.022,0.016312570754571754
50,5.024,0.016435624062171098
50,5.026,0.016558642799949716
50,5.0280000000000005,0.01668160287924484
50,5.03,0.01680448134281139
50,5.032,0.016927256321967604
50,5.034,0.017049906995287054
50,5.0360000000000005,0.017172413548783166
50,5.038,0.01729475713753401
50,5.04,0.017416919848696664
50,5.042,0.017538884665860573
50,5.0440000000000005,0.01766063543469365
50,5.046,0.017782156829835274
50,5.048,0.0179034343229907
50,5.05,0.018024454152185534
50,5.0520000000000005,0.018146340969956855
50,5.054,0.018269028030627722
50,5.056,0.018392451318234145
50,5.058,0.0185165494462589
50,5.0600000000000005,0.018641263560954094
50,5.062,0.018766537248129458
50,5.064,0.018892316443282566
50,5.066,0.01901854934495205
50,5.0680000000000005,0.019145186331183183
50,5.07,0.019272179878992407
50,5.072,0.019399484486726803
50,5.074,0.019527056599214405
50,5.0760000000000005,0.019654854535607842
50,5.078,0.019782838419824162
50,5.08,0.019910970113489412
50,5.082,0.020039213151298717
50,5.0840000000000005,0.020167532678705268
50,5.086,0.02029589539185617
50,5.088,0.02042426947969377
50,5.09,0.02055262456814667
50,5.0920000000000005,0.020682045536944513
50,5.094,0.02081245157616295
50,5.096,0.020943765159938146
50,5.098,0.021075911926251658
50,5.1000000000000005,0.02120882056101235
50,5.102,0.021342422686284848
50,5.104,0.021476652752519986
50,5.106,0.021611447934646113
50,5.1080000000000005,0.02174674803188573
50,5.11,0.02188249537116595
50,5.112,0.022018634713996597
50,5.114,0.02215511316669174
50,5.1160000000000005,0.022291880093817513
50,5.118,0.02242888703475152
50,5.12,0.022566087623242706
50,5.122,0.022703437509864373
50,5.124,0.022840894287259748
50,5.126,0.022978417418076998
50,5.128,0.02311596816550097
50,5.13,0.023253509526286388
50,5.132,0.023370049451461667
50,5.134,0.023466491593694967
50,5.136,0.023543706677960817
50,5.138,0.023602533719133782
50,5.14,0.023643781188330864
50,5.142,0.023668228130586427
50,5.144,0.02367662523630798
50,5.146,0.023669695868828913
50,5.148,0.02364813705024448
50,5.15,0.02361262040759252
50,5.152,0.02356379308131735
50,5.154,0.02350227859784678
50,5.156,0.023428677707999803
50,5.158,0.02334356919284551
50,5.16,0.023247510638536806
50,5.162,0.02314103918155688
50,5.164,0.023024672225730538
50,5.166,0.022898908132278913
50,5.168,0.022764226884120407
50,5.17,0.022621090725558072
50,5.172,0.02246994477842576
50,5.174,0.022311217635711957
50,5.176,0.02214532193362121
50,5.178,0.021972654902986218
50,5.18,0.021793598900890634
50,5.182,0.02160852192332412
50,5.184,0.021417778099643906
50,5.186,0.02122170816958199
50,5.188,0.021020639943495897
50,5.19,0.020814888746532943
50,5.192,0.020604757847337958
50,5.194,0.02039053887191028
50,5.196,0.020172512203182745
50,5.198,0.019950947366872335
50,5.2,0.01972610340412197
50,5.202,0.01949822923143521
50,5.204,0.019267563988375692
50,5.206,0.01903433737348882
50,5.208,0.018798769968877894
50,5.21,0.018561073553850387
50,5.212,0.01832145140803257
50,5.214,0.018080098604329478
50,5.216,0.017837202292097655
50,5.218,0.01759294197087659
50,5.22,0.017347489755013996
50,5.222,0.017101010629504542
50,5.224,0.01685366269734949
50,5.226,0.016605597418731327
50,5.228,0.01635695984228695
50,5.23,0.016107888828750104
50,5.232,0.015858517267224044
50,5.234,0.015608972284335484
50,5.236,0.015359375446510767
50,5.238,0.01510984295560454
50,5.24,0.014860485838105675
50,5.242,0.014611410128133951
50,5.244,0.014362717044433176
50,5.246,0.014114503161561036
50,5.248,0.013866860575465238
50,5.25,0.013619877063632308
50,5.252,0.01337483511357613
50,5.2540000000000004,0.013131755833211025
50,5.256,0.012890658607596826
50,5.258,0.012651561168636064
50,5.26,0.012414479662524455
50,5.2620000000000005,0.012179428715028391
50,5.264,0.011946421494665061
50,5.266,0.01171546977385791
50,5.268,0.011486583988136876
50,5.2700000000000005,0.01125977329345584
50,5.272,0.011035045621693768
50,5.274,0.01081240773441032
50,5.276,0.01059186527492053
50,5.2780000000000005,0.010373422818757605
50,5.28,0.010157083922589086
50,5.282,0.009942851171653857
50,5.284,0.009730726225784938
50,5.2860000000000005,0.009520709864087757
50,5.288,0.009312802028339336
50,5.29,0.00910700186517923
50,5.292,0.008919770483332295
50,5.2940000000000005,0.008750346457219137
50,5.296,0.008597995982572831
50,5.298,0.008462011987076294
50,5.3,0.008341713260908155
50,5.3020000000000005,0.008236443607717601
50,5.304,0.008145571016458015
50,5.306,0.008068486854408554
50,5.308,0.008004605081604258
50,5.3100000000000005,0.007953361486778554
50,5.312,0.007914212944813965
50,5.314,0.007886636695582504
50,5.316,0.007870129643965293
50,5.3180000000000005,0.007864207680748622
50,5.32,0.007868405024029667
50,5.322,0.007882273580703324
50,5.324,0.007905382327567663
50,5.3260000000000005,0.00793731671155888
50,5.328,0.007977678068616947
50,5.33,0.008026083060681581
50,5.332,0.008080897772281994
50,5.3340000000000005,0.008141825648428294
50,5.336,0.008208581635314002
50,5.338,0.008280891763590885
50,5.34,0.008358492745393584
50,5.3420000000000005,0.008441131584725398
50,5.344,0.008528565200834238
50,5.346,0.00862056006421646
50,5.348,0.008716891844895174
50,5.3500000000000005,0.008817345072633442
50,5.352,0.008921712808746507
50,5.354,0.009029796329187979
50,5.356,0.009141404818588524
50,5.3580000000000005,0.009256355074935115
50,5.36,0.009374471224579873
50,5.362,0.009495584447278107
50,5.364,0.009619532710954263
50,5.3660000000000005,0.009746160515905163
50,5.368,0.009875318648149339
50,5.37,0.010006863941640435
50,5.372,0.010138187851186822
50,5.3740000000000006,0.01026927564844968
50,5.376,0.010400113416831369
50,5.378,0.01053068801804664
50,5.38,0.010660987060025051
50,5.382,0.010790998866093273
50,5.384,0.010920712445382433
50,5.386,0.011050117464411148
50,5.388,0.011179204219795815
50,5.39,0.011307963612041871
50,5.392,0.011436387120372543
50,5.394,0.011564466778553013
50,5.396,0.011692195151668602
50,5.398,0.01181956531381998
50,5.4,0.01194657082669736
50,5.402,0.012073205718998366
50,5.404,0.01219946446665666
50,5.406,0.012325341973847817
50,5.408,0.012450833554741969
50,5.41,0.012575934915973138
50,5.412,0.012700642139796966
50,5.414,0.012824951667909775
50,5.416,0.012948860285902298
50,5.418,0.013072365108322551
50,5.42,0.013195463564325393
50,5.422,0.013318153383883738
50,5.424,0.013440432584540727
50,5.426,0.013562299458680416
50,5.428,0.013683752561298305
50,5.43,0.0138047906982502
50,5.432,0.01392541291496167
50,5.434,0.014045618485580542
50,5.436,0.014165406902553917
50,5.438,0.01428477786661498
50,5.44,0.014403731277160759
50,5.442,0.014522267223009092
50,5.444,0.014640385973517902
50,5.446,0.014758087970052096
50,5.448,0.014875373817787365
50,5.45,0.01499224427783559
50,5.452,0.015109877201275861
50,5.454,0.015228215733096141
50,5.456,0.015347205395987364
50,5.458,0.015466794000205324
50,5.46,0.015586931556759557
50,5.462,0.015707570193808904
50,5.464,0.015828664076148836
50,5.466,0.015950169327678853
50,5.468,0.016072043956742374
50,5.47,0.016194247784233947
50,5.472,0.016316742374374815
50,5.474,0.01643949096805901
50,5.476,0.016562458418675048
50,5.478,0.016685611130315886
50,5.48,0.01680891699828571
50,5.482,0.01693234535182338
50,5.484,0.017055866898958598
50,5.486,0.01717945367342314
50,5.488,0.01730307898354216
50,5.49,0.017426717363031877
50,5.492,0.017551494011142022
50,5.494,0.017677329296860056
50,5.496,0.017804146867667344
50,5.498,0.017931873526272984
50,5.5,0.0180604391118473
50,5.502,0.018189776385596577
50,5.5040000000000004,0.018319820920527714
50,5.506,0.018450510995255645
50,5.508,0.018581787491711008
50,5.51,0.018713593796608453
50,5.5120000000000005,0.01884587570654396
50,5.514,0.01897858133659011
50,5.516,0.019111661032264367
50,5.518,0.019245067284749853
50,5.5200000000000005,0.019378754649251123
50,5.522,0.019512679666371442
50,5.524,0.01964680078640295
50,5.526,0.019781078296423185
50,5.5280000000000005,0.019915474250096588
50,5.53,0.020049952400082366
50,5.532,0.02018447813295286
50,5.534,0.020319018406531976
50,5.5360000000000005,0.020453541689563922
50,5.538,0.020588017903626216
50,5.54,0.020722418367207247
50,5.542,0.020856715741864984
50,5.5440000000000005,0.020990883980393366
50,5.546,0.021124898276920566
50,5.548,0.021258735018868085
50,5.55,0.02139237174070278
50,5.5520000000000005,0.021525787079414323
50,5.554,0.021658960731654863
50,5.556,0.021791873412480015
50,5.558,0.021924506815629338
50,5.5600000000000005,0.022056843575292837
50,5.562,0.022188867229305163
50,5.564,0.02232056218371608
50,5.566,0.02245191367868595
50,5.5680000000000005,0.02258290775565631
50,5.57,0.022713531225749352
50,5.572,0.022825634839712828
50,5.574,0.02292003436834153
50,5.5760000000000005,0.022997514886958347
50,5.578,0.023058831958581112
50,5.58,0.02310471276395587
50,5.582,0.023135857181517994
50,5.5840000000000005,0.023152938820114863
50,5.586,0.0231566060071157
50,5.588,0.023147482734348163
50,5.59,0.023126169564126362
50,5.5920000000000005,0.023093244497479824
50,5.594,0.023049263806549446
50,5.596,0.022994762832983365
50,5.598,0.022930256754047112
50,5.6000000000000005,0.02285624131804936
50,5.602,0.022773193550584492
50,5.604,0.022681572432999286
50,5.606,0.022581819554401507
50,5.6080000000000005,0.02247435973845335
50,5.61,0.022359601646114096
50,5.612,0.02223631621564276
50,5.614,0.022104955761516214
50,5.6160000000000005,0.021965955372587543
50,5.618,0.02181973352853138
50,5.62,0.021666692692994184
50,5.622,0.02150721988449612
50,5.6240000000000006,0.021341687226068683
50,5.626,0.021170452474559842
50,5.628,0.02099385953048584
50,5.63,0.020812238929262043
50,5.632,0.020625908314598925
50,5.634,0.02043517289481214
50,5.636,0.020240325882750623
50,5.638,0.02004164892001597
50,5.64,0.019839412486111135
50,5.642,0.01963387629312124
50,5.644,0.019425289666505308
50,5.646,0.019213891912545366
50,5.648,0.01899991267297527
50,5.65,0.018783572267285695
50,5.652,0.018565082023181186
50,5.654,0.018344644595639274
50,5.656,0.018122454275005334
50,5.658,0.017898697284534786
50,5.66,0.01767355206777707
50,5.662,0.017447189566178474
50,5.664,0.01721977348726619
50,5.666,0.016991460563756014
50,5.668,0.0167624008039184
50,5.67,0.016532737733519147
50,5.672,0.016302608629638123
50,5.674,0.016072144746660886
50,5.676,0.015841471534722366
50,5.678,0.015610708850873786
50,5.68,0.015379971163232501
50,5.682,0.01514936774836468
50,5.684,0.014919002882141985
50,5.686,0.014688976024304704
50,5.688,0.014459381996955735
50,5.69,0.014230311157201293
50,5.692,0.014001849564148211
50,5.694,0.013774079140460863
50,5.696,0.013547077828672179
50,5.698,0.013320919742441447
50,5.7,0.013095675312941422
50,5.702,0.01287141143055561
50,5.704,0.012648191582060816
50,5.706,0.012426075983464464
50,5.708,0.012205121708664777
50,5.71,0.011985382814096305
50,5.712,0.011766910459521052
50,5.714,0.011549753025123125
50,5.716,0.011333956225062593
50,5.718,0.011119563217641118
50,5.72,0.010906614712233639
50,5.722,0.010695149073137232
50,5.724,0.010485202420488771
50,5.726,0.010276808728405315
50,5.728,0.010069999920499244
50,5.73,0.009864805962926016
50,5.732,0.009678758509661206
50,5.734,0.009511047447371704
50,5.736,0.00936089267844845
50,5.738,0.009227543177307035
50,5.74,0.009110276068632671
50,5.742,0.00900839572710551
50,5.744,0.008921232898025079
50,5.746,0.008848143838196364
50,5.748,0.008788509476437186
50,5.75,0.008741734593112518
50,5.752,0.008707247018181895
50,5.7540000000000004,0.008684496847356773
50,5.756,0.008672955676085439
50,5.758,0.008672115851206523
50,5.76,0.008681489740228096
50,5.7620000000000005,0.008700609018282908
50,5.764,0.008729023972887093
50,5.766,0.008766302826676356
50,5.768,0.008812031078311902
50,5.7700000000000005,0.008865810861748178
50,5.772,0.008925918523806213
50,5.774,0.008992050996287942
50,5.776,0.009063917451249624
50,5.7780000000000005,0.009141238833564252
50,5.78,0.009223747409400632
50,5.782,0.009311186330351242
50,5.784,0.009403309212901341
50,5.7860000000000005,0.009499879732911028
50,5.788,0.009600671234755213
50,5.79,0.009705466354748069
50,5.792,0.009814056658462604
50,5.7940000000000005,0.009926242291546001
50,5.796,0.010041831643622339
50,5.798,0.010160641024872411
50,5.8,0.01028249435487856
50,5.8020000000000005,0.01040722286332176
50,5.804,0.010534664802127237
50,5.806,0.010664665168656587
50,5.808,0.01079707543955284
50,5.8100000000000005,0.010931753314854716
50,5.812,0.011065994793217314
50,5.814,0.011199794339375537
50,5.816,0.011333146869640378
50,5.8180000000000005,0.011466047732041804
50,5.82,0.011598492687278117
50,5.822,0.011730477890438759
50,5.824,0.011861999873468938
50,5.8260000000000005,0.01199305552834595
50,5.828,0.012123642090937034
50,5.83,0.01225375712551369
50,5.832,0.012383398509892103
50,5.8340000000000005,0.01251256442117796
50,5.836,0.012641253322088531
50,5.838,0.01276946394782977
50,5.84,0.012897195293505944
50,5.8420000000000005,0.013024446602039963
50,5.844,0.01315121735258409
50,5.846,0.013277507249401414
50,5.848,0.013403316211198063
50,5.8500000000000005,0.013528644360890001
50,5.852,0.013653492015784708
50,5.854,0.013777859678162786
50,5.856,0.013901748026242916
50,5.8580000000000005,0.014025157905513843
50,5.86,0.01414809032042046
50,5.862,0.014270546426388472
50,5.864,0.01439252752217424
50,5.8660000000000005,0.014514035042527839
50,5.868,0.01463507055115511
50,5.87,0.014755635733967987
50,5.872,0.014875732392611703
50,5.8740000000000006,0.0149953624382574
50,5.876,0.015114527885648302
50,5.878,0.015233230847392691
50,5.88,0.015351473528489885
50,5.882000000000001,0.01546925822108319
50,5.884,0.01558658729942872
50,5.886,0.01570346321507215
50,5.888,0.015819888492226195
50,5.89,0.01593586572333839
50,5.892,0.0160539575404953
50,5.894,0.016174042830750527
50,5.896,0.01629600547870555
50,5.898,0.016419734172916794
50,5.9,0.016545122219595355
50,5.902,0.016672067363338865
50,5.904,0.01680047161464023
50,5.906,0.01693024108392944
50,5.908,0.017061285821909987
50,5.91,0.017193519665959413
50,5.912,0.017326860092374392
50,5.914,0.017461228074241365
50,5.916,0.017596547944730045
50,5.918,0.017732747265604833
50,5.92,0.017869756700764603
50,5.922,0.01800750989462011
50,5.924,0.018145943355131568
50,5.926,0.01828499634133109
50,5.928,0.018424610755161695
50,5.93,0.01856473103747205
50,5.932,0.018703938907234034
50,5.934,0.01884224695162757
50,5.936,0.018979667494051194
50,5.938,0.019116212602258854
50,5.94,0.019251894096200643
50,5.942,0.019386723555574078
50,5.944,0.019520712327100755
50,5.946,0.019653871531537016
50,5.948,0.019786212070428782
50,5.95,0.019917744632621026
50,5.952,0.020048479700530742
50,5.954,0.020178427556192858
50,5.956,0.02030759828708693
50,5.958,0.020436001791754498
50,5.96,0.020563647785213152
50,5.962,0.020690545804177136
50,5.964,0.020816705212090333
50,5.966,0.02094213520397942
50,5.968,0.021066844811134806
50,5.97,0.021190842905623657
50,5.972,0.021298420484664727
50,5.974,0.021390316300785934
50,5.976,0.021467240390662275
50,5.978,0.021529875213404884
50,5.98,0.021578876738332444
50,5.982,0.021614875484808945
50,5.984,0.021638477516613124
50,5.986,0.021650265393174557
50,5.988,0.021650799079889177
50,5.99,0.02164061681960068
50,5.992,0.0216202359672203
50,5.994,0.021590153789337856
50,5.996,0.02155084823057585
50,5.998,0.02150277864833087
50,6.0,0.021446386517453696
50,6.002,0.021382096106327825
50,6.0040000000000004,0.021310315125721242
50,6.006,0.021231435351707073
50,6.008,0.021145833223875143
50,6.01,0.02105387041998463
50,6.0120000000000005,0.020954701330366785
50,6.014,0.020848719415078227
50,6.016,0.02073630264520459
50,6.018,0.02061781408025084
50,6.0200000000000005,0.02049360242306976
50,6.022,0.02036400255335388
50,6.024,0.020229336040659802
50,6.026,0.020089911637879102
50,6.0280000000000005,0.01994602575602009
50,6.03,0.01979796292111782
50,6.032,0.019645996214046533
50,6.034,0.019490387693965598
50,6.0360000000000005,0.01933138880609607
50,6.038,0.019169240774483468
50,6.04,0.019004174980373854
50,6.042,0.018836413326796954
50,6.0440000000000005,0.018666168589918895
50,6.046,0.01849364475770307
50,6.048,0.018319037356388592
50,6.05,0.018142533765272983
50,6.0520000000000005,0.017961320383627116
50,6.054,0.01777571573521467
50,6.056,0.017586025457344258
50,6.058,0.017392542780102233
50,6.0600000000000005,0.01719554898800656
50,6.062,0.016995313864852302
50,6.064,0.016792096122481268
50,6.066,0.01658614381417199
50,6.0680000000000005,0.016377694733313415
50,6.07,0.01616697679799176
50,6.072,0.01595420842209514
50,6.074,0.01573959887350853
50,6.0760000000000005,0.015523348619952202
50,6.078,0.015305649662988677
50,6.08,0.015086685860704201
50,6.082,0.014866633239552111
50,6.0840000000000005,0.014645660295824406
50,6.086,0.01442392828720372
50,6.088,0.014201591514831973
50,6.09,0.013978797596317821
50,6.0920000000000005,0.013756944500365706
50,6.094,0.01353610324746393
50,6.096,0.013316341454612584
50,6.098,0.013097723485831363
50,6.1000000000000005,0.012880310598527065
50,6.102,0.012664161085932806
50,6.104,0.012449330415830497
50,6.106,0.012235871365766562
50,6.1080000000000005,0.012023834154969767
50,6.11,0.011813266573179519
50,6.112,0.01160421410659578
50,6.114,0.011396720061157942
50,6.1160000000000005,0.011190825683367102
50,6.118,0.010986570278864464
50,6.12,0.010783991328982842
50,6.122,0.010583124605491838
50,6.1240000000000006,0.010384004283760935
50,6.126,0.010186663054569597
50,6.128,0.009991132234800375
50,6.13,0.009797441877252495
50,6.132000000000001,0.009622877701005957
50,6.134,0.009466578639883703
50,6.136,0.009327716830392059
50,6.138,0.009205496819131825
50,6.140000000000001,0.009099154767999537
50,6.142,0.009007957649905807
50,6.144,0.008931202429163536
50,6.146,0.008868215222429967
50,6.148,0.00881835043796596
50,6.15,0.008780989892896511
50,6.152,0.008755541909952425
50,6.154,0.008741440396766515
50,6.156,0.008738143912081948
50,6.158,0.008745134724174888
50,6.16,0.008761917867364442
50,6.162,0.00878802020271258
50,6.164,0.00882298948890943
50,6.166,0.008866393468986291
50,6.168,0.008917818977920433
50,6.17,0.00897687107548563
50,6.172,0.009040548604912036
50,6.174,0.009108622213751538
50,6.176,0.009180872522301091
50,6.178,0.009257089675087336
50,6.18,0.00933707291297993
50,6.182,0.009420630165435408
50,6.184,0.009507577662251486
50,6.186,0.009597739564134466
50,6.188,0.009690947611315203
50,6.19,0.009787040789415238
50,6.192,0.009885865011740474
50,6.194,0.009987272817179576
50,6.196,0.010091123082886838
50,6.198,0.01019728075095365
50,6.2,0.010305616568291378
50,6.202,0.010416006838986393
50,6.204,0.010528333188417068
50,6.206,0.010642482338463976
50,6.208,0.010758345893178133
50,6.21,0.010875820134317586
50,6.212,0.0109948058261908
50,6.214,0.011115208029291711
50,6.216,0.011236935922238537
50,6.218,0.011359902631565926
50,6.22,0.011484025068950627
50,6.222,0.011609223775478048
50,6.224,0.011735422772587288
50,6.226,0.011862549419354544
50,6.228,0.011990534275798647
50,6.23,0.012119310971915565
50,6.232,0.012248816082164403
50,6.234,0.01237898900514979
50,6.236,0.012509771848257264
50,6.238,0.01264110931701711
50,6.24,0.01277294860898345
50,6.242,0.012905239311927889
50,6.244,0.013037933306159722
50,6.246,0.013170984670794344
50,6.248,0.013304349593801633
50,6.25,0.013437986285672937
50,6.252,0.013571854896557657
50,6.2540000000000004,0.013705917436724085
50,6.256,0.01384013770020635
50,6.258,0.013974481191510065
50,6.26,0.014108915055249478
50,6.2620000000000005,0.014243408008598989
50,6.264,0.014377930276444767
50,6.266,0.014512453529129147
50,6.268,0.01464695082268305
50,6.2700000000000005,0.014781396541446938
50,6.272,0.014915766342987108
50,6.274,0.01505003710521297
50,6.276,0.015184186875611487
50,6.2780000000000005,0.015318194822511295
50,6.28,0.015452041188298982
50,6.282,0.015585707244509174
50,6.284,0.01571917524871275
50,6.2860000000000005,0.015852428403135405
50,6.288,0.0159854508149344
50,6.29,0.016118227458070532
50,6.292,0.01625074413671061
50,6.2940000000000005,0.016382987450101378
50,6.296,0.016514944758854296
50,6.298,0.016646604152587192
50,6.3,0.016777954418868733
50,6.3020000000000005,0.016908985013413168
50,6.304,0.017039686031475716
50,6.306,0.01717004818040251
50,6.308,0.01730006275328664
50,6.3100000000000005,0.01742972160368883
50,6.312,0.01755901712137806
50,6.314,0.01768794220905405
50,6.316,0.017816490260009567
50,6.3180000000000005,0.017944655136697664
50,6.32,0.018072431150165782
50,6.322,0.018199813040324128
50,6.324,0.018326795957012483
50,6.3260000000000005,0.01845337544183633
50,6.328,0.01857954741073845
50,6.33,0.018705308137280042
50,6.332,0.01883041975342406
50,6.3340000000000005,0.018954886113167452
50,6.336,0.01907871111191022
50,6.338,0.0192018986829781
50,6.34,0.01932445279430801
50,6.3420000000000005,0.019446377445287634
50,6.344,0.019567676663744277
50,6.346,0.019688354503073314
50,6.348,0.019808415039502057
50,6.3500000000000005,0.019927862369482314
50,6.352,0.020046700607204936
50,6.354,0.020164933882232887
50,6.356,0.02028256633724446
50,6.3580000000000005,0.020399602125885735
50,6.36,0.02051604541072269
50,6.362,0.02063190036129337
50,6.364,0.020747171152251255
50,6.3660000000000005,0.020861861961599858
50,6.368,0.020975976969010483
50,6.37,0.021089520354223065
50,6.372,0.021185621339988994
50,6.3740000000000006,0.021265093896533034
50,6.376,0.02132871963764142
50,6.378,0.02137724909274749
50,6.38,0.021411402930579256
50,6.382000000000001,0.0214318731350091
50,6.384,0.021439324134140094
50,6.386,0.021434393883924232
50,6.388,0.02141769490778168
50,6.390000000000001,0.021389815293794096
50,6.392,0.021351319651096
50,6.394,0.0213027500271089
50,6.396,0.021244626787249598
50,6.398000000000001,0.0211774494587205
50,6.4,0.02110169753994777
50,6.402,0.021017831277184765
50,6.404,0.020926292409741875
50,6.406,0.020827504885249853
50,6.408,0.02072187554629892
50,6.41,0.020609794789742703
50,6.412,0.020490389377580208
50,6.414,0.020364082845046323
50,6.416,0.020231281538737517
50,6.418,0.020092375277442048
50,6.42,0.019947737986828536
50,6.422,0.0197977283091891
50,6.424,0.019642690189371405
50,6.426,0.01948295343797346
50,6.428,0.01931883427282026
50,6.43,0.019150635839689012
50,6.432,0.018978648713197318
50,6.434,0.018803151378725774
50,6.436,0.01862441069619798
50,6.438,0.01844268234650155
50,6.44,0.01825821126129453
50,6.442,0.01807123203690373
50,6.444,0.01788196933298732
50,6.446,0.017690638256601096
50,6.448,0.017497444732277535
50,6.45,0.01730258585869733
50,6.452,0.01710625025250545
50,6.454,0.016908618379800573
50,6.456,0.01670986287579893
50,6.458,0.016510148853153578
50,6.46,0.016309634199388762
50,6.462,0.016108469863886827
50,6.464,0.015906800134848798
50,6.466,0.015704762906629113
50,6.468,0.015502489937831411
50,6.47,0.015300107100532744
50,6.472,0.015097734620991617
50,6.474,0.01489548731217819
50,6.476,0.014693474798455657
50,6.478,0.01449180173272379
50,6.48,0.0142905680063275
50,6.482,0.014089868952021418
50,6.484,0.013889795540268738
50,6.486,0.013690434569142818
50,6.488,0.01349186884809378
50,6.49,0.013294177375825115
50,6.492,0.013095549836865974
50,6.494,0.012896157752227829
50,6.496,0.012696165661312986
50,6.498,0.012495731444369643
50,6.5,0.01229500663632496
50,6.502,0.012094136732566702
50,6.5040000000000004,0.011893261487237076
50,6.506,0.011692515204598035
50,6.508,0.011492027024022508
50,6.51,0.011291921199162185
50,6.5120000000000005,0.01109231737184318
50,6.514,0.01089333084123669
50,6.516,0.010695072828857836
50,6.518,0.010497650739939331
50,6.5200000000000005,0.010301168421733614
50,6.522,0.010105726419295398
50,6.524,0.009911422229296703
50,6.526,0.009718350552423672
50,6.5280000000000005,0.009526603544906495
50,6.53,0.00933627106971941
50,6.532,0.009164191266366105
50,6.534,0.009009460470569912
50,6.5360000000000005,0.008871213166060078
50,6.538,0.008748621624326162
50,6.54,0.008640895445738116
50,6.542,0.00854728098460006
50,6.5440000000000005,0.008467060646968044
50,6.546,0.008399552056637482
50,6.548,0.008344107091132914
50,6.55,0.008300110795426951
50,6.5520000000000005,0.008266980186148166
50,6.554,0.008244162962985453
50,6.556,0.008231136146760647
50,6.558,0.008227404665183657
50,6.5600000000000005,0.008232499907710647
50,6.562,0.00824597827033056
50,6.564,0.008267419709677778
50,6.566,0.008296426323823389
50,6.5680000000000005,0.00833262097463642
50,6.57,0.008375645963907092
50,6.572,0.008425161772686887
50,6.574,0.00848084587062513
50,6.5760000000000005,0.008542391599610963
50,6.578,0.008609507133810514
50,6.58,0.008681914516283494
50,6.582,0.008759348770780186
50,6.5840000000000005,0.008841557086065622
50,6.586,0.008928298069166092
50,6.588,0.009019341063268226
50,6.59,0.00911446552557883
50,6.5920000000000005,0.009213460460240385
50,6.594,0.009316123901358298
50,6.596,0.009422262441290368
50,6.598,0.00953169079954585
50,6.6000000000000005,0.009644231427911418
50,6.602,0.009759714147742345
50,6.604,0.009877975815700015
50,6.606,0.009998860014575724
50,6.6080000000000005,0.010122216766194708
50,6.61,0.010247902263735035
50,6.612,0.010374313860798939
50,6.614,0.010501388938737413
50,6.6160000000000005,0.010629067582844045
50,6.618,0.010757292484933961
50,6.62,0.010886008848698392
50,6.622,0.011015164297767758
50,6.6240000000000006,0.011144708786427761
50,6.626,0.011274594512941898
50,6.628,0.011404775835435336
50,6.63,0.01153520919030161
50,6.632000000000001,0.011665853013092864
50,6.634,0.011796667661855713
50,6.636,0.011927615342876893
50,6.638,0.012058660038795603
50,6.640000000000001,0.012189767439046687
50,6.642,0.012320904872590565
50,6.644,0.012452041242887492
50,6.646,0.012583146965072647
50,6.648000000000001,0.012714193905284756
50,6.65,0.012845155322100793
50,6.652,0.01297600581003109
50,6.654,0.013106721245020428
50,6.656000000000001,0.013237278731910853
50,6.658,0.013367656553809323
50,6.66,0.013497834123313731
50,6.662,0.01362779193554168
50,6.664,0.01375751152291322
50,6.666,0.013886975411634713
50,6.668,0.014016167079830779
50,6.67,0.014145070917276749
50,6.672,0.014273672186676998
50,6.674,0.014401956986441979
50,6.676,0.014529912214913185
50,6.678,0.014657525535988427
50,6.68,0.014784785346098199
50,6.682,0.014911680742488114
50,6.684,0.015038201492760582
50,6.686,0.015164338005631318
50,6.688,0.015290081302857271
50,6.69,0.015415422992292323
50,6.692,0.015540355242030512
50,6.694,0.015664870755597176
50,6.696,0.015788962748145736
50,6.698,0.015912624923625805
50,6.7,0.016035851452883873
50,6.702,0.01615863695266119
50,6.704,0.016280976465452998
50,6.706,0.016402865440200396
50,6.708,0.016524299713774664
50,6.71,0.016645275493231654
50,6.712,0.01676578933879876
50,6.714,0.016885838147569814
50,6.716,0.017005419137878335
50,6.718,0.017124529834321982
50,6.72,0.01724316805341276
50,6.722,0.01736133188982684
50,6.724,0.017479019703231687
50,6.726,0.017596230105664794
50,6.728,0.01771296194944366
50,6.73,0.01782921431558459
50,6.732,0.017944986502709228
50,6.734,0.018060278016420805
50,6.736,0.018175088559127348
50,6.738,0.01828941802029809
50,6.74,0.018403266467131044
50,6.742,0.018516634135617764
50,6.744,0.0186295214219883
50,6.746,0.018741928874518986
50,6.748,0.018853857185690985
50,6.75,0.018965307184682017
50,6.752,0.01907627983018105
50,6.7540000000000004,0.0191867762035083
50,6.756,0.019296797502031848
50,6.758,0.019406345032866132
50,6.76,0.01951542020684206
50,6.7620000000000005,0.019624024532735762
50,6.764,0.01973215961174703
50,6.766,0.019839827132216357
50,6.768,0.01994702886457005
50,6.7700000000000005,0.020053766656484902
50,6.772,0.020160042428262786
50,6.774,0.020265858168406172
50,6.776,0.020371215929387326
50,6.7780000000000005,0.02047611782360067
50,6.78,0.020580566019494508
50,6.782,0.020684562737870327
50,6.784,0.02078811024834636
50,6.7860000000000005,0.02089121086597587
50,6.788,0.020993866948015055
50,6.79,0.021096080890834836
50,6.792,0.021197855126968444
50,6.7940000000000005,0.021299192122291533
50,6.796,0.021400094373327364
50,6.798,0.021500564404673298
50,6.8,0.021600604766542335
50,6.8020000000000005,0.021700218032416015
50,6.804,0.02179940679680243
50,6.806,0.021898173673097248
50,6.808,0.021996521291541206
50,6.8100000000000005,0.02209445229727127
50,6.812,0.02217339316346212
50,6.814,0.022234264020985266
50,6.816,0.02227794733560253
50,6.8180000000000005,0.022305289403418662
50,6.82,0.02231710179473747
50,6.822,0.02231416274525399
50,6.824,0.022297218494439212
50,6.8260000000000005,0.022266984571652226
50,6.828,0.022224147030974393
50,6.83,0.0221693636360922
50,6.832,0.022103264996766618
50,6.8340000000000005,0.022026455658563607
50,6.836,0.02193951514759824
50,6.838,0.02184299897207839
50,6.84,0.02173743958243281
50,6.8420000000000005,0.021623347291790034
50,6.844,0.021501211158536208
50,6.846,0.02137149983263034
50,6.848,0.021234662367297593
50,6.8500000000000005,0.021091128997666794
50,6.852,0.020939998447083212
50,6.854,0.020781735422399236
50,6.856,0.020616785085599436
50,6.8580000000000005,0.02044557382932617
50,6.86,0.02026851002101678
50,6.862,0.020085984717118876
50,6.864,0.01989837234878545
50,6.8660000000000005,0.019706031380372087
50,6.868,0.019509304941996923
50,6.87,0.019308521437358877
50,6.872,0.019103995127944893
50,6.8740000000000006,0.01889602669470509
50,6.876,0.01868490377821605
50,6.878,0.018470901498302165
50,6.88,0.018254282954039216
50,6.882000000000001,0.01803529970501547
50,6.884,0.017814192234685607
50,6.886,0.017591190396612694
50,6.888,0.01736651384435465
50,6.890000000000001,0.01714037244572025
50,6.892,0.016914288718890138
50,6.894,0.01668838226030671
50,6.896,0.016462766997748447
50,6.898000000000001,0.01623755143347579
50,6.9,0.016012838879138326
50,6.902,0.01578872768278484
50,6.904,0.015565311448304787
50,6.906000000000001,0.015342679247621628
50,6.908,0.015120915825944553
50,6.91,0.014900101800378825
50,6.912,0.014680313852181874
50,6.914,0.014461624912946051
50,6.916,0.014244104344979755
50,6.918,0.014027818116151107
50,6.92,0.013812828969451319
50,6.922,0.013599196587526103
50,6.924,0.013386977752420797
50,6.926,0.01317622650077369
50,6.928,0.012966994274689893
50,6.93,0.012759330068522421
50,6.932,0.01257012559984584
50,6.934,0.012398489172694366
50,6.936,0.012243567756055992
50,6.938,0.012104545859763588
50,6.94,0.011980644383037966
50,6.942,0.011871119437211286
50,6.944,0.01177526114553686
50,6.946,0.011692392424209328
50,6.948,0.011621867749726084
50,6.95,0.011563071918470377
50,6.952,0.011515418804883376
50,6.954,0.01147835012481167
50,6.956,0.011451334210582687
50,6.958,0.011433864804105475
50,6.96,0.011425459873849984
50,6.962,0.011425660460964443
50,6.964,0.011434029559095928
50,6.966,0.011450151031714604
50,6.968,0.01147362856995838
50,6.97,0.011504084693231859
50,6.972,0.01153959854734769
50,6.974,0.011579908514573871
50,6.976,0.011624765107635885
50,6.978,0.01167393037499259
50,6.98,0.011727177337077148
50,6.982,0.011784289452310066
50,6.984,0.011845060111609679
50,6.986,0.011909292160066781
50,6.988,0.011976797444421318
50,6.99,0.012047396384976407
50,6.992,0.012120917570594443
50,6.994,0.012197197375453361
50,6.996,0.012276079596277759
50,6.998,0.01235741510881353
50,7.0,0.012441061542367973
50,7.002,0.012526882971302226
50,7.0040000000000004,0.012614749622419624
50,7.006,0.012704537597265423
50,7.008,0.012796128608409086
50,7.01,0.012889409728848633
50,7.0120000000000005,0.012982982431832246
50,7.014,0.013076813765808422
50,7.016,0.013170872377206102
50,7.018,0.01326512844014248
50,7.0200000000000005,0.013359553589211991
50,7.022,0.013454120855215135
50,7.024,0.013548804603689213
50,7.026,0.01364358047611331
50,7.0280000000000005,0.01373842533366372
50,7.03,0.013833317203408125
50,7.032,0.013928235226824983
50,7.034,0.014023159610546836
50,7.0360000000000005,0.01411807157922943
50,7.038,0.014212953330449848
50,7.04,0.01430778799154838
50,7.042,0.014402559578325298
50,7.0440000000000005,0.014497252955515778
50,7.046,0.014591853798961437
50,7.048,0.014686348559409087
50,7.05,0.01478072442786348
50,7.0520000000000005,0.014874969302428584
50,7.054,0.01496907175657342
50,7.056,0.015063021008760299
50,7.058,0.015156806893378201
50,7.0600000000000005,0.015250419832925091
50,7.062,0.015343850811385605
50,7.064,0.015437091348752997
50,7.066,0.015530133476647024
50,7.0680000000000005,0.015622969714980535
50,7.07,0.015715593049630112
50,7.072,0.01580799691106837
50,7.074,0.015900175153916563
50,7.0760000000000005,0.015992122037378063
50,7.078,0.016083832206516352
50,7.08,0.01617530067433971
50,7.082,0.016266522804660122
50,7.0840000000000005,0.016357494295691968
50,7.086,0.016448211164359846
50,7.088,0.016538669731285115
50,7.09,0.01662886660642183
50,7.0920000000000005,0.01672009269445675
50,7.094,0.016812274507201283
50,7.096,0.016905341915064317
50,7.098,0.016999228001791714
50,7.1000000000000005,0.017093868925500775
50,7.102,0.017189203785723566
50,7.104,0.017285174496183966
50,7.106,0.01738172566305617
50,7.1080000000000005,0.017478804468454196
50,7.11,0.017576360558923924
50,7.112,0.01767434593871628
50,7.114,0.01777271486762994
50,7.1160000000000005,0.017871423763225185
50,7.118,0.017970431107217976
50,7.12,0.01806969735587292
50,7.122,0.018169184854223173
50,7.1240000000000006,0.018268857753950443
50,7.126,0.01836868193476971
50,7.128,0.0184686249291679
50,7.13,0.018568655850352278
50,7.132000000000001,0.01866874532327263
50,7.134,0.018768865418585443
50,7.136,0.018868989589436065
50,7.138,0.01896909261093648
50,7.140000000000001,0.01906915052222814
50,7.142,0.01916914057101598
50,7.144,0.019269041160471848
50,7.146,0.0193688317984061
50,7.148000000000001,0.019468493048610046
50,7.15,0.019568006484278668
50,7.152,0.019667354643425793
50,7.154,0.019766520986205363
50,7.156000000000001,0.019865489854059684
50,7.158,0.019964246430617685
50,7.16,0.020062776704266524
50,7.162,0.020161067432328678
50,7.164000000000001,0.020259106106774383
50,7.166,0.02035688092140472
50,7.168,0.020454380740443524
50,7.17,0.020551595068477667
50,7.172,0.02062868488278805
50,7.174,0.020686655609269532
50,7.176,0.02072646968165512
50,7.178,0.020749048346996354
50,7.18,0.020755273403264402
50,7.182,0.02074598886810232
50,7.184,0.02072200257898594
50,7.186,0.020684087725901728
50,7.188,0.020632984318224783
50,7.19,0.020569400587865796
50,7.192,0.020494014330993113
50,7.194,0.02040747419077079
50,7.196,0.020310400883614327
50,7.198,0.020203388371474194
50,7.2,0.020087004982623453
50,7.202,0.019961794483371695
50,7.204,0.019828277103052273
50,7.206,0.01968695051453984
50,7.208,0.019538290772470067
50,7.21,0.019382753211227854
50,7.212,0.019220773304680697
50,7.214,0.01905276748953444
50,7.216,0.018879133954093033
50,7.218,0.01870025339411687
50,7.22,0.018516489737382975
50,7.222,0.01832819083846864
50,7.224,0.01813568914520068
50,7.226,0.017939302338136433
50,7.228,0.01773933394437247
50,7.23,0.01753607392691058
50,7.232,0.01732979925074653
50,7.234,0.017120774426790775
50,7.236,0.016909252034672688
50,7.238,0.016695473225432356
50,7.24,0.01647966820505222
50,7.242,0.016262056699740603
50,7.244,0.016042848403836674
50,7.246,0.015822243411165497
50,7.248,0.015600432630644654
50,7.25,0.015377598186902548
50,7.252,0.015153913806647346
50,7.2540000000000004,0.014929545191492633
50,7.256,0.014704650377926379
50,7.258,0.014479380085085501
50,7.26,0.014253878050980186
50,7.2620000000000005,0.014028281357794228
50,7.264,0.01380272074687707
50,7.266,0.01357732092402371
50,7.268,0.013352200855638386
50,7.2700000000000005,0.013127474056361737
50,7.272,0.012903248868742423
50,7.274,0.012679628735528393
50,7.276,0.0124567124651545
50,7.2780000000000005,0.012234594491004143
50,7.28,0.012013365125028902
50,7.282,0.011793110806319129
50,7.284,0.011573914345224095
50,7.2860000000000005,0.011355855163641808
50,7.288,0.011139009532108482
50,7.29,0.010923450804338894
50,7.292,0.010725944856960977
50,7.2940000000000005,0.010545586930488897
50,7.296,0.010381512417021756
50,7.298,0.010232895738020189
50,7.3,0.01009894919796372
50,7.3020000000000005,0.009978921811667417
50,7.304,0.00987209810482106
50,7.306,0.009777796889086322
50,7.308,0.009695370014729815
50,7.3100000000000005,0.009624201105217712
50,7.312,0.009563704279370408
50,7.314,0.009513322867540315
50,7.316,0.009472528128821949
50,7.3180000000000005,0.009440817976515156
50,7.32,0.00941771571899377
50,7.322,0.009402768822789414
50,7.324,0.009395547704148573
50,7.3260000000000005,0.00939564455460794
50,7.328,0.009402672205309834
50,7.33,0.009416263033889406
50,7.332,0.009436067916868945
50,7.3340000000000005,0.009461755229606966
50,7.336,0.009493009895024027
50,7.338,0.009529532481567356
50,7.34,0.009571038350209704
50,7.3420000000000005,0.009617256849701458
50,7.344,0.009667930558823501
50,7.346,0.009722814574010457
50,7.348,0.00978167584042678
50,7.3500000000000005,0.009844292524374229
50,7.352,0.009910453424782674
50,7.354,0.009979957421466673
50,7.356,0.010052612957820567
50,7.3580000000000005,0.010128237555653183
50,7.36,0.010206657359928645
50,7.362,0.010287706711271122
50,7.364,0.010371227744195535
50,7.3660000000000005,0.010457070009152794
50,7.368,0.010545090116598946
50,7.37,0.010635151401430778
50,7.372,0.010725455594233348
50,7.3740000000000006,0.010815966221104466
50,7.376,0.01090664862201896
50,7.378,0.010997469870267628
50,7.38,0.01108839869536422
50,7.382000000000001,0.011179405409260962
50,7.384,0.011270461835730553
50,7.386,0.011361541242776045
50,7.388,0.011452618277937249
50,7.390000000000001,0.01154366890637211
50,7.392,0.011634670351592935
50,7.394,0.011725601038748562
50,7.396,0.011816440540343072
50,7.398000000000001,0.011907169524289694
50,7.4,0.011997769704203994
50,7.402,0.012088223791841171
50,7.404,0.012178515451588273
50,7.406000000000001,0.012268629256927725
50,7.408,0.012358550648787792
50,7.41,0.012448265895701374
50,7.412,0.012537762055700497
50,7.414000000000001,0.012627026939869682
50,7.416,0.012716049077491685
50,7.418,0.012804817682718725
50,7.42,0.012893322622702257
50,7.422000000000001,0.012981554387124027
50,7.424,0.013069504059064586
50,7.426,0.013157163287156918
50,7.428,0.013244524258967272
50,7.43,0.013331579675552919
50,7.432,0.013418322727145068
50,7.434,0.013504747069910922
50,7.436,0.013590846803746831
50,7.438,0.013676616451057312
50,7.44,0.013762050936482036
50,7.442,0.013847145567522872
50,7.444,0.013931896016039377
50,7.446,0.014016298300568934
50,7.448,0.014100348769439653
50,7.45,0.014184044084639552
50,7.452,0.014268707278790309
50,7.454,0.01435426049622704
50,7.456,0.014440629594501809
50,7.458,0.014527743977520888
50,7.46,0.014615536436159504
50,7.462,0.014703942996000082
50,7.464,0.014792902771864678
50,7.466,0.014882357828826541
50,7.468,0.014972253049403509
50,7.47,0.015062536006653098
50,7.472,0.015153156842899803
50,7.474,0.015244068153843176
50,7.476,0.015335224877803389
50,7.478,0.015426584189876563
50,7.48,0.015518105400780071
50,7.482,0.015609749860180933
50,7.484,0.01570148086430781
50,7.486,0.01579326356765874
50,7.488,0.015885064898623617
50,7.49,0.015976853478847704
50,7.492,0.01606859954617552
50,7.494,0.016160274881013167
50,7.496,0.016251852735962864
50,7.498,0.016343307768584045
50,7.5,0.01643461597714424
50,7.502,0.0165257546392294
50,7.5040000000000004,0.016616702253086237
50,7.506,0.016707438481579694
50,7.508,0.016797944098646808
50,7.51,0.016888200938140727
50,7.5120000000000005,0.016978191844958
50,7.514,0.017067900628348374
50,7.516,0.01715731201731214
50,7.518,0.01724641161799262
50,7.5200000000000005,0.017335185872974446
50,7.522,0.017423622022406514
50,7.524,0.017511708066864688
50,7.526,0.01759943273188221
50,7.5280000000000005,0.017686785434069242
50,7.53,0.01777375624875498
50,7.532,0.017859014600151074
50,7.534,0.01794262665179317
50,7.5360000000000005,0.018024655696908268
50,7.538,0.018105162286046656
50,7.54,0.018184204348959218
50,7.542,0.01826183731098022
50,7.5440000000000005,0.018338114204162426
50,7.546,0.018413085773405134
50,7.548,0.018486800577799084
50,7.55,0.018559305087406684
50,7.5520000000000005,0.018630643775686
50,7.554,0.018700859207754356
50,7.556,0.01876999212468284
50,7.558,0.018838081524001068
50,7.5600000000000005,0.01890516473658493
50,7.562,0.018971277500092018
50,7.564,0.019036454029102194
50,7.566,0.019100727082111045
50,7.5680000000000005,0.019164128025523308
50,7.57,0.019226686894777658
50,7.572,0.019273480306223466
50,7.574,0.0193053114992952
50,7.5760000000000005,0.019322947807458874
50,7.578,0.019327122271775764
50,7.58,0.019318535180254007
50,7.582,0.01929785553568583
50,7.5840000000000005,0.019265722454881545
50,7.586,0.01922274650231511
50,7.588,0.019169510961218918
50,7.59,0.019106573045136275
50,7.5920000000000005,0.019034465052870236
50,7.594,0.018953695469676374
50,7.596,0.01886475001743541
50,7.598,0.018768092656427676
50,7.6000000000000005,0.01866416654120326
50,7.602,0.018553394932922716
50,7.604,0.01843618207041844
50,7.606,0.018312914002106676
50,7.6080000000000005,0.01818395938076746
50,7.61,0.018049670223095268
50,7.612,0.017909057670214282
50,7.614,0.017762518050831566
50,7.6160000000000005,0.01761042976137679
50,7.618,0.01745315404823297
50,7.62,0.017291035755625545
50,7.622,0.01712440404095689
50,7.6240000000000006,0.016953573059270793
50,7.626,0.01677884261843608
50,7.628,0.016600498806546474
50,7.63,0.016418814592954623
50,7.632000000000001,0.016234050404276685
50,7.634,0.01604645467663499
50,7.636,0.015856264385339443
50,7.638,0.015663705553145134
50,7.640000000000001,0.015468993738170308
50,7.642,0.015272334502502215
50,7.644,0.015073923862474924
50,7.646,0.014873948721556049
50,7.648000000000001,0.014672587286738524
50,7.65,0.014470009469301093
50,7.652,0.014266377270762454
50,7.654,0.014061845154827704
50,7.656000000000001,0.013856560406099156
50,7.658,0.013650663476296733
50,7.66,0.013444288318717523
50,7.662,0.013237562711642033
50,7.664000000000001,0.013030608571383313
50,7.666,0.012823542255663291
50,7.668,0.012616474857990192
50,7.67,0.012409512493708788
50,7.672000000000001,0.012202756578391018
50,7.674,0.011996304099235763
50,7.676,0.011790247880153471
50,7.678,0.011584676841214605
50,7.68,0.011379676253159372
50,7.682,0.011175327987674741
50,7.684,0.010971710764170563
50,7.686,0.010768900393807573
50,7.688,0.010566970021558366
50,7.69,0.010365990367118242
50,7.692,0.01018350577449458
50,7.694,0.010018554561853554
50,7.696,0.00987021854596933
50,7.698,0.009737621682114058
50,7.7,0.009619928700036584
50,7.702,0.009516343733202785
50,7.704,0.009426108940047242
50,7.706,0.009348503117589245
50,7.708,0.009282840309289402
50,7.71,0.009228468410383137
50,7.712,0.0091847677750337
50,7.714,0.0091511498304729
50,7.716,0.00912705570380986
50,7.718,0.009111954867400197
50,7.72,0.009105343808597737
50,7.722,0.009106744729399211
50,7.724,0.009115704280984748
50,7.726,0.00913179233750854
50,7.728,0.009154600812749764
50,7.73,0.009183742522450444
50,7.732,0.009218850094372837
50,7.734,0.009259574927351518
50,7.736,0.009305586199912086
50,7.738,0.009356569928396381
50,7.74,0.009412228073991778
50,7.742,0.009472277697604576
50,7.744,0.009536450161150397
50,7.746,0.009604490373553022
50,7.748,0.009676156079536166
50,7.75,0.009751217189158886
50,7.752,0.009829455145964831
50,7.7540000000000004,0.009910662331593122
50,7.756,0.009994641504709028
50,7.758,0.010081205272160148
50,7.76,0.01017017559033248
50,7.7620000000000005,0.010261383294770603
50,7.764,0.010354667656221892
50,7.766,0.0104498759613752
50,7.768,0.010546863116668737
50,7.7700000000000005,0.010645491273656629
50,7.772,0.010742575095649189
50,7.774,0.010838160726894934
50,7.776,0.010932292397652997
50,7.7780000000000005,0.011025012508687473
50,7.78,0.011116361712305758
50,7.782,0.011206378990026793
50,7.784,0.011295101726974193
50,7.7860000000000005,0.011382565783094302
50,7.788,0.011468805561300114
50,7.79,0.011553854072648844
50,7.792,0.011637742998658843
50,7.7940000000000005,0.011720502750871253
50,7.796,0.011802162527763551
50,7.798,0.011882750369117918
50,7.8,0.011962293207947217
50,7.8020000000000005,0.012040816920079134
50,7.804,0.012118346371495134
50,7.806,0.012194905463520029
50,7.808,0.01227051717595309
50,7.8100000000000005,0.012345203608231397
50,7.812,0.012418986018709038
50,7.814,0.012491884862137122
50,7.816,0.012563919825422843
50,7.8180000000000005,0.012635109861746582
50,7.82,0.012705473223107135
50,7.822,0.012775027491370494
50,7.824,0.012843789607885842
50,7.8260000000000005,0.01291177590173679
50,7.828,0.012979002116688683
50,7.83,0.013045483436893025
50,7.832,0.013111234511403447
50,7.8340000000000005,0.013176269477562137
50,7.836,0.013240601983304413
50,7.838,0.013304245208434725
50,7.84,0.013367211884920136
50,7.8420000000000005,0.013429514316247249
50,7.844,0.01349116439588565
50,7.846,0.013552173624900937
50,7.848,0.013612553128754023
50,7.8500000000000005,0.013672313673328215
50,7.852,0.013733195681987536
50,7.854,0.013795115222095186
50,7.856,0.013857992522471527
50,7.8580000000000005,0.013921751775170209
50,7.86,0.01398632094683332
50,7.862,0.014051631599148854
50,7.864,0.01411761871795661
50,7.8660000000000005,0.014184220550571846
50,7.868,0.014251378450920052
50,7.87,0.014319036732093716
50,7.872,0.014387142525964427
50,7.8740000000000006,0.014455645649502484
50,7.876,0.014524498477471958
50,7.878,0.014593655821189128
50,7.88,0.014663074813046528
50,7.882000000000001,0.01473271479651983
50,7.884,0.014802537221391137
50,7.886,0.014872505543933727
50,7.888,0.014942585131817718
50,7.890000000000001,0.015012743173508996
50,7.892,0.015081214995601257
50,7.894,0.015148064757651363
50,7.896,0.015213353798706261
50,7.898000000000001,0.015277140765061663
50,7.9,0.015339481732227971
50,7.902,0.015400430321356136
50,7.904,0.015460037810365314
50,7.906000000000001,0.015518353240009945
50,7.908,0.015575423515108017
50,7.91,0.01563129350114855
50,7.912,0.015686006116487305
50,7.914000000000001,0.015739602420326817
50,7.916,0.01579212169667476
50,7.918,0.01584360153446174
50,7.92,0.01589407790399201
50,7.922000000000001,0.01594358522989855
50,7.924,0.015992156460756884
50,7.926,0.01603982313551554
50,7.928,0.016086615446885357
50,7.930000000000001,0.01613256230182947
50,7.932,0.01617769137928564
50,7.934,0.016222029185249634
50,7.936,0.016265601105339266
50,7.938,0.016308431454956227
50,7.94,0.016350543527156088
50,7.942,0.01639195963833104
50,7.944,0.016432701171807444
50,7.946,0.016472788619453393
50,7.948,0.01651224162138767
50,7.95,0.016551079003877603
50,7.952,0.01658931881551088
50,7.954,0.016626978361717202
50,7.956,0.016664074237719085
50,7.958,0.01670062235998309
50,7.96,0.016736637996238757
50,7.962,0.016772135794133905
50,7.964,0.016807129808586844
50,7.966,0.01684163352789611
50,7.968,0.016875659898664783
50,7.97,0.016909221349594248
50,7.972,0.016943666502378024
50,7.974,0.016978930524516975
50,7.976,0.017014951682635084
50,7.978,0.017051671200973298
50,7.98,0.01708903312630294
50,7.982,0.01712698419896307
50,7.984,0.01716547372974983
50,7.986,0.017204453482387708
50,7.988,0.01724387756133401
50,7.99,0.017283702304671026
50,7.992,0.017323886181858893
50,7.994,0.01736438969612564
50,7.996,0.0174051752912861
50,7.998,0.017446207262787502
50,8.0,0.017487451672791993
50,8.002,0.017528876269110476
50,8.004,0.017570450407814818
50,8.006,0.017612144979361786
50,8.008000000000001,0.017653932338068282
50,8.01,0.01769578623478665
50,8.012,0.017720898136752997
50,8.014,0.017730136517577592
50,8.016,0.017724330950748275
50,8.018,0.017704273835977634
50,8.02,0.017670722056142184
50,8.022,0.01762439856500697
50,8.024000000000001,0.01756599390683187
50,8.026,0.017496167669568637
50,8.028,0.01741554987377069
50,8.03,0.017324742299592247
50,8.032,0.017224319754409634
50,8.034,0.017114831283662996
50,8.036,0.016996801327537895
50,8.038,0.016870730826079264
50,8.040000000000001,0.016737098275280346
50,8.042,0.01659636073662115
50,8.044,0.016448954802446052
50,8.046,0.016295297519487145
50,8.048,0.016135787272746675
50,8.05,0.015970804631860715
50,8.052,0.015799354364169054
50,8.054,0.015621862296889161
50,8.056000000000001,0.015438735250222695
50,8.058,0.015250361911398874
50,8.06,0.015057113673423465
50,8.062,0.014859345440690822
50,8.064,0.014657396403532195
50,8.066,0.014451590783713055
50,8.068,0.014242238552823557
50,8.07,0.014029636125464285
50,8.072000000000001,0.013814067029086139
50,8.074,0.013595802552317559
50,8.076,0.013375102373594547
50,8.078,0.013152215171908729
50,8.08,0.012927379221493887
50,8.082,0.012700822972298768
50,8.084,0.012472765618131449
50,8.086,0.012243417654417063
50,8.088000000000001,0.01201298142758615
50,8.09,0.011781651678202195
50,8.092,0.011550976817223184
50,8.094,0.011321055952044287
50,8.096,0.011091985629107648
50,8.098,0.010863860182559302
50,8.1,0.010636772090096686
50,8.102,0.010410812337969066
50,8.104000000000001,0.010186070797257833
50,8.106,0.009962636613754614
50,8.108,0.009740598613950942
50,8.11,0.009520045729881523
50,8.112,0.009301067445793976
50,8.114,0.009083754269880572
50,8.116,0.008868198234558195
50,8.118,0.008654493429064963
50,8.120000000000001,0.008442736568392279
50,8.122,0.008233027602826288
50,8.124,0.00802547037257186
50,8.126,0.007820173312079064
50,8.128,0.007617250208728129
50,8.13,0.007416821020418091
50,8.132,0.007233293086490204
50,8.134,0.007065702074342879
50,8.136000000000001,0.0069131233204203025
50,8.138,0.006774671843320132
50,8.14,0.006649502351888433
50,8.142,0.006536809200043043
50,8.144,0.006435826245103701
50,8.146,0.006345826573730246
50,8.148,0.0062661220685318805
50,8.15,0.00619606279825194
50,8.152000000000001,0.00613503622440174
50,8.154,0.006082466226642862
50,8.156,0.006037811957534492
50,8.158,0.0060005665440939085
50,8.16,0.005970255658750864
50,8.162,0.005946435985632574
50,8.164,0.005928693609810219
50,8.166,0.005916642357310421
50,8.168000000000001,0.005909922112638598
50,8.17,0.005908197138513289
50,8.172,0.005911154419785114
50,8.174,0.00591850205036466
50,8.176,0.005929967678636295
50,8.178,0.005945297023499302
50,8.18,0.005964252469979804
50,8.182,0.005986611750425247
50,8.184000000000001,0.00601216671467758
50,8.186,0.006040722190372522
50,8.188,0.0060720949326321435
50,8.19,0.006106112660901533
50,8.192,0.0061426131795051155
50,8.194,0.0061814435776301165
50,8.196,0.006222459503845953
50,8.198,0.0062655245099051534
50,8.2,0.006310509458397263
50,8.202,0.006357291988813523
50,8.204,0.006405756036683598
50,8.206,0.006455791400650448
50,8.208,0.0065072933526118424
50,8.21,0.006560162286372428
50,8.212,0.006612739210380824
50,8.214,0.006665012587781423
50,8.216,0.006716971558757287
50,8.218,0.006768605912548926
50,8.22,0.006819906060372824
50,8.222,0.006870863009228264
50,8.224,0.006921468336582537
50,8.226,0.006971714165921278
50,8.228,0.007021593143149994
50,8.23,0.007071098413832031
50,8.232,0.007120223601245246
50,8.234,0.0071689627852421535
50,8.236,0.007217310481892818
50,8.238,0.007265261623894021
50,8.24,0.007312811541723375
50,8.242,0.007359955945520042
50,8.244,0.007406690907671086
50,8.246,0.007453012846083034
50,8.248,0.007498918508118968
50,8.25,0.0075444049551801565
50,8.252,0.007591084969035063
50,8.254,0.007638871804634652
50,8.256,0.007687682977856598
50,8.258000000000001,0.007737440036749904
50,8.26,0.007788068349217755
50,8.262,0.007839496905602254
50,8.264,0.00789165813477234
50,8.266,0.007944487732461326
50,8.268,0.007997924500722862
50,8.27,0.008051910197492117
50,8.272,0.008106389395344823
50,8.274000000000001,0.008161309348645587
50,8.276,0.008216619868361245
50,8.278,0.008272273203894174
50,8.28,0.008328223931363142
50,8.282,0.008384428847817349
50,8.284,0.008440846870928082
50,8.286,0.008497438943752714
50,8.288,0.00855416794420225
50,8.290000000000001,0.008610998598893433
50,8.292,0.008667897401088913
50,8.294,0.00872483253246469
50,8.296,0.008781773788469721
50,8.298,0.008838692507064339
50,8.3,0.008895561500643068
50,8.302,0.008952354990966948
50,8.304,0.009009048546945777
50,8.306000000000001,0.009065619025121634
50,8.308,0.009122044512719916
50,8.31,0.009178304273143563
50,8.312,0.009234378693792658
50,8.314,0.009290249236105476
50,8.316,0.009345898387717416
50,8.318,0.009401309616645374
50,8.32,0.009456467327410135
50,8.322000000000001,0.009511356819011767
50,8.324,0.009565964244679983
50,8.326,0.009620276573326559
50,8.328,0.009674281552626547
50,8.33,0.009727967673662777
50,8.332,0.009781324137069057
50,8.334,0.009834340820609782
50,8.336,0.009887008248139482
50,8.338000000000001,0.009939317559883531
50,8.34,0.0099912604839887
50,8.342,0.010042829309290461
50,8.344,0.010094016859248173
50,8.346,0.010144816467000032
50,8.348,0.010195221951493387
50,8.35,0.010245227594644685
50,8.352,0.010294828119488689
50,8.354000000000001,0.010344018669275534
50,8.356,0.010392794787475948
50,8.358,0.010441152398658452
50,8.36,0.010489087790202328
50,8.362,0.010536597594809658
50,8.364,0.010583678773786827
50,8.366,0.010630328601058923
50,8.368,0.010676544647890498
50,8.370000000000001,0.01072232476828008
50,8.372,0.010767667085001001
50,8.374,0.010812569976261708
50,8.376,0.010857032062958492
50,8.378,0.01090105219649565
50,8.38,0.010944629447148968
50,8.382,0.010987763092949401
50,8.384,0.011030452609064139
50,8.386000000000001,0.01107269765765401
50,8.388,0.011114498078187107
50,8.39,0.011155853878187471
50,8.392,0.011196765224401823
50,8.394,0.011237232434364933
50,8.396,0.011277255968346516
50,8.398,0.011316836421663054
50,8.4,0.011355974517339032
50,8.402000000000001,0.01139467109910193
50,8.404,0.011432927124695222
50,8.406,0.011470743659498043
50,8.408,0.011508121870435562
50,8.41,0.011545063020167827
50,8.412,0.011583266466289243
50,8.414,0.011622643079896418
50,8.416,0.01166310806168676
50,8.418000000000001,0.011704580734869107
50,8.42,0.011746984348722293
50,8.422,0.011790245892179006
50,8.424,0.011834295916849369
50,8.426,0.01187906836894264
50,8.428,0.011924500429574698
50,8.43,0.011970532362988688
50,8.432,0.012017107372242925
50,8.434000000000001,0.012064171461951673
50,8.436,0.012111673307692326
50,8.438,0.012159564131713912
50,8.44,0.012207797584611485
50,8.442,0.012256329632645386
50,8.444,0.012305118450410943
50,8.446,0.012354124318579225
50,8.448,0.012403309526446771
50,8.45,0.012452638279049114
50,8.452,0.01250207660860958
50,8.454,0.012551592290101592
50,8.456,0.012601154760726558
50,8.458,0.012650735043109223
50,8.46,0.012700305672032126
50,8.462,0.012749840624536924
50,8.464,0.012799315253230777
50,8.466,0.012848706222644123
50,8.468,0.012897991448495625
50,8.47,0.01294715003972644
50,8.472,0.012996162243175182
50,8.474,0.013045009390767512
50,8.476,0.013093673849105838
50,8.478,0.013142138971346999
50,8.48,0.013190389051261575
50,8.482,0.013238409279376232
50,8.484,0.013286185701101459
50,8.486,0.01333370517675547
50,8.488,0.01338095534339665
50,8.49,0.013427924578383451
50,8.492,0.013474601964581761
50,8.494,0.013520977257145898
50,8.496,0.01356704085180205
50,8.498,0.013612783754565929
50,8.5,0.013658197552829082
50,8.502,0.0137032743877537
50,8.504,0.013748006927916234
50,8.506,0.013792388344141994
50,8.508000000000001,0.013836412285480354
50,8.51,0.013880072856265675
50,8.512,0.013923364594217554
50,8.514,0.013966282449533159
50,8.516,0.014008821764926231
50,8.518,0.01405097825657074
50,8.52,0.014092747995908978
50,8.522,0.01413412739228454
50,8.524000000000001,0.01417511317636319
50,8.526,0.01421570238430692
50,8.528,0.014255892342666663
50,8.53,0.014295680653961036
50,8.532,0.014336391772094037
50,8.534,0.014377948613777503
50,8.536,0.014420277787403839
50,8.538,0.014463309425789515
50,8.540000000000001,0.014506977026531412
50,8.542,0.014551217299612805
50,8.544,0.014595970021916937
50,8.546,0.014641177898321757
50,8.548,0.014686786429069839
50,8.55,0.014732743783118006
50,8.552,0.014779000677193068
50,8.554,0.014825510260287177
50,8.556000000000001,0.014872228003345667
50,8.558,0.014919111593906258
50,8.56,0.014966120835467424
50,8.562,0.015013217551367919
50,8.564,0.015060365492974475
50,8.566,0.015107530251982046
50,8.568,0.015154679176642337
50,8.57,0.015201781291741434
50,8.572000000000001,0.015248807222160377
50,8.574,0.01529572911985738
50,8.576,0.015342520594116924
50,8.578,0.015389156644921784
50,8.58,0.015435613599306291
50,8.582,0.015481869050559975
50,8.584,0.015527901800151758
50,8.586,0.015573691802255863
50,8.588000000000001,0.015619220110761682
50,8.59,0.015664468828657664
50,8.592,0.01570942105968343
50,8.594,0.01575406086214885
50,8.596,0.015798373204824225
50,8.598,0.015842343924807562
50,8.6,0.015885959687283444
50,8.602,0.01592920794708732
50,8.604000000000001,0.01597207691199473
50,8.606,0.016014555507660694
50,8.608,0.016056633344132043
50,8.61,0.01609830068386714
50,8.612,0.01613822715718766
50,8.614,0.016176479185165796
50,8.616,0.016213120311510124
50,8.618,0.016248211330715537
50,8.620000000000001,0.016281810410420195
50,8.622,0.016313973208231008
50,8.624,0.016344752983270386
50,8.626,0.016374200702683476
50,8.628,0.01640236514333595
50,8.63,0.016429292988923126
50,8.632,0.016455028922697425
50,8.634,0.01647961571601577
50,8.636000000000001,0.016503094312897607
50,8.638,0.01652550391077513
50,8.64,0.01654688203761024
50,8.642,0.016567264625543275
50,8.644,0.016586686081232198
50,8.646,0.016605179353032812
50,8.648,0.01662277599516498
50,8.65,0.016639506229000012
50,8.652000000000001,0.01665671672886283
50,8.654,0.016674360499706487
50,8.656,0.01669239279189148
50,8.658,0.01671077100074505
50,8.66,0.016729454570551573
50,8.662,0.016748404902783346
50,8.664,0.016767585268384993
50,8.666,0.01678696072393184
50,8.668000000000001,0.01680649803149814
50,8.67,0.01682616558206586
50,8.672,0.016845933322323543
50,8.674,0.01686577268470433
50,8.676,0.01688565652052157
50,8.678,0.01690555903606558
50,8.68,0.016925455731531616
50,8.682,0.016945323342654296
50,8.684000000000001,0.016965139784929657
50,8.686,0.016984884100310692
50,8.688,0.0170045364062676
50,8.69,0.017024077847108205
50,8.692,0.017045185415619644
50,8.694,0.017067752681807886
50,8.696,0.017091678185382528
50,8.698,0.017116865214898518
50,8.700000000000001,0.017143221596516236
50,8.702,0.017170659491977363
50,8.704,0.01719909520540522
50,8.706,0.01722844899855684
50,8.708,0.017258644914167426
50,8.71,0.017289610607041192
50,8.712,0.01732127718255931
50,8.714,0.017353579042284028
50,8.716,0.017386453736358654
50,8.718,0.017419841822405246
50,8.72,0.017453686730645256
50,8.722,0.017487934634969424
50,8.724,0.017522534329702296
50,8.726,0.01755743711181242
50,8.728,0.01759259666833321
50,8.73,0.017627968968765298
50,8.732,0.017663512162245727
50,8.734,0.017699186479273814
50,8.736,0.017734954137794953
50,8.738,0.01777077925345257
50,8.74,0.01780662775382335
50,8.742,0.017842467296463365
50,8.744,0.017878267190594932
50,8.746,0.017913998322276883
50,8.748,0.017949633082901786
50,8.75,0.017985145300876214
50,8.752,0.01802051017634178
50,8.754,0.018055704218802905
50,8.756,0.018090705187534084
50,8.758000000000001,0.01812549203464177
50,8.76,0.01816004485066426
50,8.762,0.018194344812598177
50,8.764,0.018228374134242206
50,8.766,0.018262116018755725
50,8.768,0.018295554613335752
50,8.77,0.018328674965914907
50,8.772,0.018361462983794395
50,8.774000000000001,0.01839390539412226
50,8.776,0.01842598970613833
50,8.778,0.01845770417510425
50,8.78,0.018489037767845995
50,8.782,0.018519980129835828
50,8.784,0.018550521553744828
50,8.786,0.018580652949402365
50,8.788,0.018610365815097413
50,8.790000000000001,0.018639652210163882
50,8.792,0.01866850472879171
50,8.794,0.018696916475009907
50,8.796,0.018724881038787385
50,8.798,0.018752392473205575
50,8.8,0.018779445272650363
50,8.802,0.01880603435198183
50,8.804,0.01883215502663579
50,8.806000000000001,0.018857802993616668
50,8.808,0.018882974313341874
50,8.81,0.01890766539229971
50,8.812,0.018914831744745474
50,8.814,0.018905352316530778
50,8.816,0.01888006678903532
50,8.818,0.018839777409966812
50,8.82,0.018785250724973813
50,8.822000000000001,0.018717219216650552
50,8.824,0.01863638285700833
50,8.826,0.018543410579024793
50,8.828,0.018438941672455626
50,8.83,0.018323587108697102
50,8.832,0.01819793079912954
50,8.834,0.018062530791038513
50,8.836,0.017917920404908364
50,8.838000000000001,0.017764609316604226
50,8.84,0.01760308458770389
50,8.842,0.017433811647008367
50,8.844,0.01725723522604458
50,8.846,0.017073780251180892
50,8.848,0.016883852694791895
50,8.85,0.01668784038775083
50,8.852,0.016486113795369555
50,8.854000000000001,0.016279026758774514
50,8.856,0.016066917203575514
50,8.858,0.015850107817569528
50,8.86,0.015628906699116443
50,8.862,0.015403607977721952
50,8.864,0.015174492408279228
50,8.866,0.014941827940333535
50,8.868,0.014705870263664747
50,8.870000000000001,0.014466863331412196
50,8.872,0.014225039861907176
50,8.874,0.013980621820322942
50,8.876,0.013733820881204917
50,8.878,0.013484838872901124
50,8.88,0.013233868204877125
50,8.882,0.012981092278868428
50,8.884,0.012726685884803395
50,8.886000000000001,0.012470815582410094
50,8.888,0.012213640069412546
50,8.89,0.011955310537221969
50,8.892,0.01169597101503604
50,8.894,0.01143575870327961
50,8.896,0.011174804297348542
50,8.898,0.010913232302669414
50,8.9,0.01065116134214373
50,8.902000000000001,0.010388704457137157
50,8.904,0.010125969403277467
50,8.906,0.00986305894246606
50,8.908,0.00960007113269321
50,8.91,0.00933709961746759
50,8.912,0.009074233916967172
50,8.914,0.008811559723381962
50,8.916,0.008549159203393268
50,8.918000000000001,0.008287111311326463
50,8.92,0.008025492117284339
50,8.922,0.007764375155555141
50,8.924,0.007503831799863194
50,8.926,0.007243931673698247
50,8.928,0.006984743106136018
50,8.93,0.0067263336464493525
50,8.932,0.006485953187017377
50,8.934000000000001,0.006262718481800583
50,8.936,0.006055784268479681
50,8.938,0.005864341725411618
50,8.94,0.0056876169796666
50,8.942,0.005524869670517382
50,8.944,0.005375391571916702
50,8.946,0.00523850527648099
50,8.948,0.005113562942344437
50,8.950000000000001,0.004999945103005545
50,8.952,0.004897059539019859
50,8.954,0.004804340209177115
50,8.956,0.004721246237712631
50,8.958,0.004647260953203163
50,8.96,0.004581890974154486
50,8.962,0.004524665335916676
50,8.964,0.004475134653497369
50,8.966,0.004432870315040631
50,8.968,0.004397463701192804
50,8.97,0.004368525426216657
50,8.972,0.0043456845974793185
50,8.974,0.00432858809077612
50,8.976,0.0043168998397838405
50,8.978,0.004310300138714248
50,8.98,0.004308484957927836
50,8.982,0.004311165272824483
50,8.984,0.004318066406754993
50,8.986,0.004328927388981462
50,8.988,0.004343500328866653
50,8.99,0.004361549807513497
50,8.992,0.004382852288019257
50,8.994,0.004407195545378724
50,8.996,0.004434378116893332
50,8.998,0.004464208773731681
50,9.0,0.004496506014065512
50,9.002,0.00453109757798462
50,9.004,0.004567819984182701
50,9.006,0.004606518088218783
50,9.008000000000001,0.004647044661993441
50,9.01,0.004689259993938953
50,9.012,0.004733031509311779
50,9.014,0.004778233409889211
50,9.016,0.0048247463323100774
50,9.018,0.004872457024256592
50,9.02,0.004921258037654189
50,9.022,0.00497104743805548
50,9.024000000000001,0.005021728529384052
50,9.026,0.005073209593222061
50,9.028,0.005125403641857079
50,9.03,0.005178228184322975
50,9.032,0.005231605004708005
50,9.034,0.0052854599520365175
50,9.036,0.005339722741062588
50,9.038,0.0053943267633561115
50,9.040000000000001,0.005449208908094803
50,9.042,0.005504309392007877
50,9.044,0.005559571597955806
50,9.046,0.0056149419216607755
50,9.048,0.005670369626130412
50,9.05,0.00572580670335096
50,9.052,0.005781207742849327
50,9.054,0.00583652980675006
50,9.056000000000001,0.0058917323109765355
50,9.058,0.005946776912268972
50,9.06,0.006001627400709168
50,9.062,0.006056249597464947
50,9.064,0.006110611257479845
50,9.066,0.006164681976855476
50,9.068,0.00621843310468351
50,9.07,0.006271837659103467
50,9.072000000000001,0.006324870247369733
50,9.074,0.0063775069897309316
50,9.076,0.006429725446927462
50,9.078,0.006481504551130744
50,9.08,0.006532824540153083
50,9.082,0.0065836668947684305
50,9.084,0.006634014278991885
50,9.086,0.006683850483173938
50,9.088000000000001,0.0067331603697746234
50,9.09,0.0067819298216849596
50,9.092,0.006828838413978037
50,9.094,0.006873947175758416
50,9.096,0.006917314587914143
50,9.098,0.006958996696140356
50,9.1,0.006999047219014231
50,9.102,0.0070375176513114085
50,9.104000000000001,0.007074457362746185
50,9.106,0.0071099136923207604
50,9.108,0.007143932038461529
50,9.11,0.007176555945119622
50,9.112,0.00720782718400466
50,9.114,0.007237785833119642
50,9.116,0.00726647035175488
50,9.118,0.007293917652098171
50,9.120000000000001,0.007320163167609274
50,9.122,0.007345240918301598
50,9.124,0.007369183573070691
50,9.126,0.0073920225092009555
50,9.128,0.00741378786917692
50,9.13,0.007434508614922946
50,9.132,0.007455514900536348
50,9.134,0.0074767608915374895
50,9.136000000000001,0.0074982031075232795
50,9.138,0.0075198003123200735
50,9.14,0.00754151340929835
50,9.142,0.007563305341601631
50,9.144,0.0075851409970514585
50,9.146,0.007606987117505095
50,9.148,0.007628812212449626
50,9.15,0.007650586476629941
50,9.152000000000001,0.007672281711517595
50,9.154,0.007693871250434945
50,9.156,0.007715329887160819
50,9.158,0.007736633807851855
50,9.16,0.0077577605261193545
50,9.162,0.007778688821114442
50,9.164,0.007799398678476111
50,9.166,0.00781987123400867
50,9.168000000000001,0.007840088719957677
50,9.17,0.007860034413763454
50,9.172,0.007881299158781592
50,9.174,0.007903782825122552
50,9.176,0.007927390155129254
50,9.178,0.007952030534277144
50,9.18,0.007977617773126906
50,9.182,0.008004069899799545
50,9.184000000000001,0.008031308962465082
50,9.186,0.008059260841354146
50,9.188,0.008087855069822179
50,9.19,0.00811702466401705
50,9.192,0.008146705960720606
50,9.194,0.008176838462956183
50,9.196,0.008207364692969312
50,9.198,0.00823823005221679
50,9.200000000000001,0.008269382688007167
50,9.202,0.008300773366463513
50,9.204,0.008332355351487382
50,9.206,0.008364084289430295
50,9.208,0.008395918099181733
50,9.21,0.008427816867410622
50,9.212,0.008458454183066557
50,9.214,0.00848786471217302
50,9.216000000000001,0.008516081783735956
50,9.218,0.008543137446999843
50,9.22,0.008569062526212033
50,9.222,0.00859388667299754
50,9.224,0.008617638416445295
50,9.226,0.00864034521100357
50,9.228,0.008662033482277752
50,9.23,0.008682728670820773
50,9.232,0.008702455274002957
50,9.234,0.008721236886044259
50,9.236,0.008739096236289092
50,9.238,0.008756055225800984
50,9.24,0.008772134962349187
50,9.242,0.00878735579385967
50,9.244,0.00880173734039685
50,9.246,0.00881529852474055
50,9.248,0.008828057601621706
50,9.25,0.008840032185674064
50,9.252,0.008854089634081552
50,9.254,0.008870094678009673
50,9.256,0.008887918442262872
50,9.258000000000001,0.00890743814672425
50,9.26,0.00892853682220897
50,9.262,0.008951103040067757
50,9.264,0.00897503065489094
50,9.266,0.00900021855968262
50,9.268,0.009026570452894908
50,9.27,0.009053994616732184
50,9.272,0.009082403706161995
50,9.274000000000001,0.009111714548091237
50,9.276,0.009141847950188808
50,9.278,0.00917272851886375
50,9.28,0.009204284485929465
50,9.282,0.00923644754350821
50,9.284,0.009269152686755615
50,9.286,0.009302338064002323
50,9.288,0.009335944833937232
50,9.290000000000001,0.009369917029472105
50,9.292,0.009404201427950521
50,9.294,0.009438747427379634
50,9.296,0.00947350692838567
50,9.298,0.0095084342216037
50,9.3,0.009543485880235894
50,9.302,0.009578620657521013
50,9.304,0.009613799388875246
50,9.306000000000001,0.009648984898476856
50,9.308,0.009684141910081243
50,9.31,0.009719236961858552
50,9.312,0.009754238325066986
50,9.314,0.009789115926374685
50,9.316,0.009823841273661498
50,9.318,0.009858387385134601
50,9.32,0.009892728721603364
50,9.322000000000001,0.009926841121767982
50,9.324,0.009960701740381089
50,9.326,0.009994288989149528
50,9.328,0.010027582480252544
50,9.33,0.010060562972355037
50,9.332,0.010093212319002363
50,9.334,0.010125513419291287
50,9.336,0.010157450170709535
50,9.338000000000001,0.010189007424052317
50,9.34,0.010220170940316717
50,9.342,0.010250927349489455
50,9.344,0.010281264111142068
50,9.346,0.010311169476752648
50,9.348,0.010340632453678058
50,9.35,0.010369642770703728
50,9.352,0.010398190845100002
50,9.354000000000001,0.010426267751120114
50,9.356,0.010453865189874267
50,9.358,0.01048097546052187
50,9.36,0.010507591432721338
50,9.362,0.010533706520283504
50,9.364,0.01055931465597692
50,9.366,0.010584410267431366
50,9.368,0.010608988254096147
50,9.370000000000001,0.010633043965202307
50,9.372,0.010656573178689092
50,9.374,0.010679572081048833
50,9.376,0.010702037248053936
50,9.378,0.010723965626324548
50,9.38,0.010745354515701881
50,9.382,0.010766201552391714
50,9.384,0.010786504692844544
50,9.386000000000001,0.010806262198340848
50,9.388,0.010825472620250241
50,9.39,0.01084413478593501
50,9.392,0.010862247785272287
50,9.394,0.010879810957764312
50,9.396,0.010896823880214582
50,9.398,0.010913286354944127
50,9.4,0.010929198398524057
50,9.402000000000001,0.010944560231002945
50,9.404,0.010959372265607248
50,9.406,0.010973635098894366
50,9.408,0.010987349501337928
50,9.41,0.011000516408328819
50,9.412,0.011014671804958333
50,9.414,0.011029739100573754
50,9.416,0.01104564526115578
50,9.418000000000001,0.011062320652904
50,9.42,0.011079698892798848
50,9.422,0.011097716705818484
50,9.424,0.011116313788511517
50,9.426,0.01113543267863012
50,9.428,0.011155018630550292
50,9.43,0.011175019496211625
50,9.432,0.011195385611324507
50,9.434000000000001,0.011216069686606
50,9.436,0.011237026703811697
50,9.438,0.011258213816346535
50,9.44,0.011279590254245266
50,9.442,0.011301117233325714
50,9.444,0.011322757868322245
50,9.446,0.011344477089822502
50,9.448,0.011366241564833148
50,9.450000000000001,0.011388019620812926
50,9.452,0.011409781173015818
50,9.454,0.011431497654995721
50,9.456,0.011453141952133103
50,9.458,0.011474688338045397
50,9.46,0.011496112413755595
50,9.462,0.011517391049495902
50,9.464,0.011538502329026918
50,9.466000000000001,0.011559425496366169
50,9.468,0.011580140904813838
50,9.47,0.011600629968179019
50,9.472,0.011620875114107278
50,9.474,0.011640859739418289
50,9.476,0.01166056816736522
50,9.478,0.011679985606731991
50,9.48,0.011699098112687477
50,9.482,0.011717892549321832
50,9.484,0.01173635655378974
50,9.486,0.011754478501992042
50,9.488,0.011772247475729075
50,9.49,0.01178965323126098
50,9.492,0.011808190072297305
50,9.494,0.011827773820719225
50,9.496,0.011848324146649368
50,9.498,0.011869764401592962
50,9.5,0.011892021458922888
50,9.502,0.011915025561375065
50,9.504,0.011938710175239444
50,9.506,0.011963011850941535
50,9.508000000000001,0.011987870089727784
50,9.51,0.012013227216176557
50,9.512,0.012039028256272228
50,9.514,0.012065220820791062
50,9.516,0.012091754993757566
50,9.518,0.012118583225746394
50,9.52,0.012145660231807473
50,9.522,0.012172942893809293
50,9.524000000000001,0.012200390167003665
50,9.526,0.01222796299061972
50,9.528,0.012255624202310366
50,9.53,0.012283338456279512
50,9.532,0.012311072144925344
50,9.534,0.012338793323846069
50,9.536,0.012366471640057912
50,9.538,0.012394078263284704
50,9.540000000000001,0.012421585820185235
50,9.542,0.01244896833138686
50,9.544,0.012476201151205823
50,9.546,0.012503260909934871
50,9.548,0.01253012545858812
50,9.55,0.012556773815994415
50,9.552,0.012583186118139906
50,9.554,0.012609343569659757
50,9.556000000000001,0.01263522839738996
50,9.558,0.012660823805885714
50,9.56,0.012686113934826467
50,9.562,0.012711083818223091
50,9.564,0.01273571934535214
50,9.566,0.01276000722334212
50,9.568,0.012783934941341647
50,9.57,0.01280749073620145
50,9.572000000000001,0.012830663559606584
50,9.574,0.012853443046596672
50,9.576,0.012875819485413853
50,9.578,0.012897783788625225
50,9.58,0.012919327465461698
50,9.582,0.012940442595325053
50,9.584,0.01296112180241276
50,9.586,0.012981358231410807
50,9.588000000000001,0.013001145524214138
50,9.59,0.013020477797627028
50,9.592,0.013039349622003924
50,9.594,0.013057756000791797
50,9.596,0.013075692350933404
50,9.598,0.013093154484098625
50,9.6,0.013110138588706393
50,9.602,0.013126641212704853
50,9.604000000000001,0.013142659247078203
50,9.606,0.013158189910049587
50,9.608,0.01317323073194955
50,9.61,0.01318777954072533
50,9.612,0.013201834448059327
50,9.614,0.013215393836076644
50,9.616,0.01322845634461194
50,9.618,0.013241020859016147
50,9.620000000000001,0.013253086498478079
50,9.622,0.01326465260484041
50,9.624,0.013275718731888854
50,9.626,0.013286284635095815
50,9.628,0.013296350261796994
50,9.63,0.013305915741786979
50,9.632,0.013314981378311778
50,9.634,0.01332354763944554
50,9.636000000000001,0.013331615149832757
50,9.638,0.01333918468278233
50,9.64,0.013346257152697502
50,9.642,0.013352833607830196
50,9.644,0.013358915223341875
50,9.646,0.013364503294663457
50,9.648,0.013369599231137159
50,9.65,0.013374204549930956
50,9.652000000000001,0.01337979803412708
50,9.654,0.013386309018283455
50,9.656,0.0133936699775822
50,9.658,0.013401816396755166
50,9.66,0.013410686644460337
50,9.662,0.013420221852882188
50,9.664,0.013430365802339691
50,9.666,0.013441064810690004
50,9.668000000000001,0.013452267627332025
50,9.67,0.013463925331612107
50,9.672,0.013475991235452288
50,9.674,0.01348842079002141
50,9.676,0.013501171496281569
50,9.678,0.013514202819244451
50,9.68,0.013527476105787566
50,9.682,0.013540954505874886
50,9.684000000000001,0.01355460289704397
50,9.686,0.013568387812021429
50,9.688,0.01358227736933454
50,9.69,0.013596241206796202
50,9.692,0.013610250417740088
50,9.694,0.013624277489894598
50,9.696,0.013638296246782198
50,9.698,0.013652281791540382
50,9.700000000000001,0.013666210453064254
50,9.702,0.013680059734370816
50,9.704,0.013693808263096767
50,9.706,0.013707435744037048
50,9.708,0.013720922913641584
50,9.71,0.013734251496389023
50,9.712,0.013747404162957956
50,9.714,0.013760364490122148
50,9.716000000000001,0.013773116922298748
50,9.718,0.01378564673467936
50,9.72,0.013797939997880933
50,9.722,0.013809983544050249
50,9.724,0.013821764934365625
50,9.726,0.013833272427875519
50,9.728,0.013844494951619242
50,9.73,0.013855422071977593
50,9.732,0.013866043967203269
50,9.734,0.01387635140107953
50,9.736,0.013886335697664329
50,9.738,0.013895988717073138
50,9.74,0.01390530283225699
50,9.742,0.013914270906737422
50,9.744,0.013922886273257565
50,9.746,0.013931142713309272
50,9.748,0.013939034437505746
50,9.75,0.013946556066760197
50,9.752,0.013953702614239257
50,9.754,0.013960469468060044
50,9.756,0.013966852374698621
50,9.758000000000001,0.013972847423083253
50,9.76,0.013978451029340908
50,9.762,0.013983659922174225
50,9.764,0.01398847112883967
50,9.766,0.013992881961704487
50,9.768,0.013996890005358462
50,9.77,0.014000493104256391
50,9.772,0.014003689350871767
50,9.774000000000001,0.014006477074338617
50,9.776,0.01400885482956353
50,9.778,0.014010821386787126
50,9.78,0.014012375721577618
50,9.782,0.014013517005238106
50,9.784,0.014014244595611956
50,9.786,0.014014558028267588
50,9.788,0.01401445700805107
50,9.790000000000001,0.014013941400987192
50,9.792,0.014013011226517843
50,9.794,0.014011666650063368
50,9.796,0.014009907975892936
50,9.798,0.014007735640291378
50,9.8,0.014005150205012154
50,9.802,0.014002152351002602
50,9.804,0.013998742872391121
50,9.806000000000001,0.013994922670726861
50,9.808,0.01399069274945989
50,9.81,0.013986054208652688
50,9.812,0.013982457946007394
50,9.814,0.013979835378322526
50,9.816,0.013978120885501787
50,9.818,0.013977251690405016
50,9.82,0.013977167743511782
50,9.822000000000001,0.013977811612208589
50,9.824,0.013979128374514314
50,9.826,0.013981065517069449
50,9.828,0.013983572837220236
50,9.83,0.013986602349032035
50,9.832,0.013990108193079371
50,9.834,0.013994046549857744
50,9.836,0.01399837555667481
50,9.838000000000001,0.014003055227881454
50,9.84,0.014008047378308484
50,9.842,0.014013315549779873
50,9.844,0.014018824940581561
50,9.846,0.014024542337763742
50,9.848,0.014030436052165701
50,9.85,0.014036475856052666
50,9.852,0.0140438463406413
50,9.854000000000001,0.014052457756123004
50,9.856,0.014062224207396069
50,9.858,0.014073063499501728
50,9.86,0.014084896989181236
50,9.862,0.014097649442310433
50,9.864,0.014111248896986686
50,9.866,0.014125626532039644
50,9.868,0.014140716540757112
50,9.870000000000001,0.014156456009617875
50,9.872,0.014172784801835413
50,9.874,0.014189645445522005
50,9.876,0.014206983026291456
50,9.878,0.014224745084124522
50,9.88,0.014242881514329115
50,9.882,0.014261344472433934
50,9.884,0.014280088282859075
50,9.886000000000001,0.0142990693512149
50,9.888,0.014318246080086548
50,9.89,0.014337578788163993
50,9.892,0.014355819089599904
50,9.894,0.014372992822790384
50,9.896,0.014389124969610513
50,9.898,0.014404239687922331
50,9.9,0.014418360342788235
50,9.902000000000001,0.014431509536442922
50,9.904,0.014443709137074268
50,9.906,0.014454980306461813
50,9.908,0.014465343526519061
50,9.91,0.014474818624784279
50,9.912,0.014483424798903
50,9.914,0.014491180640142745
50,9.916,0.01449810415597804
50,9.918000000000001,0.01450421279178719
50,9.92,0.01450952345169156
50,9.922,0.01451405251857655
50,9.924,0.014517815873324746
50,9.926,0.014520828913294436
50,9.928,0.014523106570073378
50,9.93,0.014524663326536515
50,9.932,0.0145281420564723
50,9.934000000000001,0.014533427172823144
50,9.936,0.01454040795576415
50,9.938,0.014548978359915494
50,9.94,0.014559036829036082
50,9.942,0.014570486117916235
50,9.944,0.014583233121203177
50,9.946,0.014597188708895183
50,9.948,0.014612267568253273
50,9.950000000000001,0.014628388051887656
50,9.952,0.014645472031781877
50,9.954,0.014663444759029922
50,9.956,0.01468223472906586
50,9.958,0.01470177355217612
50,9.96,0.014721995829091616
50,9.962,0.014742839031461237
50,9.964,0.014764243387022681
50,9.966000000000001,0.014786151769284163
50,9.968,0.014808509591545801
50,9.97,0.014831264705090033
50,9.972,0.014854367301380306
50,9.974,0.014877769818111439
50,9.976,0.014901426848963017
50,9.978,0.014925295056908284
50,9.98,0.014949333090943928
50,9.982000000000001,0.01497350150610394
50,9.984,0.014997762686630556
50,9.986,0.015022080772178396
50,9.988,0.015046421586933423
50,9.99,0.01507075257153154
50,9.992,0.015095042717668447
50,9.994,0.015119262505293595
50,9.996,0.015143383842288437
50,9.998,0.015167380006529731
50,10.0,0.015191225590245074
50,10.002,0.015214896446571197
50,10.004,0.01523836963822654
50,10.006,0.01526162338821613
50,10.008000000000001,0.015284637032489239
50,10.01,0.015307390974470909
50,10.012,0.015328664813784544
50,10.014,0.015348501710539341
50,10.016,0.015366943294195565
50,10.018,0.015384029722193994
50,10.02,0.01539979973625068
50,10.022,0.0154142907164152
50,10.024000000000001,0.01542753873298413
50,10.026,0.015439578596358097
50,10.028,0.015450443904925138
50,10.03,0.015460167091053776
50,10.032,0.015468779465269542
50,10.034,0.01547631125869352
50,10.036,0.01548279166380862
50,10.038,0.015488248873625182
50,10.040000000000001,0.015492710119310102
50,10.042,0.015496201706339526
50,10.044,0.015498749049238392
50,10.046,0.015500376704960728
50,10.048,0.015501108404967278
50,10.05,0.015500967086051433
50,10.052,0.01550117437331868
50,10.054,0.015501691305349952
50,10.056000000000001,0.015502480650066803
50,10.058,0.015503506836500244
50,10.06,0.015504735889195908
50,10.062,0.015506135365155537
50,10.064,0.015507674293217703
50,10.066,0.015509323115785728
50,10.068,0.015511053632810495
50,10.07,0.015512838947944767
50,10.072000000000001,0.01551465341678475
50,10.074,0.015516472597117104
50,10.076,0.015518273201097601
50,10.078,0.01552003304928497
50,10.08,0.015521731026458523
50,10.082,0.015523347039153455
50,10.084,0.01552486197484415
50,10.086,0.015526257662714532
50,10.088000000000001,0.015527516835954375
50,10.09,0.015528623095520293
50,10.092,0.015530951211919376
50,10.094,0.015534421212215583
50,10.096,0.015538956489428145
50,10.098,0.01554448367124589
50,10.1,0.015550932493746138
50,10.102,0.01555823567993476
50,10.104000000000001,0.015566328822930185
50,10.106,0.015575150273617566
50,10.108,0.015584641032608808
50,10.11,0.015594744646346867
50,10.112,0.015605407107199204
50,10.114,0.015616576757391545
50,10.116,0.015628204196637727
50,10.118,0.015640242193324414
50,10.120000000000001,0.01565264559912021
50,10.122,0.01566537126687541
50,10.124,0.015678377971690798
50,10.126,0.015691626335033588
50,10.128,0.01570507875178484
50,10.13,0.015718699320107707
50,10.132,0.01573245377402698
50,10.134,0.015746309418617578
50,10.136000000000001,0.015760235067703174
50,10.138,0.015774200983966154
50,10.14,0.015788178821378816
50,10.142,0.015802141569866115
50,10.144,0.01581606350211332
50,10.146,0.015829920122437485
50,10.148,0.015843688117642505
50,10.15,0.01585734530978129
50,10.152000000000001,0.015870870610752343
50,10.154,0.015884243978659097
50,10.156,0.015897446375864484
50,10.158,0.015910459728675996
50,10.16,0.015923266888596067
50,10.162,0.01593585159508032
50,10.164,0.01594819843974296
50,10.166,0.0159602928319546
50,10.168000000000001,0.015972120965778012
50,10.17,0.01598366978819089
50,10.172,0.0159949269685446
50,10.174,0.01600588086921324
50,10.176,0.016016520517382754
50,10.178,0.016026835577942315
50,10.18,0.016036816327428257
50,10.182,0.016046453628985727
50,10.184000000000001,0.016055738908304282
50,10.186,0.016064664130493556
50,10.188,0.0160732217778579
50,10.19,0.016081404828541077
50,10.192,0.016089206736001033
50,10.194,0.016096621409288275
50,10.196,0.016103643194092184
50,10.198,0.01611026685452836
50,10.200000000000001,0.016116487555637493
50,10.202,0.01612230084656772
50,10.204,0.016127702644414925
50,10.206,0.016132689218694568
50,10.208,0.016137257176420564
50,10.21,0.01614140344777001
50,10.212,0.016146485083829702
50,10.214,0.01615243650111382
50,10.216000000000001,0.01615919488196163
50,10.218,0.016166700067578865
50,10.22,0.016174894455121505
50,10.222,0.016183722898674428
50,10.224,0.01619313261398069
50,10.226,0.01620307308678431
50,10.228,0.016213495984651945
50,10.23,0.016224355072144647
50,10.232000000000001,0.016235606129215662
50,10.234,0.016247206872713308
50,10.236,0.01625911688087309
50,10.238,0.016271297520688045
50,10.24,0.01628371187804795
50,10.242,0.016296324690544872
50,10.244,0.01630910228284416
50,10.246,0.01632201250452312
50,10.248,0.0163350246702866
50,10.25,0.016348109502467678
50,10.252,0.01636123907572773
50,10.254,0.01637438676387302
50,10.256,0.016387527188706896
50,10.258000000000001,0.01640063617084044
50,10.26,0.01641369068238819
50,10.262,0.016426668801475565
50,10.264,0.01643954966849046
50,10.266,0.016452313444012347
50,10.268,0.01646494126835479
50,10.27,0.016477415222659726
50,10.272,0.01648971829148463
50,10.274000000000001,0.016501834326826028
50,10.276,0.016513748013523774
50,10.278,0.016525444835993146
50,10.28,0.016536911046236284
50,10.282,0.01654813363308029
50,10.284,0.01655910029259905
50,10.286,0.016569799399671535
50,10.288,0.016580219980631604
50,10.290000000000001,0.016590351686972482
50,10.292,0.016600184770060002
50,10.294,0.016609710056819025
50,10.296,0.016618918926356654
50,10.298,0.01662780328748318
50,10.3,0.016636355557099965
50,10.302,0.016644568639418614
50,10.304,0.0166524359059806
50,10.306000000000001,0.016659951176447432
50,10.308,0.016667108700130065
50,10.31,0.016673903138231097
50,10.312,0.016680329546771445
50,10.314,0.016686383360176093
50,10.316,0.016692060375492725
50,10.318,0.016697356737220302
50,10.32,0.01670226892272257
50,10.322000000000001,0.016706793728206673
50,10.324,0.016710928255242334
50,10.326,0.01671466989780329
50,10.328,0.016718016329809997
50,10.33,0.01672096549315442
50,10.332,0.01670705639367513
50,10.334,0.016677050699688223
50,10.336,0.016631681475670256
50,10.338000000000001,0.0165716542903336
50,10.34,0.016497648283537055
50,10.342,0.016410317193512783
50,10.344,0.01631029034603281
50,10.346,0.016198173607223545
50,10.348,0.01607455030179198
50,10.35,0.015939982098457286
50,10.352,0.01579500986439663
50,10.354000000000001,0.01564015449052004
50,10.356,0.01547591768939576
50,10.358,0.015302782767652049
50,10.36,0.015121215374694002
50,10.362,0.01493166422959543
50,10.364,0.014734561828054788
50,10.366,0.014530325131355716
50,10.368,0.014319356239331615
50,10.370000000000001,0.014102043049427995
50,10.372,0.013896475833729102
50,10.374,0.013702166789906522
50,10.376,0.013518645995027162
50,10.378,0.013345460829664885
50,10.38,0.01318217541717132
50,10.382,0.01302837007772285
50,10.384,0.012883640796774664
50,10.386000000000001,0.012747598707560889
50,10.388,0.012619869587294578
50,10.39,0.012500093366740248
50,10.392,0.012387923652852236
50,10.394,0.01228302726418833
50,10.396,0.012185083778834005
50,10.398,0.012093785094588846
50,10.4,0.012008835001185615
50,10.402000000000001,0.011929948764331379
50,10.404,0.011856852721372156
50,10.406,0.011789283888395355
50,10.408,0.011726989578597347
50,10.41,0.011669727031745092
50,10.412,0.0116172630545721
50,10.414,0.011569373671945216
50,10.416,0.011525843788647157
50,10.418000000000001,0.011486466861609536
50,10.42,0.011451044582436913
50,10.422,0.011419386570052533
50,10.424,0.011391310073294659
50,10.426,0.011366639683285057
50,10.428,0.011345207055387704
50,10.43,0.01132685064056502
50,10.432,0.011311415425939561
50,10.434000000000001,0.011298752684356005
50,10.436,0.011288719732739323
50,10.438,0.01128117969903381
50,10.44,0.01127600129751164
50,10.442,0.011273058612225937
50,10.444,0.011272230888389797
50,10.446,0.011273402331455552
50,10.448,0.011276461913668464
50,10.450000000000001,0.011281303187869404
50,10.452,0.0112866321452137
50,10.454,0.011292408971595315
50,10.456,0.011298595586324425
50,10.458,0.011305155573761888
50,10.46,0.011312054117594611
50,10.462,0.011319257937649105
50,10.464,0.011326735229150137
50,10.466000000000001,0.011334455604332147
50,10.468,0.011342390036314065
50,10.47,0.011350510805151724
50,10.472,0.011358791445985806
50,10.474,0.011367206699203693
50,10.476,0.011375732462539142
50,10.478,0.011384345745035402
50,10.48,0.011393024622798809
50,10.482000000000001,0.011401748196475861
50,10.484,0.011410496550384251
50,10.486,0.011419250713237128
50,10.488,0.01142799262039531
50,10.49,0.01143670507759142
50,10.492,0.011445371726066154
50,10.494,0.011453977009063147
50,10.496,0.011462506139628346
50,10.498,0.01147094506966529
50,10.5,0.011479280460194072
50,10.502,0.01148749965276982
50,10.504,0.011495590642014159
50,10.506,0.011503542049216138
50,10.508000000000001,0.011511343096961904
50,10.51,0.011518983584750786
50,10.512,0.011526453865562713
50,10.514,0.01153374482333568
50,10.516,0.011540847851321744
50,10.518,0.011547754831284235
50,10.52,0.011554458113504938
50,10.522,0.011560950497569347
50,10.524000000000001,0.01156722521389953
50,10.526,0.011573275906005433
50,10.528,0.011579096613426543
50,10.53,0.011584681755338016
50,10.532,0.011590026114793513
50,10.534,0.011595124823581986
50,10.536,0.011599973347673145
50,10.538,0.011604567473229061
50,10.540000000000001,0.011608903293161053
50,10.542,0.011612977194208786
50,10.544,0.01161678584452198
50,10.546,0.011620326181727125
50,10.548,0.011623595401456856
50,10.55,0.011626590946327687
50,10.552,0.01162931049534595
50,10.554,0.011631751953727069
50,10.556000000000001,0.011633913443111484
50,10.558,0.011635793292162265
50,10.56,0.011637390027529206
50,10.562,0.011638702365165381
50,10.564,0.011639729201983204
50,10.566,0.011640469607836226
50,10.568,0.011640922817814063
50,10.57,0.011641088224838475
50,10.572000000000001,0.011642149538067114
50,10.574,0.011644049744837405
50,10.576,0.011646734189548716
50,10.578,0.011650150482753767
50,10.58,0.01165424841378784
50,10.582,0.011658979866796154
50,10.584,0.0116642987400243
50,10.586,0.01167016086824143
50,10.588000000000001,0.01167652394817347
50,10.59,0.01168334746682435
50,10.592,0.011690592632571132
50,10.594,0.011698222308922328
50,10.596,0.01170620095083314
50,10.598,0.011714494543476369
50,10.6,0.011723070543370087
50,10.602,0.011731897821768702
50,10.604000000000001,0.011740946610228956
50,10.606,0.01175018844826299
50,10.608,0.011759596132994956
50,10.61,0.01176914367074567
50,10.612,0.011780070482073596
50,10.614,0.011792295013117578
50,10.616,0.011805739046284123
50,10.618,0.01182032757001347
50,10.620000000000001,0.011835988653758569
50,10.622,0.011852653327967496
50,10.624,0.01187025546886357
50,10.626,0.011888731687829624
50,10.628,0.011908021225203347
50,10.63,0.011928065848303863
50,10.632,0.011948809753511357
50,10.634,0.011970199472233394
50,10.636000000000001,0.011992183780594492
50,10.638,0.012014713612692551
50,10.64,0.01203774197727623
50,10.642,0.012061223877698042
50,10.644,0.012085116235007512
50,10.646,0.012109377814054278
50,10.648,0.01213396915247547
50,10.65,0.01215885249244864
50,10.652000000000001,0.012182808361557954
50,10.654,0.012205858303746714
50,10.656,0.012228023219766399
50,10.658,0.012249323389325982
50,10.66,0.01226977849244558
50,10.662,0.012289407630045062
50,10.664,0.012308229343793022
50,10.666,0.012326261635242596
50,10.668000000000001,0.012343521984280917
50,10.67,0.012360027366914921
50,10.672,0.012375794272418372
50,10.674,0.012390838719863306
50,10.676,0.0124051762740565
50,10.678,0.012418822060905289
50,10.68,0.012431790782229639
50,10.682,0.01244409673004385
50,10.684000000000001,0.012455753800325304
50,10.686,0.01246677550628917
50,10.688,0.01247717499118738
50,10.69,0.012486965040648777
50,10.692,0.01249615809457717
50,10.694,0.012504766258624194
50,10.696,0.012512801315250585
50,10.698,0.012520274734393025
50,10.700000000000001,0.01252719768374984
50,10.702,0.012533581038698897
50,10.704,0.012539435391862657
50,10.706,0.01254477106233196
50,10.708,0.012549598104561093
50,10.71,0.012553926316947621
50,10.712,0.012557765250105834
50,10.714,0.01256112421484754
50,10.716000000000001,0.012564012289879706
50,10.718,0.012566438329228788
50,10.72,0.012568410969403067
50,10.722,0.012569938636301617
50,10.724,0.012571029551878837
50,10.726,0.012571691740574778
50,10.728,0.012571933035518627
50,10.73,0.012571761084513302
50,10.732000000000001,0.012572364996150361
50,10.734,0.012573696276922123
50,10.736,0.01257570839569261
50,10.738,0.012578356709813414
50,10.74,0.012581598394051022
50,10.742,0.012585392372216106
50,10.744,0.012589699251387022
50,10.746,0.012594481258624952
50,10.748000000000001,0.012599702180084143
50,10.75,0.01260532730242124
50,10.752,0.012611323356413993
50,10.754,0.01261765846270291
50,10.756,0.012624302079572713
50,10.758000000000001,0.012631224952693459
50,10.76,0.012638399066745068
50,10.762,0.012645797598852707
50,10.764,0.012653394873761756
50,10.766,0.01266116632068523
50,10.768,0.012669088431760454
50,10.77,0.012677138722050705
50,10.772,0.012686540939563184
50,10.774000000000001,0.012697218646855789
50,10.776,0.012709098456178916
50,10.778,0.012722109913523221
50,10.78,0.012736185387196883
50,10.782,0.012751259960752898
50,10.784,0.012767271330087216
50,10.786,0.01278415970453861
50,10.788,0.012801867711827588
50,10.790000000000001,0.012820340306676321
50,10.792,0.012839524682959987
50,10.794,0.012859370189244513
50,10.796,0.012879828247572337
50,10.798,0.012900852275363806
50,10.8,0.012922397610307616
50,10.802,0.012944421438117137
50,10.804,0.012966882723038411
50,10.806000000000001,0.012989742140997702
50,10.808,0.013012962015281572
50,10.81,0.013036506254648507
50,10.812,0.013059157066066841
50,10.814,0.013080936927394673
50,10.816,0.013101867633275149
50,10.818,0.01312197031844145
50,10.82,0.013141265480202086
50,10.822000000000001,0.013159773000133046
50,10.824,0.013177512165006141
50,10.826,0.013194501686978331
50,10.828,0.013210759723069175
50,10.83,0.013226303893950271
50,10.832,0.013241151302071591
50,10.834,0.01325531854914743
50,10.836,0.013268821753024986
50,10.838000000000001,0.01328167656395644
50,10.84,0.013293898180297688
50,10.842,0.013305501363650907
50,10.844,0.01331650045347398
50,10.846,0.013326909381172758
50,10.848,0.01333674168369724
50,10.85,0.013346010516657148
50,10.852,0.013355911380388892
50,10.854000000000001,0.013366401182764977
50,10.856,0.013377438575134189
50,10.858,0.013388983887637967
50,10.86,0.013400999066938197
50,10.862,0.013413447616259788
50,10.864,0.013426294537661377
50,10.866,0.013439506276445431
50,10.868,0.013453050667625867
50,10.870000000000001,0.01346689688437511
50,10.872,0.013481015388371828
50,10.874,0.01349537788197934
50,10.876,0.01350995726218303
50,10.878,0.013524727576220294
50,10.88,0.013539663978838401
50,10.882,0.013554742691119344
50,10.884,0.013569940960811258
50,10.886000000000001,0.01358523702411127
50,10.888,0.01360061006884357
50,10.89,0.013616040198981454
50,10.892,0.013632739574854596
50,10.894,0.013650635493650259
50,10.896,0.013669658124210471
50,10.898,0.013689740400041945
50,10.9,0.013710817916392374
50,10.902000000000001,0.013732828831232224
50,10.904,0.013755713769984657
50,10.906,0.013779415733855825
50,10.908,0.013803880011622693
50,10.91,0.013829054094739135
50,10.912,0.013854887595630184
50,10.914,0.01388133216904747
50,10.916,0.013908341436364347
50,10.918000000000001,0.01393587091269623
50,10.92,0.0139638779367325
50,10.922,0.013992321603176917
50,10.924,0.01402116269769122
50,10.926,0.014050363634247002
50,10.928,0.014079888394791167
50,10.93,0.014109702471135972
50,10.932,0.014139772808985903
50,10.934000000000001,0.01417006775402386
50,10.936,0.014200556999972863
50,10.938,0.01423121153856049
50,10.94,0.014262003611314177
50,10.942,0.014292906663116287
50,10.944,0.014323895297454238
50,10.946,0.014354945233300788
50,10.948,0.014386033263563703
50,10.950000000000001,0.014417137215047211
50,10.952,0.01444823590986614
50,10.954,0.014479309128262733
50,10.956,0.014510337572770503
50,10.958,0.014541302833677234
50,10.96,0.014572187355739634
50,10.962,0.014602974406101957
50,10.964,0.01463364804337589
50,10.966000000000001,0.014664193087838557
50,10.968,0.014694595092708138
50,10.97,0.014724840316457145
50,10.972,0.014754915696126917
50,10.974,0.01478480882160486
50,10.976,0.014814507910832305
50,10.978,0.014844001785906186
50,10.98,0.014873279850045027
50,10.982000000000001,0.014902332065386562
50,10.984,0.014931148931586227
50,10.986,0.014959721465189969
50,10.988,0.014988041179751494
50,10.99,0.015016100066667894
50,10.992,0.015043890576708146
50,10.994,0.015071405602209138
50,10.996,0.015098638459915029
50,10.998000000000001,0.01512558287443835
50,11.0,0.015152232962318483
50,11.002,0.015178583216657708
50,11.004,0.015204628492313495
50,11.006,0.01523036399162724
50,11.008000000000001,0.015255785250670995
50,11.01,0.015280888125991621
50,11.012,0.015306886742168213
50,11.014,0.015333724113196995
50,11.016,0.015361345522047386
50,11.018,0.01538969843750885
50,11.02,0.015418732434075325
50,11.022,0.015448399114753672
50,11.024000000000001,0.01547865203668733
50,11.026,0.015509446639488418
50,11.028,0.015540740176178647
50,11.03,0.015572491646641628
50,11.032,0.015604661733491185
50,11.034,0.015637212740268528
50,11.036,0.015670108531879633
50,11.038,0.01570331447719084
50,11.040000000000001,0.0157367973937021
50,11.042,0.01577052549422243
50,11.044,0.015804468335471437
50,11.046,0.01583859676853872
50,11.048,0.01587288289113046
50,11.05,0.015907300001538848
50,11.052,0.01594182255427173
50,11.054,0.015976426117279934
50,11.056000000000001,0.016011087330725884
50,11.058,0.016045783867236377
50,11.06,0.016080494393584995
50,11.062,0.0161151985337538
50,11.064,0.016149876833322196
50,11.066,0.016184510725137047
50,11.068,0.01621908249621546
50,11.07,0.016253575255837593
50,11.072000000000001,0.01628797290478539
50,11.074,0.016322260105685906
50,11.076,0.01635642225442058
50,11.078,0.016390445452560503
50,11.08,0.016424316480791644
50,11.082,0.016458022773295018
50,11.084,0.01649155239304631
50,11.086,0.016524894008002403
50,11.088000000000001,0.016558036868144166
50,11.09,0.016590970783342877
50,11.092,0.016623686102022306
50,11.094,0.016656173690587944
50,11.096,0.016688424913594378
50,11.098,0.016720431614627253
50,11.1,0.016752186097871487
50,11.102,0.0167836811103424
50,11.104000000000001,0.016814909824757692
50,11.106,0.016845865823024317
50,11.108,0.016876543080320605
50,11.11,0.016906935949751904
50,11.112,0.01693703914755944
50,11.114,0.016966847738861927
50,11.116,0.016996357123911753
50,11.118,0.017025563024847548
50,11.120000000000001,0.017054461472925067
50,11.122,0.017083048796209088
50,11.124,0.0171113216077109
50,11.126,0.017139276793954696
50,11.128,0.017166911503957827
50,11.13,0.01719422313861097
50,11.132,0.01722236550784157
50,11.134,0.017251282384033298
50,11.136000000000001,0.017280919758174505
50,11.138,0.01731122576073015
50,11.14,0.017342150585276973
50,11.142,0.017373646414808534
50,11.144,0.017405667350613736
50,11.146,0.01743816934364054
50,11.148,0.01747111012825728
50,11.15,0.017504449158327724
50,11.152000000000001,0.017538147545520355
50,11.154,0.017572167999771557
50,11.156,0.01760647477183106
50,11.158,0.017641033597813882
50,11.16,0.01767581164569169
50,11.162,0.01771077746365383
50,11.164,0.01774590093027531
50,11.166,0.017781153206427286
50,11.168000000000001,0.01781650668886983
50,11.17,0.017851934965470023
50,11.172,0.017869077336042462
50,11.174,0.017868724716939066
50,11.176,0.017851639761319264
50,11.178,0.017818557836133994
50,11.18,0.01777018796880618
50,11.182,0.017707213763512527
50,11.184000000000001,0.017630294287304105
50,11.186,0.017540064926548665
50,11.188,0.017437138214344745
50,11.19,0.017322104629682384
50,11.192,0.017195533369201665
50,11.194,0.01705797309245878
50,11.196,0.0169099526416373
50,11.198,0.01675198173666327
50,11.200000000000001,0.0165845516466875
50,11.202,0.016408135838900467
50,11.204,0.01622319060563675
50,11.206,0.01603015567072272
50,11.208,0.01582945477600938
50,11.21,0.015621496249027304
50,11.212,0.015426209399335002
50,11.214,0.015243092486273936
50,11.216000000000001,0.015071661483399643
50,11.218,0.014911449513533594
50,11.22,0.014762006297728909
50,11.222,0.01462289761800195
50,11.224,0.014493704793688
50,11.226,0.014374024171285986
50,11.228,0.01426346662765812
50,11.23,0.014161657086455528
50,11.232000000000001,0.014068234047638207
50,11.234,0.013982849129955123
50,11.236,0.01390516662624894
50,11.238,0.01383486307144037
50,11.24,0.013771626823041594
50,11.242,0.013715157654040164
50,11.244,0.013665166357983458
50,11.246,0.013621374366084193
50,11.248000000000001,0.013583513376158008
50,11.25,0.013551324993190759
50,11.252,0.013523396785373386
50,11.254,0.013499543612706288
50,11.256,0.01347958721012495
50,11.258000000000001,0.013463355943503275
50,11.26,0.013450684573801776
50,11.262,0.013441414029153179
50,11.264,0.013435391184674088
50,11.266,0.01343246864979197
50,11.268,0.013432504562876943
50,11.27,0.0134353623929681
50,11.272,0.013440910748384225
50,11.274000000000001,0.01344902319201287
50,11.276,0.013459578063071003
50,11.278,0.013472458305134643
50,11.28,0.013487551300238146
50,11.282,0.013504748708845203
50,11.284,0.01352394631550101
50,11.286,0.013545043879972175
50,11.288,0.01356794499369494
50,11.290000000000001,0.013592556941346822
50,11.292,0.01361879056736713
50,11.294,0.013646560147256038
50,11.296,0.013675783263483792
50,11.298,0.013706380685848838
50,11.3,0.013738276256128336
50,11.302,0.013771396776868056
50,11.304,0.01380567190416415
50,11.306000000000001,0.013841034044294894
50,11.308,0.013877418254063743
50,11.31,0.013914762144719414
50,11.312,0.013953005789326423
50,11.314,0.013992091633459379
50,11.316,0.014031964409102232
50,11.318,0.01407257105163602
50,11.32,0.014113860619803862
50,11.322000000000001,0.014155784218544947
50,11.324,0.014198294924594413
50,11.326,0.014241347714748023
50,11.328,0.014284899396696058
50,11.33,0.014328908542333913
50,11.332,0.014373335423457742
50,11.334,0.014418141949761985
50,11.336,0.014463291609053288
50,11.338000000000001,0.014508749409601947
50,11.34,0.014554481824553657
50,11.342,0.014600456738327303
50,11.344,0.014646643394927461
50,11.346,0.014693012348102174
50,11.348,0.014739535413280836
50,11.35,0.01478618562122687
50,11.352,0.014832937173345204
50,11.354000000000001,0.014879765398583778
50,11.356,0.014926646711872984
50,11.358,0.014973558574047849
50,11.36,0.01502047945319956
50,11.362,0.015067388787405624
50,11.364,0.015114266948789144
50,11.366,0.015161095208860574
50,11.368,0.015207855705094406
50,11.370000000000001,0.015254531408699477
50,11.372,0.015301106093537728
50,11.374,0.015347564306152216
50,11.376,0.015393891336864333
50,11.378,0.01544007319190254
50,11.38,0.015486096566524521
50,11.382,0.015531948819100938
50,11.384,0.015577617946121544
50,11.386000000000001,0.015623092558096076
50,11.388,0.01566836185631437
50,11.39,0.01571341561043711
50,11.392,0.015758244136887662
50,11.394,0.01580283827801538
50,11.396,0.01584718938200497
50,11.398,0.015891289283503324
50,11.4,0.015935130284940306
50,11.402000000000001,0.015978705138517728
50,11.404,0.016022007028843658
50,11.406,0.01606502955618762
50,11.408,0.016107766720337733
50,11.41,0.016150212905035
50,11.412,0.01619351798983142
50,11.414,0.016237623130220282
50,11.416,0.01628247180649272
50,11.418000000000001,0.016328009741044175
50,11.42,0.016374184818546498
50,11.422,0.016420947008887306
50,11.424,0.01646824829278205
50,11.426,0.016516042589966144
50,11.428,0.01656428568987983
50,11.43,0.016612935184758523
50,11.432,0.016661950405048337
50,11.434000000000001,0.016711292357064735
50,11.436,0.016760923662819116
50,11.438,0.016810808501937755
50,11.44,0.016860912555602146
50,11.442,0.016911202952440488
50,11.444,0.016961648216303932
50,11.446,0.017012218215863052
50,11.448,0.01706288411596086
50,11.450000000000001,0.01711361833066314
50,11.452,0.01716442605506115
50,11.454,0.017215284659340795
50,11.456,0.017266172520426556
50,11.458,0.01731706898486143
50,11.46,0.017367954333007363
50,11.462,0.01741880974451448
50,11.464,0.017469617265017407
50,11.466000000000001,0.017520359774014907
50,11.468,0.01757102095388942
50,11.47,0.017621585260027738
50,11.472,0.017672037892004052
50,11.474,0.017722364765786293
50,11.476,0.017772552486930545
50,11.478,0.017822588324729792
50,11.48,0.01787246018727993
50,11.482000000000001,0.017922156597434707
50,11.484,0.017971666669615066
50,11.486,0.01802098008744424
50,11.488,0.018070087082178637
50,11.49,0.018118978411907367
50,11.492,0.01816879981258766
50,11.494,0.01821948930839452
50,11.496,0.018270987358613405
50,11.498000000000001,0.018323236771204846
50,11.5,0.0183761826193559
50,11.502,0.018429772160919903
50,11.504,0.018483954760644034
50,11.506,0.01853868181508999
50,11.508000000000001,0.01859390668015745
50,11.51,0.018649584601119415
50,11.512,0.01870567264508469
50,11.514000000000001,0.018762129635804817
50,11.516,0.01881891609074447
50,11.518,0.01887599416033766
50,11.52,0.018933327569357006
50,11.522,0.018990881560319958
50,11.524000000000001,0.019048622838865405
50,11.526,0.019106519521030957
50,11.528,0.019164541082366884
50,11.53,0.019222658308822842
50,11.532,0.019283082106870447
50,11.534,0.019345681579186036
50,11.536,0.019410330825846558
50,11.538,0.019476908770157217
50,11.540000000000001,0.019545298990303325
50,11.542,0.019615389556641608
50,11.544,0.01968707287445319
50,11.546,0.01976024553198701
50,11.548,0.019834808153623283
50,11.55,0.019910665257997503
50,11.552,0.019987725120922454
50,11.554,0.020065899642958428
50,11.556000000000001,0.020145104221480137
50,11.558,0.020225257627094775
50,11.56,0.020306281884273532
50,11.562,0.02038810215605494
50,11.564,0.020470646632692532
50,11.566,0.020553846424114394
50,11.568,0.020637635456070422
50,11.57,0.0207219503698465
50,11.572000000000001,0.020786721725171705
50,11.574,0.02083277378565913
50,11.576,0.020860901477868742
50,11.578,0.0208718714399922
50,11.58,0.02086642302913123
50,11.582,0.02084526928907545
50,11.584,0.020809097880407336
50,11.586,0.020758571974674074
50,11.588000000000001,0.020694331114285695
50,11.59,0.02061699203971075
50,11.592,0.02052714948546304
50,11.594,0.020425376946295017
50,11.596,0.020312227414936896
50,11.598,0.02018823409265322
50,11.6,0.02005391107382052
50,11.602,0.019909754005668658
50,11.604000000000001,0.019756240724268934
50,11.606,0.019593831867798246
50,11.608,0.019422971468057302
50,11.61,0.019244087521172473
50,11.612,0.019057592538368293
50,11.614,0.01886388407765431
50,11.616,0.018663345257232147
50,11.618,0.01845634525139572
50,11.620000000000001,0.018243239769659306
50,11.622,0.018024371519824684
50,11.624,0.01780007065566511
50,11.626,0.017570655209881887
50,11.628,0.017336431512965846
50,11.63,0.017097694598576012
50,11.632,0.016854728596027213
50,11.634,0.016607807110467752
50,11.636000000000001,0.016357193591309476
50,11.638,0.016103141689468015
50,11.64,0.015845895603957043
50,11.642,0.015585690418381579
50,11.644,0.015322752427871152
50,11.646,0.015057299456993894
50,11.648,0.014789541169203602
50,11.65,0.014519679368377555
50,11.652000000000001,0.014247908293021127
50,11.654,0.013974414903736607
50,11.656,0.013699379164580083
50,11.658,0.013422974318968007
50,11.66,0.013145367160841177
50,11.662,0.012866718301847116
50,11.664,0.01258718243537604
50,11.666,0.012306908598365017
50,11.668000000000001,0.01202604043189724
50,11.67,0.011744716441742641
50,11.672,0.011463070260147132
50,11.674,0.011181230910364576
50,11.676,0.010899323075660206
50,11.678,0.010617467374794062
50,11.68,0.01033578064634727
50,11.682,0.010054376244677317
50,11.684000000000001,0.009773364350824466
50,11.686,0.009492852302344208
50,11.688,0.009212944946863002
50,11.69,0.00893374502517653
50,11.692,0.008673048801081535
50,11.694,0.008430119067838396
50,11.696,0.008204242971375286
50,11.698,0.007994731336998686
50,11.700000000000001,0.0078009180388542345
50,11.702,0.007622159410090743
50,11.704,0.007457833690610158
50,11.706,0.007307340508280743
50,11.708,0.007170100388620205
50,11.71,0.007045554287281311
50,11.712,0.0069331631392470765
50,11.714,0.006832407418502226
50,11.716000000000001,0.006742786702113157
50,11.718,0.006663819233106342
50,11.72,0.006595041477261477
50,11.722,0.006536007669880179
50,11.724,0.0064862893496929605
50,11.726,0.006445474878246471
50,11.728,0.006413168944303534
50,11.73,0.006388992053916127
50,11.732000000000001,0.006371411539894934
50,11.734,0.006360132671646397
50,11.736,0.006354872711147081
50,11.738,0.0063553604636102995
50,11.74,0.0063613358293737685
50,11.742,0.006372549359512293
50,11.744,0.006388761817581577
50,11.746,0.006409743749735824
50,11.748000000000001,0.006435275065217841
50,11.75,0.0064651446289474505
50,11.752,0.006499149867627391
50,11.754,0.006537096390472236
50,11.756,0.006578797625360219
50,11.758000000000001,0.006624074470916322
50,11.76,0.006672754964767746
50,11.762,0.0067246739679774565
50,11.764000000000001,0.0067796728654588405
50,11.766,0.006837599282004764
50,11.768,0.006898306813430264
50,11.77,0.006961654772224148
50,11.772,0.007026357158031253
50,11.774000000000001,0.007092333522743367
50,11.776,0.0071595065590740565
50,11.778,0.007227801983145651
50,11.78,0.007297148422260132
50,11.782,0.007367477307527334
50,11.784,0.007438722771049946
50,11.786,0.007510821547388344
50,11.788,0.007583712879048822
50,11.790000000000001,0.007657338425762493
50,11.792,0.007731642177338594
50,11.794,0.007806570369895035
50,11.796,0.007882071405285499
50,11.798,0.007958095773557671
50,11.8,0.008034595978288372
50,11.802,0.008111526464656913
50,11.804,0.008188843550126803
50,11.806000000000001,0.008266505357616718
50,11.808,0.008344471751050008
50,11.81,0.008422704273181173
50,11.812,0.008501166085603912
50,11.814,0.008579821910851023
50,11.816,0.0086586379765052
50,11.818,0.008737581961241529
50,11.82,0.00881662294272937
50,11.822000000000001,0.008895731347323538
50,11.824,0.00897487890148147
50,11.826,0.009054038584842801
50,11.828,0.009133184584914083
50,11.83,0.009212292253301326
50,11.832,0.009291338063438034
50,11.834,0.009370299569757908
50,11.836,0.009449155368261759
50,11.838000000000001,0.009527885058433574
50,11.84,0.009606469206459087
50,11.842,0.009684889309704315
50,11.844,0.009763127762412399
50,11.846,0.0098411678225771
50,11.848,0.009918993579956108
50,11.85,0.009996589925183878
50,11.852,0.010073942519950776
50,11.854000000000001,0.010151037768210136
50,11.856,0.010227862788382674
50,11.858,0.010304405386521304
50,11.86,0.010380654030408644
50,11.862,0.010456597824553543
50,11.864,0.01053222648605796
50,11.866,0.010607530321324296
50,11.868,0.010682500203577359
50,11.870000000000001,0.01075712755117036
50,11.872,0.010831404306652755
50,11.874,0.010905322916570362
50,11.876,0.01097887631197655
50,11.878,0.011052057889629053
50,11.88,0.011124861493848028
50,11.882,0.011197281399016623
50,11.884,0.011269312292698442
50,11.886000000000001,0.011340949259352912
50,11.888,0.011412187764628798
50,11.89,0.011483023640214815
50,11.892,0.011554623789464471
50,11.894,0.011626934219747791
50,11.896,0.011699903108797427
50,11.898,0.011773480725810739
50,11.9,0.011847619355445807
50,11.902000000000001,0.01192227322459597
50,11.904,0.011997398431832566
50,11.906,0.012072952879410815
50,11.908,0.012148896207738987
50,11.91,0.012225189732215803
50,11.912,0.012301796382343615
50,11.914,0.012378680643030703
50,11.916,0.012455808498000395
50,11.918000000000001,0.012533147375225352
50,11.92,0.012610666094312798
50,11.922,0.012688334815766839
50,11.924,0.012766124992057995
50,11.926,0.012844009320433726
50,11.928,0.012921961697405303
50,11.93,0.012999957174849943
50,11.932,0.013077971917669828
50,11.934000000000001,0.013155983162949608
50,11.936,0.013233969180561383
50,11.938,0.013311909235161155
50,11.94,0.013389783549530156
50,11.942,0.013467573269211013
50,11.944,0.013545260428392361
50,11.946,0.013622827916999253
50,11.948,0.013700259448944006
50,11.950000000000001,0.013777539531498764
50,11.952,0.013854653435747873
50,11.954,0.013931587168083967
50,11.956,0.014008327442709044
50,11.958,0.014084861655107191
50,11.96,0.014161177856452392
50,11.962,0.014237264728921156
50,11.964,0.014313111561875645
50,11.966000000000001,0.014388708228889274
50,11.968,0.014464045165582891
50,11.97,0.014539113348245576
50,11.972,0.014613904273210005
50,11.974,0.014688409936958309
50,11.976,0.014762622816931907
50,11.978,0.0148365358530203
50,11.98,0.014910142429705715
50,11.982000000000001,0.014983436358841182
50,11.984,0.015056411863038209
50,11.986,0.015129063559645148
50,11.988,0.015201386445293362
50,11.99,0.015273375880993378
50,11.992,0.01534502757775991
50,11.994,0.015416337582749302
50,11.996,0.015487302265889848
50,11.998000000000001,0.015557918306988496
50,12.0,0.015628182683298047
100,4.0,0.011207104000763253
100,4.002,0.011245483755249766
100,4.0040000000000004,0.011283585022808854
100,4.006,0.011321412987975817
100,4.008,0.011358972784434667
100,4.01,0.01139626949585529
100,4.0120000000000005,0.011433308156703688
100,4.014,0.01147009375302444
100,4.016,0.011506631223197478
100,4.018,0.011542925458669567
100,4.0200000000000005,0.011578981304660634
100,4.022,0.011614803560845823
100,4.024,0.011650396982013632
100,4.026,0.011685766278701729
100,4.0280000000000005,0.011720916117809878
100,4.03,0.01175585112319061
100,4.032,0.01179057587621953
100,4.034,0.011825094916344467
100,4.0360000000000005,0.011859412741614627
100,4.038,0.011893533809189885
100,4.04,0.011927462535831674
100,4.042,0.011961203298375087
100,4.0440000000000005,0.01199476043418268
100,4.046,0.012028138241581774
100,4.048,0.012061340980283896
100,4.05,0.012094372871788646
100,4.0520000000000005,0.012127238099770813
100,4.054,0.01215994081045284
100,4.056,0.01219248511296185
100,4.058,0.012224875079672386
100,4.0600000000000005,0.012257114746534698
100,4.062,0.012289208113390378
100,4.064,0.012321159144273546
100,4.066,0.012352971767699932
100,4.0680000000000005,0.012384649876944192
100,4.07,0.012416197330304324
100,4.072,0.012447617951354656
100,4.074,0.01247891552918842
100,4.0760000000000005,0.012510093818649183
100,4.078,0.012541156540551393
100,4.08,0.012572107381891693
100,4.082,0.012602949996050269
100,4.0840000000000005,0.012633688002982538
100,4.086,0.012664324989402646
100,4.088,0.012694864508957647
100,4.09,0.012725310082393845
100,4.0920000000000005,0.01275566519771476
100,4.094,0.012785933310331838
100,4.096,0.012816117843207641
100,4.098,0.012846222186991772
100,4.1,0.012876249700150987
100,4.102,0.012907310353614448
100,4.104,0.01293936176089892
100,4.106,0.012972363146792065
100,4.108,0.013006275285448026
100,4.11,0.01304106044120518
100,4.112,0.013076682311986377
100,4.114,0.013113105975147794
100,4.116,0.01315029783565176
100,4.118,0.013188225576443335
100,4.12,0.013226858110917991
100,4.122,0.013266165537374322
100,4.124,0.013306119095350165
100,4.126,0.013346691123747995
100,4.128,0.013387855020659499
100,4.13,0.013429585204805129
100,4.132,0.013471857078508318
100,4.134,0.013514646992130326
100,4.136,0.013557932209894236
100,4.138,0.013601690877032186
100,4.14,0.013645901988191883
100,4.142,0.013690545357044951
100,4.144,0.01373560158703987
100,4.146,0.013781052043248556
100,4.148,0.013826878825255288
100,4.15,0.013873064741043497
100,4.152,0.01391959328183368
100,4.154,0.013966448597834604
100,4.156,0.014013615474864329
100,4.158,0.014061079311807806
100,4.16,0.014108826098873295
100,4.162,0.014156842396615963
100,4.164,0.014205115315697382
100,4.166,0.014253632497350028
100,4.168,0.014302382094519304
100,4.17,0.014351352753657613
100,4.172,0.014400533597142827
100,4.174,0.014449914206298854
100,4.176,0.014499484604994601
100,4.178,0.014549235243800102
100,4.18,0.014599156984678925
100,4.182,0.01464924108619615
100,4.184,0.014699479189225248
100,4.186,0.014749863303133522
100,4.188,0.014800385792430714
100,4.19,0.014851039363863365
100,4.192,0.01490181705393948
100,4.194,0.01495271221686934
100,4.196,0.01500371851290631
100,4.198,0.01505482989707571
100,4.2,0.015106040608277192
100,4.202,0.015157345158749225
100,4.204,0.01520873832388143
100,4.206,0.015260215132366594
100,4.208,0.015311770856676324
100,4.21,0.015363401003854351
100,4.212,0.015415101306613601
100,4.214,0.015466867714728808
100,4.216,0.015518696386714523
100,4.218,0.015570583681778905
100,4.22,0.015622526152044985
100,4.222,0.015675702955904813
100,4.224,0.01573005705854758
100,4.226,0.01578553344209003
100,4.228,0.01584207903893822
100,4.23,0.015899642667459954
100,4.232,0.015958174969863802
100,4.234,0.016017628352188888
100,4.236,0.016077956926312337
100,4.238,0.01613911645389064
100,4.24,0.016201064292154316
100,4.242,0.016263759341482498
100,4.244,0.016327161994684522
100,4.246,0.01639123408792642
100,4.248,0.01645593885323673
100,4.25,0.0165212408725354
100,4.252,0.016587106033129972
100,4.2540000000000004,0.016653501484626316
100,4.256,0.016720395597205766
100,4.258,0.016787757921220815
100,4.26,0.016855559148064768
100,4.2620000000000005,0.016923771072274225
100,4.264,0.016992366554822842
100,4.266,0.01706131948756819
100,4.268,0.01713060475881461
100,4.2700000000000005,0.017200198219958118
100,4.272,0.01727007665317698
100,4.274,0.01734021774013799
100,4.276,0.017410600031685722
100,4.2780000000000005,0.01748120291848501
100,4.28,0.01755200660258768
100,4.282,0.01762299206989553
100,4.284,0.017694141063491996
100,4.2860000000000005,0.01776543605781819
100,4.288,0.017836860233664823
100,4.29,0.017908397453958672
100,4.292,0.017980032240317967
100,4.2940000000000005,0.018051749750354323
100,4.296,0.018123535755699097
100,4.298,0.018195376620731493
100,4.3,0.01826725928198934
100,4.3020000000000005,0.018339171228239578
100,4.304,0.018411100481190892
100,4.306,0.018483035576828337
100,4.308,0.018554965547350363
100,4.3100000000000005,0.018626879903692085
100,4.312,0.018698768618615073
100,4.314,0.018770622110347572
100,4.316,0.018842431226758476
100,4.3180000000000005,0.018914187230048552
100,4.32,0.018985881781942424
100,4.322,0.019057506929368077
100,4.324,0.01912905509060614
100,4.3260000000000005,0.019200519041896846
100,4.328,0.01927189190448954
100,4.33,0.01934316713212043
100,4.332,0.019414338498907033
100,4.3340000000000005,0.019485400087644565
100,4.336,0.019556346278493012
100,4.338,0.019627171738041193
100,4.34,0.019697871408738667
100,4.3420000000000005,0.01976958731951566
100,4.344,0.019842260939338684
100,4.346,0.019915835916870427
100,4.348,0.01999025800713804
100,4.3500000000000005,0.020065475000534783
100,4.352,0.020141436654083755
100,4.354,0.020218094624893514
100,4.356,0.020295402405742208
100,4.358,0.020373315262723027
100,4.36,0.020451790174891443
100,4.362,0.020530785775852836
100,4.364,0.0206102622972314
100,4.366,0.020690181513965247
100,4.368,0.020770506691370816
100,4.37,0.02085120253392508
100,4.372,0.020932235135711907
100,4.374,0.02101357193248212
100,4.376,0.021095181655280234
100,4.378,0.021177034285586566
100,4.38,0.02125910101193203
100,4.382,0.02132240497701779
100,4.384,0.021367756978078956
100,4.386,0.021395938980369632
100,4.388,0.021407705136392844
100,4.39,0.021403782766309908
100,4.392,0.021384873301194453
100,4.394,0.02135165319074527
100,4.396,0.02130477477700763
100,4.398,0.021244867135592684
100,4.4,0.021172536885816627
100,4.402,0.02108836897111752
100,4.404,0.02099292741104456
100,4.406,0.0208867560260528
100,4.408,0.020770379136276586
100,4.41,0.02064430223540114
100,4.412,0.020509012640695625
100,4.414,0.020364980120222684
100,4.416,0.02021265749819167
100,4.418,0.020052481239375555
100,4.42,0.01988487201347571
100,4.422,0.019711423540208686
100,4.424,0.019532469685039078
100,4.426,0.019348332021889996
100,4.428,0.019159320254211906
100,4.43,0.018965732622099007
100,4.432,0.0187678562959951
100,4.434,0.018565967757503455
100,4.436,0.01836033316780455
100,4.438,0.018151208724158225
100,4.44,0.01793884100495595
100,4.442,0.01772346730376912
100,4.444,0.017505315952825642
100,4.446,0.0172846066363326
100,4.448,0.017061550694050413
100,4.45,0.016836351415509727
100,4.452,0.016609204325255613
100,4.454,0.0163802974594886
100,4.456,0.016149811634467468
100,4.458,0.015917920707028178
100,4.46,0.01568479182756777
100,4.462,0.015450585685836212
100,4.464,0.015215456749873906
100,4.466,0.014979553498430852
100,4.468,0.014743018647198533
100,4.47,0.014505989369187918
100,4.472,0.014268597509584596
100,4.474,0.014030969795417235
100,4.476,0.013793228040375262
100,4.478,0.013555489345120821
100,4.48,0.013317866293445146
100,4.482,0.013080467144630483
100,4.484,0.012843396022387927
100,4.486,0.012606753100759741
100,4.488,0.012370634787387912
100,4.49,0.012135133904575072
100,4.492,0.011900339868584828
100,4.494,0.011666338867658076
100,4.496,0.01143321403925616
100,4.498,0.011201045647076125
100,4.5,0.010969911258430751
100,4.502,0.010739885922633252
100,4.5040000000000004,0.010511042351089727
100,4.506,0.01028345109985861
100,4.508,0.010057180755527811
100,4.51,0.009832298125330602
100,4.5120000000000005,0.009608868432534893
100,4.514,0.009386955518245524
100,4.516,0.009166622050893062
100,4.518,0.008947929744829365
100,4.5200000000000005,0.00873093958961906
100,4.522,0.008515712091807641
100,4.524,0.008302307531164527
100,4.526,0.008090786233645206
100,4.5280000000000005,0.007881208863596594
100,4.53,0.007673636738040912
100,4.532,0.007468132166226467
100,4.534,0.007264758818023795
100,4.5360000000000005,0.007063582125179568
100,4.538,0.00686466971991368
100,4.54,0.006668091915859883
100,4.542,0.00649289315978316
100,4.5440000000000005,0.00633804412843655
100,4.546,0.006202549834023651
100,4.548,0.006085451853287751
100,4.55,0.005985830489678903
100,4.5520000000000005,0.005902806699538835
100,4.554,0.005835543628980211
100,4.556,0.005783247637340481
100,4.558,0.005745168722317782
100,4.5600000000000005,0.005720600306532686
100,4.562,0.005708878390358356
100,4.564,0.00570938011685687
100,4.566,0.005721521827983242
100,4.5680000000000005,0.005744756714669345
100,4.57,0.005778572176186344
100,4.572,0.0058224870068056935
100,4.574,0.005876048521706917
100,4.5760000000000005,0.005938829721370404
100,4.578,0.006010426576651897
100,4.58,0.006090455497555781
100,4.582,0.006176561289745602
100,4.5840000000000005,0.006268479766526947
100,4.586,0.006365956379647287
100,4.588,0.006468745457622975
100,4.59,0.006576609565475571
100,4.5920000000000005,0.006689318971714981
100,4.594,0.006806651208098111
100,4.596,0.006928390708043115
100,4.598,0.007054328510408003
100,4.6000000000000005,0.007184262016485733
100,4.602,0.00731799478939842
100,4.604,0.007455336386468509
100,4.606,0.007596102216541611
100,4.6080000000000005,0.007740113415562771
100,4.61,0.007887196734925819
100,4.612,0.008037184438219816
100,4.614,0.00818991420294866
100,4.616,0.008345229024628888
100,4.618,0.008502977121359155
100,4.62,0.008663011837526996
100,4.622,0.008822957466239439
100,4.624,0.008982771523901374
100,4.626,0.009142413730315387
100,4.628,0.009301845905426254
100,4.63,0.00946103187134376
100,4.632,0.009619937359355074
100,4.634,0.009778529921654882
100,4.636,0.009936778847528494
100,4.638,0.010094655083739745
100,4.64,0.010252131158889004
100,4.642,0.010409181111516641
100,4.644,0.010565780421742938
100,4.646,0.010721905946246535
100,4.648,0.010877535856395462
100,4.65,0.011032649579355056
100,4.652,0.011187227742009606
100,4.654,0.011341252117543811
100,4.656,0.011494705574536997
100,4.658,0.011647572028438344
100,4.66,0.011799836395291391
100,4.662,0.011951484547591795
100,4.664,0.01210250327216366
100,4.666,0.012252880229950622
100,4.668,0.012402603917620846
100,4.67,0.012551663630895089
100,4.672,0.012700049429508097
100,4.674,0.012847752103723067
100,4.676,0.012994763142319307
100,4.678,0.013141074701982794
100,4.68,0.013286679578028055
100,4.682,0.013431571176389571
100,4.684,0.013575743486818623
100,4.686,0.013719191057230276
100,4.688,0.01386190896914408
100,4.69,0.014003892814168716
100,4.692,0.014145138671480475
100,4.694,0.014285643086250637
100,4.696,0.014425403048977376
100,4.698,0.014564415975681384
100,4.7,0.014702679688925715
100,4.702,0.014840192399623657
100,4.704,0.014976952689598158
100,4.706,0.01511295949486036
100,4.708,0.015248212089575629
100,4.71,0.015382710070686527
100,4.712,0.015516453343164026
100,4.714,0.015649442105860566
100,4.716,0.015781676837938224
100,4.718,0.015913158285848043
100,4.72,0.016043887450836573
100,4.722,0.016173865576957522
100,4.724,0.016303094139567487
100,4.726,0.016431574834285256
100,4.728,0.01655930956639507
100,4.73,0.01668630044067644
100,4.732,0.016812549751640957
100,4.734,0.0169380599741623
100,4.736,0.01706283375448022
100,4.738,0.017186873901564852
100,4.74,0.01731018337882794
100,4.742,0.017431564717146273
100,4.744,0.017551072803388235
100,4.746,0.01766876078350897
100,4.748,0.017784680119892506
100,4.75,0.017898880646912717
100,4.752,0.018011410624750736
100,4.7540000000000004,0.018122316791507186
100,4.756,0.018231644413648614
100,4.758,0.018339437334830296
100,4.76,0.018445738023137075
100,4.7620000000000005,0.01855058761678418
100,4.764,0.01865402596832127
100,4.766,0.01875609168738034
100,4.768,0.018856822182012543
100,4.7700000000000005,0.018956253698652475
100,4.772,0.01905442136075353
100,4.774,0.01915135920613334
100,4.776,0.01924710022306995
100,4.7780000000000005,0.019341676385187596
100,4.78,0.01943511868517047
100,4.782,0.01952976506831157
100,4.784,0.0196255402447295
100,4.7860000000000005,0.0197223718833898
100,4.788,0.019820190505292767
100,4.79,0.019918929380510063
100,4.792,0.020018524428927542
100,4.7940000000000005,0.020118914124556388
100,4.796,0.0202200394032809
100,4.798,0.02032184357391547
100,4.8,0.020424272232449595
100,4.8020000000000005,0.020527273179362128
100,4.804,0.02063079633989298
100,4.806,0.02073479368716351
100,4.808,0.02083921916804083
100,4.8100000000000005,0.02094402863164663
100,4.812,0.02104917976041259
100,4.814,0.02115463200359155
100,4.816,0.021260346513134153
100,4.8180000000000005,0.02136628608184426
100,4.82,0.021472415083733643
100,4.822,0.021579785285569156
100,4.824,0.021688312535695944
100,4.8260000000000005,0.02179791602063233
100,4.828,0.021908518144297146
100,4.83,0.022020044411605426
100,4.832,0.02213242331626625
100,4.8340000000000005,0.022245586232628796
100,4.836,0.022359467311425848
100,4.838,0.02247400337927022
100,4.84,0.02258913384176447
100,4.8420000000000005,0.0227048005900916
100,4.844,0.02282094791095675
100,4.846,0.022937522399757493
100,4.848,0.023054472876862898
100,4.8500000000000005,0.023171750306887434
100,4.852,0.023289307720851034
100,4.854,0.02340710014111731
100,4.856,0.023525084509010717
100,4.8580000000000005,0.023643219615013967
100,4.86,0.023761466031451357
100,4.862,0.02386085579803927
100,4.864,0.023942188861060476
100,4.866,0.024006236995259493
100,4.868,0.0240537447367271
100,4.87,0.024085430291206345
100,4.872,0.024101986416791822
100,4.874,0.024104081280478768
100,4.876,0.0240923592883752
100,4.878,0.024067441889659803
100,4.88,0.02402992835456671
100,4.882,0.023980396526823294
100,4.884,0.02391940355107306
100,4.886,0.023847486575888442
100,4.888,0.023765163433030288
100,4.89,0.023672933293640577
100,4.892,0.023571277302074874
100,4.894,0.023460659188087287
100,4.896,0.023341525858082125
100,4.898,0.02321430796613561
100,4.9,0.023079420465487027
100,4.902,0.022937263141175137
100,4.904,0.022788221124489277
100,4.906,0.022632665389877044
100,4.908,0.02247095323493683
100,4.91,0.022303428744101645
100,4.912,0.022130423236599975
100,4.914,0.021952255699260154
100,4.916,0.02176923320470309
100,4.918,0.021581651315449688
100,4.92,0.021389794474448956
100,4.922,0.021193936382514898
100,4.924,0.020994340363139605
100,4.926,0.020791259715134878
100,4.928,0.020584938053535545
100,4.93,0.02037560963918223
100,4.932,0.020163499697383416
100,4.934,0.019948824726044558
100,4.936,0.019731792793634125
100,4.938,0.01951260382734345
100,4.94,0.019291449891783573
100,4.942,0.019068515458551476
100,4.944,0.018843977666980493
100,4.946,0.018618006576384103
100,4.948,0.01839076541008547
100,4.95,0.018162410791518098
100,4.952,0.017933092972670376
100,4.954,0.017702956055138743
100,4.956,0.01747213820404136
100,4.958,0.017240771855040648
100,4.96,0.017008983914708252
100,4.962,0.016776895954462943
100,4.964,0.016544624398300525
100,4.966,0.01631228070453034
100,4.968,0.016079971541723134
100,4.97,0.015847798959070368
100,4.972,0.015615860551348166
100,4.974,0.015384249618671736
100,4.976,0.015153055321223472
100,4.978,0.014922362829128236
100,4.98,0.01469225346764897
100,4.982,0.014461335560747236
100,4.984,0.01422975054104125
100,4.986,0.013997634053206066
100,4.988,0.013765116165893218
100,4.99,0.013532321577497959
100,4.992,0.01329936981605738
100,4.994,0.0130663754335575
100,4.996,0.012833448194929315
100,4.998,0.012600693262013865
100,5.0,0.012368211372779606
100,5.002,0.012136099016076644
100,5.0040000000000004,0.011904448602220846
100,5.006,0.011673348629707514
100,5.008,0.011442883848362765
100,5.01,0.01121313541925448
100,5.0120000000000005,0.010984181071699508
100,5.014,0.01075609525772112
100,5.016,0.010528949304335088
100,5.018,0.010302811564065938
100,5.0200000000000005,0.010077747564128764
100,5.022,0.0098538201547491
100,5.024,0.009631089657135081
100,5.026,0.009409614011670737
100,5.0280000000000005,0.009189448926958462
100,5.03,0.008970648030410318
100,5.032,0.008753263021175009
100,5.034,0.008537343826284296
100,5.0360000000000005,0.008322938761022492
100,5.038,0.008110094694660695
100,5.04,0.007898857222862836
100,5.042,0.007689270848265588
100,5.0440000000000005,0.007481379170964543
100,5.046,0.0072752250909155795
100,5.048,0.007070851024585518
100,5.05,0.00686829913857891
100,5.0520000000000005,0.0066676116034320035
100,5.054,0.006468830871324879
100,5.056,0.006271999982130572
100,5.058,0.00607716290302698
100,5.0600000000000005,0.005884364907860367
100,5.062,0.005713078297869519
100,5.064,0.005562247615294115
100,5.066,0.0054308659089494235
100,5.0680000000000005,0.0053179768702823395
100,5.07,0.005222676415075546
100,5.072,0.0051441135278487765
100,5.074,0.005081490239314674
100,5.0760000000000005,0.005034060674175977
100,5.078,0.005001129179228295
100,5.08,0.0049820476116536425
100,5.082,0.004976211926797343
100,5.0840000000000005,0.004983058247697855
100,5.086,0.005002058621937262
100,5.088,0.005032716674512882
100,5.09,0.005074563350494357
100,5.0920000000000005,0.005127152912175543
100,5.094,0.005190059317272795
100,5.096,0.005262873062665499
100,5.098,0.005345198536897461
100,5.1000000000000005,0.00543665188782227
100,5.102,0.005532511254137787
100,5.104,0.0056325809185591115
100,5.106,0.005736669492760847
100,5.1080000000000005,0.005844590043468327
100,5.11,0.005956160220066695
100,5.112,0.006071202374858305
100,5.114,0.006189543669527277
100,5.1160000000000005,0.006311016163456101
100,5.118,0.006435456881267162
100,5.12,0.006562707858353178
100,5.122,0.006692616164242216
100,5.124,0.006825033904452316
100,5.126,0.006959818202071573
100,5.128,0.007096831160683101
100,5.13,0.007235939810489008
100,5.132,0.007377016039596614
100,5.134,0.007519936512450846
100,5.136,0.00766458257734712
100,5.138,0.007810840164864538
100,5.14,0.00795859967893199
100,5.142,0.008107755882097726
100,5.144,0.008258207776415573
100,5.146,0.008409858481212652
100,5.148,0.008562615108846695
100,5.15,0.008716388639423808
100,5.152,0.008871093795308736
100,5.154,0.009026648916142768
100,5.156,0.009182975834966451
100,5.158,0.009339999755951504
100,5.16,0.009497649134152492
100,5.162,0.009655855557612636
100,5.164,0.009814553632090193
100,5.166,0.009973680868612111
100,5.168,0.010133177574009968
100,5.17,0.010292986744549752
100,5.172,0.010453053962730432
100,5.174,0.010613327297292622
100,5.176,0.01077375720645465
100,5.178,0.010934296444370072
100,5.18,0.01109489997078034
100,5.182,0.011254265355939937
100,5.184,0.011412407588832881
100,5.186,0.011569341558726123
100,5.188,0.011725082041451685
100,5.19,0.011879643687888134
100,5.192,0.012033041014347755
100,5.194,0.012185288394621095
100,5.196,0.012336400053457434
100,5.198,0.01248639006129441
100,5.2,0.012635272330072306
100,5.202,0.012783060609990352
100,5.204,0.012929768487079982
100,5.206,0.013075409381488825
100,5.208,0.013219996546378912
100,5.21,0.013363543067357474
100,5.212,0.01350606186236798
100,5.214,0.013647565681979097
100,5.216,0.013788067110013617
100,5.218,0.01392757856447265
100,5.22,0.014066112298708936
100,5.222,0.014203680402814032
100,5.224,0.014340294805186218
100,5.226,0.014475967274250382
100,5.228,0.014610709420303968
100,5.23,0.014744532697467857
100,5.232,0.014877448405722322
100,5.234,0.015009467693010644
100,5.236,0.015140601557396768
100,5.238,0.015270860849262049
100,5.24,0.015400256273530883
100,5.242,0.015528798391916508
100,5.244,0.015656497625174036
100,5.246,0.015783364255359002
100,5.248,0.015909408428079534
100,5.25,0.01603464015474006
100,5.252,0.0161590693147704
100,5.2540000000000004,0.01628270565783503
100,5.256,0.016405558806020588
100,5.258,0.01652763825599863
100,5.26,0.016648953381158543
100,5.2620000000000005,0.01676951343371234
100,5.264,0.016889327546765722
100,5.266,0.017008404736356727
100,5.268,0.017126753903459836
100,5.2700000000000005,0.017244383835953794
100,5.272,0.017361303210554426
100,5.274,0.01747752059470988
100,5.276,0.017593044448459192
100,5.2780000000000005,0.01770788312625418
100,5.28,0.017822044878744087
100,5.282,0.01793553785452228
100,5.284,0.01804837010183801
100,5.2860000000000005,0.018160549570269753
100,5.288,0.01827208411236345
100,5.29,0.01838298148523521
100,5.292,0.018493249352137378
100,5.2940000000000005,0.018602895283991894
100,5.296,0.018711926760887624
100,5.298,0.01882035117354509
100,5.3,0.01892817582474829
100,5.3020000000000005,0.019036667146384186
100,5.304,0.019145776409201447
100,5.306,0.01925545689771863
100,5.308,0.019365663835773306
100,5.3100000000000005,0.019476354314729098
100,5.312,0.019587487224245886
100,5.314,0.019699023185527815
100,5.316,0.019810924486962467
100,5.3180000000000005,0.019923155022066662
100,5.32,0.020035680229661304
100,5.322,0.020148467036196094
100,5.324,0.0202614838001488
100,5.3260000000000005,0.020374700258427948
100,5.328,0.020488087474706648
100,5.33,0.020601617789621902
100,5.332,0.020715264772771597
100,5.3340000000000005,0.02082900317644745
100,5.336,0.020942808891041515
100,5.338,0.021056658902067756
100,5.34,0.02117053124874007
100,5.3420000000000005,0.021284404984053828
100,5.344,0.021398260136314497
100,5.346,0.021512077672064693
100,5.348,0.02162583946035765
100,5.3500000000000005,0.021739528238330023
100,5.352,0.021853127578027206
100,5.354,0.02196662185443664
100,5.356,0.022079996214686023
100,5.3580000000000005,0.022193236548362996
100,5.36,0.022306329458918743
100,5.362,0.02241926223611432
100,5.364,0.022532022829473346
100,5.3660000000000005,0.022644599822703716
100,5.368,0.02275698240905539
100,5.37,0.022869160367578398
100,5.372,0.02298112404024962
100,5.3740000000000006,0.023092864309937386
100,5.376,0.023204372579172107
100,5.378,0.02331564074969623
100,5.38,0.02342666120276243
100,5.382,0.023519524922790216
100,5.384,0.02359502684052668
100,5.386,0.023653932476825533
100,5.388,0.02369697904775709
100,5.39,0.02372487652183153
100,5.392,0.02373830863198688
100,5.394,0.023737933844806467
100,5.396,0.02372438628925361
100,5.398,0.02369827664705263
100,5.4,0.023660193006700324
100,5.402,0.023610701682958087
100,5.404,0.02355034800355532
100,5.406,0.023479657064718402
100,5.408,0.02339913445704164
100,5.41,0.02330926696311822
100,5.412,0.023210523228265004
100,5.414,0.023103354405590432
100,5.416,0.02298819477658549
100,5.418,0.022865462348344617
100,5.42,0.022735559428462383
100,5.422,0.022598873178589978
100,5.424,0.022455776147584827
100,5.426,0.022306626785130502
100,5.428,0.022151769936660546
100,5.43,0.021991537320373556
100,5.432,0.02182624798708633
100,5.434,0.021656208763631956
100,5.436,0.021481714680476903
100,5.438,0.02130304938419279
100,5.44,0.02112048553539001
100,5.442,0.020934285192691693
100,5.444,0.020744700183293205
100,5.446,0.02055197246063472
100,5.448,0.020356334449680248
100,5.45,0.02015800938028202
100,5.452,0.019957211609081035
100,5.454,0.019754146930377706
100,5.456,0.019549012876385448
100,5.458,0.019341999007262817
100,5.46,0.019133287191301
100,5.462,0.01892305187563001
100,5.464,0.0187114603477871
100,5.466,0.018498672988481474
100,5.468,0.01828484351587145
100,5.47,0.018070119221659218
100,5.472,0.017854641199294845
100,5.474,0.01763854456457071
100,5.476,0.01742195866887615
100,5.478,0.017205007305368586
100,5.48,0.01698780890831232
100,5.482,0.016770476745823566
100,5.484,0.0165531191062508
100,5.486,0.01633583947841264
100,5.488,0.016118736725906427
100,5.49,0.01590190525569247
100,5.492,0.01568543518115304
100,5.494,0.015469412479815528
100,5.496,0.01525391914592604
100,5.498,0.01503903333804925
100,5.5,0.014824829521868851
100,5.502,0.014611378608351619
100,5.5040000000000004,0.01439874808743947
100,5.506,0.014187002157421294
100,5.508,0.013976201850138285
100,5.51,0.013766405152166655
100,5.5120000000000005,0.013557667122119584
100,5.514,0.013350040004206191
100,5.516,0.013143573338180548
100,5.518,0.01293831406581007
100,5.5200000000000005,0.012734306633989303
100,5.522,0.012531593094622115
100,5.524,0.012330213201391558
100,5.526,0.0121302045035344
100,5.5280000000000005,0.011931602436734037
100,5.53,0.011734440411242527
100,5.532,0.011538749897342836
100,5.534,0.011344560508256385
100,5.5360000000000005,0.011151900080601613
100,5.538,0.010960794752507422
100,5.54,0.010771269039482848
100,5.542,0.010581749642043626
100,5.5440000000000005,0.010392333466789564
100,5.546,0.010203113262965965
100,5.548,0.010014177795188631
100,5.55,0.009825612011850776
100,5.5520000000000005,0.00963749720952039
100,5.554,0.00944991119364432
100,5.556,0.009262928435883708
100,5.558,0.009076620228418592
100,5.5600000000000005,0.008891054835572692
100,5.562,0.008706297643128863
100,5.564,0.008522411305725659
100,5.566,0.008339455892750305
100,5.5680000000000005,0.008157489033177279
100,5.57,0.007976566059830577
100,5.572,0.0077967401535954245
100,5.574,0.007618062488148622
100,5.5760000000000005,0.007440582375837146
100,5.578,0.007264347415396233
100,5.58,0.007089403642278077
100,5.582,0.00693401404365735
100,5.5840000000000005,0.006797322889286173
100,5.586,0.006678505758824245
100,5.588,0.006576768873682657
100,5.59,0.006491348450509285
100,5.5920000000000005,0.006421510060178965
100,5.594,0.006366547977073561
100,5.596,0.006325784505578489
100,5.598,0.006298569273827956
100,5.6000000000000005,0.006284278488475764
100,5.602,0.006282314148233502
100,5.604,0.0062921032177360855
100,5.606,0.006313096766613903
100,5.6080000000000005,0.006344769081247972
100,5.61,0.0063866167584222195
100,5.612,0.006438157790941869
100,5.614,0.006498930655339372
100,5.6160000000000005,0.006568493411167219
100,5.618,0.0066464228202541276
100,5.62,0.006732313492868831
100,5.622,0.006824593653379803
100,5.6240000000000006,0.006922950046206673
100,5.626,0.007027082521466693
100,5.628,0.0071367034355865775
100,5.63,0.0072515370843922655
100,5.632,0.007371319167830426
100,5.634,0.007495796285046604
100,5.636,0.007624725458259994
100,5.638,0.007757873683695536
100,5.64,0.007895017507759467
100,5.642,0.008035942626630498
100,5.644,0.008180443507495016
100,5.646,0.008328323029731275
100,5.648,0.00847939214446536
100,5.65,0.008633469551042607
100,5.652,0.008790381389087144
100,5.654,0.008949960944952758
100,5.656,0.009112048371491079
100,5.658,0.00927649042017763
100,5.66,0.009443140184744053
100,5.662,0.00960935263913658
100,5.664,0.009775112187520932
100,5.666,0.009940404173753309
100,5.668,0.010105214841504498
100,5.67,0.010269531296020023
100,5.672,0.010433341467444717
100,5.674,0.010596634075647449
100,5.676,0.010759398596480242
100,5.678,0.01092162522941188
100,5.68,0.011083304866479238
100,5.682,0.011244429062499683
100,5.684,0.011404990006492732
100,5.686,0.011564980494261065
100,5.688,0.011724393902080759
100,5.69,0.011883224161458534
100,5.692,0.012041465734907546
100,5.694,0.012199113592704024
100,5.696,0.012356163190580657
100,5.698,0.012512610448322055
100,5.7,0.012668451729222046
100,5.702,0.01282235544078501
100,5.704,0.012974379816352924
100,5.706,0.013124581086887785
100,5.708,0.013273013553025757
100,5.71,0.013419729654720478
100,5.712,0.013564780038512803
100,5.714,0.013708213622479289
100,5.716,0.013850077658910477
100,5.718,0.013990417794776895
100,5.72,0.014129278130041
100,5.722,0.01426670127387795
100,5.724,0.014402728398864993
100,5.726,0.014537399293203837
100,5.728,0.014670752411037791
100,5.73,0.014802824920924947
100,5.732,0.01493365275252965
100,5.734,0.015063270641591936
100,5.736,0.015191712173234978
100,5.738,0.015319009823667247
100,5.74,0.01544519500033739
100,5.742,0.015570298080595303
100,5.744,0.015694348448914805
100,5.746,0.01581737453272874
100,5.748,0.015939403836927667
100,5.75,0.01606046297707035
100,5.752,0.016180577711354987
100,5.7540000000000004,0.016299772971395177
100,5.756,0.016418072891846474
100,5.758,0.01653550083892514
100,5.76,0.01665207943786177
100,5.7620000000000005,0.016767830599327946
100,5.764,0.01688277554487694
100,5.766,0.016996934831432206
100,5.768,0.01711032837486303
100,5.7700000000000005,0.01722297547267856
100,5.772,0.017334894825876364
100,5.774,0.017446104559975206
100,5.776,0.017556622245263213
100,5.7780000000000005,0.017666464916293274
100,5.78,0.017775649090651057
100,5.782,0.017884190787024835
100,5.784,0.017992105542604254
100,5.7860000000000005,0.01809940842983122
100,5.788,0.018206114072529617
100,5.79,0.018312236661436984
100,5.792,0.018417789969158882
100,5.7940000000000005,0.018522787364571042
100,5.796,0.01862724182668688
100,5.798,0.018731165958013156
100,5.8,0.018834571997412584
100,5.8020000000000005,0.018937471832490206
100,5.804,0.0190398770115244
100,5.806,0.019141798754957494
100,5.808,0.019243247966464375
100,5.8100000000000005,0.019344235243612843
100,5.812,0.019444770888133744
100,5.814,0.019544864915813746
100,5.816,0.019644527066025107
100,5.8180000000000005,0.019743766810907535
100,5.82,0.01984259336421383
100,5.822,0.019942203116057048
100,5.824,0.020042546008848725
100,5.8260000000000005,0.020143574038971174
100,5.828,0.020245241179090812
100,5.83,0.020347503303340068
100,5.832,0.020450318115261695
100,5.8340000000000005,0.020553645078417577
100,5.836,0.020657445349562393
100,5.838,0.020761681714290933
100,5.84,0.020866318525067717
100,5.8420000000000005,0.020971321641552475
100,5.844,0.021076658373137956
100,5.846,0.021182297423618605
100,5.848,0.021288208837913273
100,5.8500000000000005,0.021394363950766025
100,5.852,0.02150073533735197
100,5.854,0.02160729676572148
100,5.856,0.021714023151011248
100,5.8580000000000005,0.02182089051136006
100,5.86,0.02192787592546628
100,5.862,0.02203495749172636
100,5.864,0.022142114288896467
100,5.8660000000000005,0.022249326338220885
100,5.868,0.022356574566974242
100,5.87,0.022463840773363955
100,5.872,0.02257110759274382
100,5.8740000000000006,0.022678358465091156
100,5.876,0.022785577603697604
100,5.878,0.02289274996503364
100,5.88,0.022999861219739404
100,5.882000000000001,0.0231068977247017
100,5.884,0.02321384649617761
100,5.886,0.023320695183924753
100,5.888,0.023427432046302182
100,5.89,0.023534045926304523
100,5.892,0.02364052622849608
100,5.894,0.023746862896811497
100,5.896,0.02385304639318912
100,5.898,0.023959067677008738
100,5.9,0.0240649181853015
100,5.902,0.024154075330827682
100,5.904,0.024227291956260125
100,5.906,0.024285292129624568
100,5.908,0.024328772251115422
100,5.91,0.024358402112800794
100,5.912,0.024374825913462718
100,5.914,0.02437866323072474
100,5.916,0.024370509952532177
100,5.918,0.024350939169951655
100,5.92,0.024320502033160506
100,5.922,0.024279728572398615
100,5.924,0.02422912848556598
100,5.926,0.024169191894055017
100,5.928,0.02410039006832335
100,5.93,0.024023176124628773
100,5.932,0.023937985694271087
100,5.934,0.02384523756661091
100,5.936,0.023745334307066806
100,5.938,0.023638662851226393
100,5.94,0.023525595076143307
100,5.942,0.023406488349837946
100,5.944,0.023281686059960637
100,5.946,0.023151518122529215
100,5.948,0.023016301471600796
100,5.95,0.022876340530695642
100,5.952,0.022731927666747344
100,5.954,0.022583343627312718
100,5.956,0.022430857961740117
100,5.958,0.022274729426956887
100,5.96,0.022115206378505545
100,5.962,0.021952527147427063
100,5.964,0.02178692040355867
100,5.966,0.021618605505789815
100,5.968,0.021447792839789283
100,5.97,0.02127468414369665
100,5.972,0.02109947282224445
100,5.974,0.0209223442497593
100,5.976,0.02074347606246708
100,5.978,0.020563038440508313
100,5.98,0.020381194380054098
100,5.982,0.02019516999838956
100,5.984,0.020005256492756588
100,5.986,0.019811733264364688
100,5.988,0.019614868346873402
100,5.99,0.01941491881935226
100,5.992,0.01921213120435725
100,5.994,0.0190067418517247
100,5.996,0.018798977308661813
100,5.998,0.01858905467667603
100,6.0,0.01837718195586861
100,6.002,0.01816355837708411
100,6.0040000000000004,0.01794837472239308
100,6.006,0.01773181363435458
100,6.008,0.0175140499144944
100,6.01,0.017295250811405167
100,6.0120000000000005,0.017075576298866343
100,6.014,0.016855179344356486
100,6.016,0.016634206168320755
100,6.018,0.016412796494536346
100,6.0200000000000005,0.016191083791907805
100,6.022,0.015969195508007485
100,6.024,0.015747253294667342
100,6.026,0.015525373225912395
100,6.0280000000000005,0.015303666008517288
100,6.03,0.015082237185455033
100,6.032,0.014861187332499325
100,6.034,0.014640612248228942
100,6.0360000000000005,0.014420603137675354
100,6.038,0.014201246789848214
100,6.04,0.013982625749360413
100,6.042,0.013764818482372019
100,6.0440000000000005,0.013547899537061885
100,6.046,0.013331939698830453
100,6.048,0.01311700614043179
100,6.05,0.012903162567223661
100,6.0520000000000005,0.012690469357724946
100,6.054,0.012478983699657215
100,6.056,0.01226875972165052
100,6.058,0.012059848620782283
100,6.0600000000000005,0.011852298786118246
100,6.062,0.01164615591842064
100,6.064,0.011441463146183386
100,6.066,0.011238261138153535
100,6.0680000000000005,0.011036588212495622
100,6.07,0.010836480442750825
100,6.072,0.010637971760746635
100,6.074,0.01044109405660446
100,6.0760000000000005,0.010245877275998483
100,6.078,0.010052349514814884
100,6.08,0.00986053711136063
100,6.082,0.009670464736274982
100,6.0840000000000005,0.00948215548029241
100,6.086,0.009295630940014496
100,6.088,0.009110911301842746
100,6.09,0.008928015424234877
100,6.0920000000000005,0.008746960918444053
100,6.094,0.008567764227909178
100,6.096,0.008390440706468787
100,6.098,0.00821500469557454
100,6.1000000000000005,0.008041469600689898
100,6.102,0.007868090234388562
100,6.104,0.007694969143538153
100,6.106,0.00752220497341478
100,6.1080000000000005,0.007349892711774505
100,6.11,0.007178123933847768
100,6.112,0.0070069870494648915
100,6.114,0.006836567553650754
100,6.1160000000000005,0.006666948282188673
100,6.118,0.006498209673832724
100,6.12,0.006330430041067241
100,6.122,0.006163685851560798
100,6.1240000000000006,0.005998052022762176
100,6.126,0.005833602232426512
100,6.128,0.005670409248266741
100,6.13,0.005508545280393558
100,6.132000000000001,0.005348082360754849
100,6.134,0.005189092754422866
100,6.136,0.005031649408311016
100,6.138,0.004875826443750318
100,6.140000000000001,0.004721699700326809
100,6.142,0.004587316015520056
100,6.144,0.004471659297770599
100,6.146,0.004373755032637179
100,6.148,0.004292672449758332
100,6.15,0.004227526403814835
100,6.152,0.004177478745477593
100,6.154,0.004141739005616028
100,6.156,0.004119564283258985
100,6.158,0.004110258304860737
100,6.16,0.004113169698196802
100,6.162,0.004127689588731029
100,6.164,0.004153248672531461
100,6.166,0.004189313944445682
100,6.168,0.004235385263699538
100,6.17,0.004290991924673679
100,6.172,0.004355689373424465
100,6.174,0.0044290561762238955
100,6.176,0.004510691310191484
100,6.178,0.004600211812167756
100,6.18,0.004697250793075729
100,6.182,0.00479888731365287
100,6.184,0.004904899377826161
100,6.186,0.00501507270151377
100,6.188,0.0051292003822444145
100,6.19,0.005247082630908348
100,6.192,0.005368526550228334
100,6.194,0.00549334594716203
100,6.196,0.005621361168905143
100,6.198,0.0057523989543815735
100,6.2,0.005886292295026926
100,6.202,0.006022880300295964
100,6.204,0.006162008064660454
100,6.206,0.00630352653393739
100,6.208,0.006447292369620592
100,6.21,0.0065931678105363035
100,6.212,0.006741020531607269
100,6.214,0.006890723499856017
100,6.216,0.007042154828000845
100,6.218,0.007195197626147957
100,6.22,0.007349739852163648
100,6.222,0.007505674161341695
100,6.224,0.007662897755983888
100,6.226,0.007821312235483059
100,6.228,0.007980823447460678
100,6.23,0.008141341340456902
100,6.232,0.008302779818618392
100,6.234,0.008465056598771364
100,6.236,0.008628093070210185
100,6.238,0.008791814157479077
100,6.24,0.00895614818637289
100,6.242,0.00912102675333976
100,6.244,0.009286384598419661
100,6.246,0.009452159481824504
100,6.248,0.009618292064224954
100,6.25,0.00978472579078226
100,6.252,0.009951406778940002
100,6.2540000000000004,0.010118283709966949
100,6.256,0.01028530772422281
100,6.258,0.010452432320108286
100,6.26,0.010619613256639158
100,6.2620000000000005,0.010785359758532523
100,6.264,0.010949701369449933
100,6.266,0.011112666832674556
100,6.268,0.011274284104588231
100,6.2700000000000005,0.011434580369795529
100,6.272,0.011593582057518856
100,6.274,0.011751314858949983
100,6.276,0.011907803745298295
100,6.2780000000000005,0.012063072986316396
100,6.28,0.012217146169124853
100,6.282,0.012370046217185175
100,6.284,0.012521795409298299
100,6.2860000000000005,0.012672415398523828
100,6.288,0.012821927230939487
100,6.29,0.012970351364170105
100,6.292,0.013117707685631499
100,6.2940000000000005,0.013264015530444526
100,6.296,0.013409293698984906
100,6.298,0.013553560474039734
100,6.3,0.013696833637552221
100,6.3020000000000005,0.01383913048693728
100,6.304,0.01398046785095903
100,6.306,0.014120862105162692
100,6.308,0.014260329186858354
100,6.3100000000000005,0.01439888460965508
100,6.312,0.014536543477548148
100,6.314,0.01467332049856306
100,6.316,0.014809229997961094
100,6.3180000000000005,0.014944285931012881
100,6.32,0.01507850189534853
100,6.322,0.015211891142892085
100,6.324,0.015344466591389485
100,6.3260000000000005,0.015476240835539995
100,6.328,0.015607226157740678
100,6.33,0.015737434538455095
100,6.332,0.015866877666214977
100,6.3340000000000005,0.015995566947268048
100,6.336,0.016123513514880037
100,6.338,0.016250728238303085
100,6.34,0.016377221731420522
100,6.3420000000000005,0.01650300436107821
100,6.344,0.016628086255114072
100,6.346,0.016752477310093352
100,6.348,0.01687618719876222
100,6.3500000000000005,0.016999225377228255
100,6.352,0.017121601091876586
100,6.354,0.01724332338603271
100,6.356,0.01736440110637898
100,6.3580000000000005,0.017484842909136055
100,6.36,0.017604657266014807
100,6.362,0.01772385246995008
100,6.364,0.017842436640621493
100,6.3660000000000005,0.0179604177297721
100,6.368,0.018077803526329265
100,6.37,0.018194601661337576
100,6.372,0.01831081961270957
100,6.3740000000000006,0.018426464709801988
100,6.376,0.018541544137822222
100,6.378,0.018656064942074772
100,6.38,0.01877003403205022
100,6.382000000000001,0.01888345818536495
100,6.384,0.01899634405155625
100,6.386,0.01910869815573958
100,6.388,0.019220526902131017
100,6.390000000000001,0.01933183657744315
100,6.392,0.01944263335415564
100,6.394,0.019552923293669627
100,6.396,0.019662712349345416
100,6.398000000000001,0.01977200636943341
100,6.4,0.019880811099896575
100,6.402,0.01998913218713478
100,6.404,0.020096975180609118
100,6.406,0.02020434553537408
100,6.408,0.02031124861451979
100,6.41,0.02041768969152655
100,6.412,0.02052367395253765
100,6.414,0.02062920649855152
100,6.416,0.020734292347537254
100,6.418,0.020838936436476094
100,6.42,0.02094314362333218
100,6.422,0.021046918688955234
100,6.424,0.021150266338917412
100,6.426,0.021253191205286823
100,6.428,0.02135569784834119
100,6.43,0.021457790758222767
100,6.432,0.021559474356537326
100,6.434,0.021660752997899373
100,6.436,0.021761630971426128
100,6.438,0.021862112502180103
100,6.44,0.021962201752566347
100,6.442,0.02206190282368112
100,6.444,0.02216121975661903
100,6.446,0.022260156533734605
100,6.448,0.022358717079865833
100,6.45,0.022456905263516777
100,6.452,0.022554724898002435
100,6.454,0.022652179742558162
100,6.456,0.022749273503413204
100,6.458,0.022846009834830792
100,6.46,0.022942392340116406
100,6.462,0.023039632047092848
100,6.464,0.02313766973662627
100,6.466,0.023236448719417355
100,6.468,0.0233359147353366
100,6.47,0.02343601585666853
100,6.472,0.023536702395116262
100,6.474,0.023637926812426255
100,6.476,0.023739643634494736
100,6.478,0.0238418093688252
100,6.48,0.023944382425207026
100,6.482,0.024047323039496606
100,6.484,0.024150593200377858
100,6.486,0.02425415657899184
100,6.488,0.024357978461324446
100,6.49,0.024462025683244494
100,6.492,0.024566266568094155
100,6.494,0.024670670866729527
100,6.496,0.02477520969991939
100,6.498,0.02487985550300959
100,6.5,0.024984581972767195
100,6.502,0.025072425323406342
100,6.5040000000000004,0.025144176598620747
100,6.506,0.02520059483008789
100,6.508,0.025242408363255815
100,6.51,0.025270316120731558
100,6.5120000000000005,0.025284988806747427
100,6.514,0.02528707005597693
100,6.516,0.025277177529778722
100,6.518,0.025255903962754303
100,6.5200000000000005,0.025223818162329888
100,6.522,0.02518146596389834
100,6.524,0.025129371143901343
100,6.526,0.025068036293078966
100,6.5280000000000005,0.02499794365197467
100,6.53,0.02491955591065248
100,6.532,0.02483331697446129
100,6.534,0.024739652697566877
100,6.5360000000000005,0.024638971585867076
100,6.538,0.024531665470804216
100,6.54,0.024418110155503492
100,6.542,0.024295528048581597
100,6.5440000000000005,0.02416442215457743
100,6.546,0.02402527497443354
100,6.548,0.023878549300088578
100,6.55,0.02372468897599645
100,6.5520000000000005,0.023564119629241372
100,6.554,0.02339724936980991
100,6.556,0.02322446946248559
100,6.558,0.02304615497174101
100,6.5600000000000005,0.02286266538091942
100,6.562,0.0226743451869207
100,6.564,0.02248152447153511
100,6.566,0.022284519450500306
100,6.5680000000000005,0.022083633001297388
100,6.57,0.021879155170643576
100,6.572,0.021671363662583657
100,6.574,0.021460524308035873
100,6.5760000000000005,0.021246891516598133
100,6.578,0.021030708711380273
100,6.58,0.020812208747584576
100,6.582,0.02059031249601392
100,6.5840000000000005,0.02036530109058113
100,6.586,0.0201374435295653
100,6.588,0.019906997137474305
100,6.59,0.01967420800957633
100,6.5920000000000005,0.01943931143984001
100,6.594,0.01920253233298296
100,6.596,0.018964085601298614
100,6.598,0.018724176546887433
100,6.6000000000000005,0.018483001229896847
100,6.602,0.01824074682333697
100,6.604,0.0179975919550162
100,6.606,0.017753707037113393
100,6.6080000000000005,0.01750925458387811
100,6.61,0.017264389517928642
100,6.612,0.017019259465597313
100,6.614,0.01677400504174971
100,6.6160000000000005,0.016528760124489165
100,6.618,0.016283652120137288
100,6.62,0.01603880221886733
100,6.622,0.01579432564135036
100,6.6240000000000006,0.01555033187675989
100,6.626,0.015306924912468232
100,6.628,0.015064203455754117
100,6.63,0.014822261147829422
100,6.632000000000001,0.014581186770482814
100,6.634,0.014341064445627022
100,6.636,0.01410197382802733
100,6.638,0.01386399029148003
100,6.640000000000001,0.013627185108701943
100,6.642,0.013391625625183734
100,6.644,0.0131573754272542
100,6.646,0.012924494504595905
100,6.648000000000001,0.012693039407447764
100,6.65,0.012463063398723977
100,6.652,0.012234616601277842
100,6.654,0.012007746140530191
100,6.656000000000001,0.011782496282686914
100,6.658,0.011558908568760686
100,6.66,0.011337021944616357
100,6.662,0.011118203592134744
100,6.664,0.010902415302137236
100,6.666,0.010689619662245837
100,6.668,0.01047978005790067
100,6.67,0.01027286067413946
100,6.672,0.010068826498194874
100,6.674,0.009867643322964876
100,6.676,0.009669277751418126
100,6.678,0.009473697202001644
100,6.68,0.009280869915120034
100,6.682,0.009090764960764428
100,6.684,0.008903352247373857
100,6.686,0.008718602532017469
100,6.688,0.008536487431993657
100,6.69,0.008356979437950194
100,6.692,0.008180051928636224
100,6.694,0.008005679187406498
100,6.696,0.00783383642060582
100,6.698,0.007664499777973342
100,6.7,0.007497646375215579
100,6.702,0.007332600619475696
100,6.704,0.00716937712781677
100,6.706,0.007007990560025345
100,6.708,0.006848455740560342
100,6.71,0.006690787785436407
100,6.712,0.006535002234749421
100,6.714,0.00638111519161243
100,6.716,0.006229143468321693
100,6.718,0.006079104740635533
100,6.72,0.005931017711104352
100,6.722,0.005784902282447888
100,6.724,0.005640779742034823
100,6.726,0.005498672958559632
100,6.728,0.005358606592055823
100,6.73,0.005220607318398733
100,6.732,0.00508470406944633
100,6.734,0.0049509282899304445
100,6.736,0.004819314212115001
100,6.738,0.004689899149094131
100,6.74,0.004562723807358326
100,6.742,0.004453661974844025
100,6.744,0.004361680557191097
100,6.746,0.0042857942533866804
100,6.748,0.004225068004575598
100,6.75,0.004178618855576229
100,6.752,0.004145617025830643
100,6.7540000000000004,0.00412528606592589
100,6.756,0.004116902063381372
100,6.758,0.004119791944927865
100,6.76,0.004133330991916187
100,6.7620000000000005,0.004156939734320382
100,6.764,0.004190080414591211
100,6.766,0.004232253216586576
100,6.768,0.004282992440785738
100,6.7700000000000005,0.004341862780252194
100,6.772,0.004408455817894286
100,6.774,0.004482386829495012
100,6.776,0.004563291942654969
100,6.7780000000000005,0.004650825671892489
100,6.78,0.004744658826105143
100,6.782,0.004843004311463414
100,6.784,0.004945628020297762
100,6.7860000000000005,0.005052304823848553
100,6.788,0.005162818070172675
100,6.79,0.00527695917645955
100,6.792,0.005394527294877702
100,6.7940000000000005,0.00551532903425809
100,6.796,0.005639178222995755
100,6.798,0.005765895701393896
100,6.8,0.005895309134182591
100,6.8020000000000005,0.006027252836127604
100,6.804,0.006161567605454436
100,6.806,0.006298100561314542
100,6.808,0.006436704982707878
100,6.8100000000000005,0.006577240147220852
100,6.812,0.006719571168643468
100,6.814,0.006863568833072123
100,6.816,0.007009109433477623
100,6.8180000000000005,0.0071560746029894875
100,6.82,0.007304351147314743
100,6.822,0.00745383087681251
100,6.824,0.007604410438792181
100,6.8260000000000005,0.007755991150613013
100,6.828,0.007908478834143312
100,6.83,0.008061783652105036
100,6.832,0.008215819946778223
100,6.8340000000000005,0.008370506081487346
100,6.836,0.008525764285236924
100,6.838,0.008681520500805846
100,6.84,0.008837704236556573
100,6.8420000000000005,0.008994248422163521
100,6.844,0.009151089268420577
100,6.846,0.009308166131242338
100,6.848,0.009465421379936724
100,6.8500000000000005,0.009622800269793636
100,6.852,0.00978025081900321
100,6.854,0.009937723689894122
100,6.856,0.010095172074457565
100,6.8580000000000005,0.010252551584106515
100,6.86,0.010409820143604255
100,6.862,0.01056535219969201
100,6.864,0.010719190455414944
100,6.8660000000000005,0.010871376215325381
100,6.868,0.011021949419667635
100,6.87,0.011170948680470008
100,6.872,0.01131841131895374
100,6.8740000000000006,0.01146437340378046
100,6.876,0.011608869789742116
100,6.878,0.011751934156576925
100,6.88,0.011893599047647613
100,6.882000000000001,0.012033895908275681
100,6.884,0.01217285512356048
100,6.886,0.012310506055551266
100,6.888,0.012446877079666383
100,6.890000000000001,0.012581995620278083
100,6.892,0.0127158881854015
100,6.894,0.012848580400443876
100,6.896,0.01298009704098173
100,6.898000000000001,0.013110462064545478
100,6.9,0.013239698641403074
100,6.902,0.013367829184338003
100,6.904,0.013494875377425017
100,6.906000000000001,0.013620858203815128
100,6.908,0.013745797972537954
100,6.91,0.013869714344342962
100,6.912,0.01399262635659484
100,6.914,0.01411455244724542
100,6.916,0.014235510477906079
100,6.918,0.014355517756041408
100,6.92,0.014474591056313317
100,6.922,0.014592746641096391
100,6.924,0.014710000280193947
100,6.926,0.014826367269778328
100,6.928,0.014941862450581862
100,6.93,0.015056500225365586
100,6.932,0.015170294575687792
100,6.934,0.015283259078000986
100,6.936,0.015395406919099143
100,6.938,0.015506750910941254
100,6.94,0.01561730350487264
100,6.942,0.015727076805268164
100,6.944,0.015836082582619943
100,6.946,0.015944332286089758
100,6.948,0.016051837055548034
100,6.95,0.01615860773311997
100,6.952,0.01626465487425709
100,6.954,0.016369988758355433
100,6.956,0.016474619398936186
100,6.958,0.016578556553407883
100,6.96,0.016681809732427826
100,6.962,0.0167843882088768
100,6.964,0.01688630102646607
100,6.966,0.016987557007988836
100,6.968,0.01708816476323288
100,6.97,0.01718813269656776
100,6.972,0.017287469014219826
100,6.974,0.017386181731248448
100,6.976,0.017484278678235907
100,6.978,0.017581767507703
100,6.98,0.01767865570026123
100,6.982,0.017776548385900523
100,6.984,0.017875371111720027
100,6.986,0.017975052866111382
100,6.988,0.018075525928980464
100,6.99,0.018176725728437072
100,6.992,0.018278590703672378
100,6.994,0.018381062173757966
100,6.996,0.018484084212108953
100,6.998,0.01858760352636423
100,7.0,0.018691569343453607
100,7.002,0.018795933299622685
100,7.0040000000000004,0.01890064933520476
100,7.006,0.01900567359393235
100,7.008,0.019110964326592546
100,7.01,0.019216481798838985
100,7.0120000000000005,0.01932218820297998
100,7.014,0.019428047573572107
100,7.016,0.019534025706654155
100,7.018,0.01964009008246437
100,7.0200000000000005,0.019746209791491155
100,7.022,0.019850756828320677
100,7.024,0.01995378460202844
100,7.026,0.020055344367548963
100,7.0280000000000005,0.020155485316319447
100,7.03,0.0202542546630382
100,7.032,0.020351697728704644
100,7.034,0.020447858020102745
100,7.0360000000000005,0.020542777305880333
100,7.038,0.020636495689371346
100,7.04,0.020729051678302784
100,7.042,0.020820482251519393
100,7.0440000000000005,0.020910822922858084
100,7.046,0.02100010780229193
100,7.048,0.021088369654464634
100,7.05,0.021175639954727384
100,7.0520000000000005,0.02126194894278649
100,7.054,0.021347325674064416
100,7.056,0.021431798068873957
100,7.058,0.021515392959500383
100,7.0600000000000005,0.021598136135280836
100,7.062,0.021680052385768003
100,7.064,0.021761165542061173
100,7.066,0.021841498516383978
100,7.0680000000000005,0.021921073339981938
100,7.07,0.021999911199416838
100,7.072,0.02207803247132184
100,7.074,0.022155456755687544
100,7.0760000000000005,0.02223220290774022
100,7.078,0.02230828906847248
100,7.08,0.022383732693886414
100,7.082,0.022458550583001075
100,7.0840000000000005,0.022532758904681087
100,7.086,0.02260637322333321
100,7.088,0.02267940852352228
100,7.09,0.022751879233551535
100,7.0920000000000005,0.022823799248051526
100,7.094,0.022895181949618856
100,7.096,0.02296604022954976
100,7.098,0.0230363865077004
100,7.1000000000000005,0.023106232751517023
100,7.102,0.02315793302704033
100,7.104,0.023192392562936915
100,7.106,0.02321047803121302
100,7.1080000000000005,0.023213019213705055
100,7.11,0.023200810590857084
100,7.112,0.023174612856255012
100,7.114,0.02313515436042549
100,7.1160000000000005,0.023083132487363912
100,7.118,0.023019214967181095
100,7.12,0.022944041128139955
100,7.122,0.022858223091225323
100,7.1240000000000006,0.02276234691024609
100,7.126,0.022656973660323047
100,7.128,0.022542640477465625
100,7.13,0.022419861551797357
100,7.132000000000001,0.02228912907684345
100,7.134,0.022150914157162502
100,7.136,0.022005667676465855
100,7.138,0.021853821128251752
100,7.140000000000001,0.021695787410855105
100,7.142,0.021531961588709292
100,7.144,0.021362721621506976
100,7.146,0.021188429062850928
100,7.148000000000001,0.021009429729892563
100,7.15,0.020826054345370257
100,7.152,0.020638619153377745
100,7.154,0.020447426510118563
100,7.156000000000001,0.02025276545083068
100,7.158,0.020054912234001417
100,7.16,0.01985413086392755
100,7.162,0.019650673592623326
100,7.164000000000001,0.0194447814020206
100,7.166,0.01923668446735747
100,7.168,0.019026602602606215
100,7.17,0.018814745688742352
100,7.172,0.01860131408562505
100,7.174,0.018386499028210525
100,7.176,0.018170483007792292
100,7.178,0.01795344013892546
100,7.18,0.017735536512661493
100,7.182,0.017516930536691375
100,7.184,0.017297773262967584
100,7.186,0.017078208703350188
100,7.188,0.01685837413379832
100,7.19,0.016638400387606316
100,7.192,0.016418412138163477
100,7.194,0.016198528171695956
100,7.196,0.015978861650432864
100,7.198,0.015759520366619716
100,7.2,0.015540606987788464
100,7.202,0.015322219293678737
100,7.204,0.015104450405187441
100,7.206,0.014887389005717119
100,7.208,0.014671119555277145
100,7.21,0.014455722497680614
100,7.212,0.014241274461172803
100,7.214,0.014027848452813173
100,7.216,0.013815514046927869
100,7.218,0.01360433756793597
100,7.22,0.01339438226785274
100,7.222,0.013184348126342097
100,7.224,0.012974370911971182
100,7.226,0.012764580540458724
100,7.228,0.012555101379266338
100,7.23,0.0123460525438905
100,7.232,0.012137548186446592
100,7.234,0.011929697777130195
100,7.236,0.011722606379130907
100,7.238,0.011516374917570644
100,7.24,0.01131110044303313
100,7.242,0.01110687639024925
100,7.244,0.010903792832498514
100,7.246,0.010701936732284794
100,7.248,0.010501392188844723
100,7.25,0.0103022406830395
100,7.252,0.010104561320182493
100,7.2540000000000004,0.009908431071344016
100,7.256,0.009713925013670431
100,7.258,0.00952111657024108
100,7.26,0.009330077749970106
100,7.2620000000000005,0.009140144089624023
100,7.264,0.008951434603109003
100,7.266,0.008764066635020138
100,7.268,0.008578156258061012
100,7.2700000000000005,0.008393818676835361
100,7.272,0.008211168638807123
100,7.274,0.008030320853076036
100,7.276,0.007851390417407558
100,7.2780000000000005,0.007674493253679701
100,7.28,0.007499746551554693
100,7.282,0.0073272692197196955
100,7.284,0.007157182343458264
100,7.2860000000000005,0.006989609646577518
100,7.288,0.006824677954808627
100,7.29,0.006662517656676098
100,7.292,0.0065032631564779534
100,7.2940000000000005,0.006347053312390072
100,7.296,0.006194031850784986
100,7.298,0.006044347745613684
100,7.3,0.005898155549127529
100,7.3020000000000005,0.005770592779663905
100,7.304,0.00566031004342671
100,7.306,0.005566030158292488
100,7.308,0.005486553638813721
100,7.3100000000000005,0.005420762713018875
100,7.312,0.005367623680044123
100,7.314,0.005326187548361431
100,7.316,0.005295589013056021
100,7.3180000000000005,0.0052750439269861945
100,7.32,0.005263845489387226
100,7.322,0.005261359415725855
100,7.324,0.005267018366959624
100,7.3260000000000005,0.005280315909533066
100,7.328,0.005300800255026877
100,7.33,0.005328067995894845
100,7.332,0.005361758016007388
100,7.3340000000000005,0.005401545715630431
100,7.336,0.005447137652821258
100,7.338,0.005498266668899038
100,7.34,0.00555468753571625
100,7.3420000000000005,0.005616173137418157
100,7.344,0.005682511179259385
100,7.346,0.0057535014006181275
100,7.348,0.005828953258168287
100,7.3500000000000005,0.005908684037723308
100,7.352,0.005992517348975541
100,7.354,0.006080281955658349
100,7.356,0.006171810894006768
100,7.3580000000000005,0.006266940834299565
100,7.36,0.006365511643274271
100,7.362,0.00646736610895602
100,7.364,0.006572349793588781
100,7.3660000000000005,0.006680310984676949
100,7.368,0.006791100718404115
100,7.37,0.00690457285377976
100,7.372,0.007020584179643504
100,7.3740000000000006,0.0071389945400879675
100,7.376,0.007259666966896227
100,7.378,0.00738246781023334
100,7.38,0.007507266861083651
100,7.382000000000001,0.007631246479609607
100,7.384,0.007754397612038788
100,7.386,0.007876713589017068
100,7.388,0.00799818981141604
100,7.390000000000001,0.008118823476399074
100,7.392,0.008238613338386656
100,7.394,0.008357559500310145
100,7.396,0.008475663231187548
100,7.398000000000001,0.008592926806597708
100,7.4,0.008709353369103086
100,7.402,0.008824946806067447
100,7.404,0.008939711642658619
100,7.406000000000001,0.00905365294812506
100,7.408,0.009166776253681065
100,7.41,0.009279087480560496
100,7.412,0.0093905928769812
100,7.414000000000001,0.00950129896292604
100,7.416,0.009611212481787212
100,7.418,0.009720340358038856
100,7.42,0.009828689660210195
100,7.422000000000001,0.009936267568521465
100,7.424,0.010043081346622499
100,7.426,0.010149138316945253
100,7.428,0.010254445839238296
100,7.43,0.010359011291905853
100,7.432,0.01046284205581801
100,7.434,0.010565945500299887
100,7.436,0.01066832897104002
100,7.438,0.010769999779691444
100,7.44,0.010870965194964942
100,7.442,0.010971232435035706
100,7.444,0.011070808661107292
100,7.446,0.011169700971994666
100,7.448,0.01126791639960356
100,7.45,0.011365461905197483
100,7.452,0.011462344376356164
100,7.454,0.01155857062454219
100,7.456,0.0116541473831978
100,7.458,0.011749081306307472
100,7.46,0.011843378967366909
100,7.462,0.011937046858704638
100,7.464,0.012030091391112229
100,7.466,0.012122518893740023
100,7.468,0.012214335614223422
100,7.47,0.012305547719007095
100,7.472,0.012396161293838479
100,7.474,0.012486182344406037
100,7.476,0.012575616797099598
100,7.478,0.012664470499872448
100,7.48,0.012752749223190333
100,7.482,0.012840458661048632
100,7.484,0.012927604432047365
100,7.486,0.013014192080510594
100,7.488,0.01310022707764006
100,7.49,0.013185714822694228
100,7.492,0.013270660644185474
100,7.494,0.01335506980108622
100,7.496,0.013438947484041976
100,7.498,0.013522298816580904
100,7.5,0.013605128856321336
100,7.502,0.013687442596167661
100,7.5040000000000004,0.013769244965495546
100,7.506,0.013850540831321362
100,7.508,0.013931334999455262
100,7.51,0.014011632215633396
100,7.5120000000000005,0.014091437166630822
100,7.514,0.01417075448135061
100,7.516,0.01424958873189148
100,7.518,0.014327944434589387
100,7.5200000000000005,0.014405826051036541
100,7.522,0.014483237989073723
100,7.524,0.014560184603758346
100,7.526,0.0146366701983059
100,7.5280000000000005,0.014712699025008508
100,7.53,0.014788275286124655
100,7.532,0.014863403134746938
100,7.534,0.014938086675643898
100,7.5360000000000005,0.015012329966076585
100,7.538,0.015086137016592803
100,7.54,0.015159511791796303
100,7.542,0.01523245821109385
100,7.5440000000000005,0.01530498014941865
100,7.546,0.015377081437933463
100,7.548,0.015448765864710536
100,7.55,0.01552003717539127
100,7.5520000000000005,0.015590899073826178
100,7.554,0.015661355222694066
100,7.556,0.015731409244102854
100,7.558,0.015801064720171856
100,7.5600000000000005,0.015870325193595793
100,7.562,0.01593919416819139
100,7.564,0.01600767510942786
100,7.566,0.01607577144494087
100,7.5680000000000005,0.016143486565030275
100,7.57,0.016210823823143972
100,7.572,0.016277786536346744
100,7.574,0.016344377985774396
100,7.5760000000000005,0.016410601417075687
100,7.578,0.016476460040840902
100,7.58,0.016541957033017265
100,7.582,0.016607095535313213
100,7.5840000000000005,0.01667187865559097
100,7.586,0.016736309468248094
100,7.588,0.01680039101458838
100,7.59,0.016864126303182195
100,7.5920000000000005,0.01692751831021784
100,7.594,0.016990569979843207
100,7.596,0.01705328422449776
100,7.598,0.017115663925237234
100,7.6000000000000005,0.01717771193204888
100,7.602,0.017239431064159517
100,7.604,0.01730082411033581
100,7.606,0.017361893829177164
100,7.6080000000000005,0.0174226429494017
100,7.61,0.017483074170125953
100,7.612,0.017543190161137315
100,7.614,0.017602993563161643
100,7.6160000000000005,0.01766248698812389
100,7.618,0.017721673019403875
100,7.62,0.01778055421208627
100,7.622,0.01783913309320574
100,7.6240000000000006,0.017897412161987213
100,7.626,0.017955393890081054
100,7.628,0.018013080721794843
100,7.63,0.01807047507431921
100,7.632000000000001,0.018127579337951234
100,7.634,0.018184395876312764
100,7.636,0.018240927026566055
100,7.638,0.018297175099624356
100,7.640000000000001,0.018353142380360944
100,7.642,0.018408831127813222
100,7.644,0.018464243575384745
100,7.646,0.01851938193104388
100,7.648000000000001,0.01857424837751956
100,7.65,0.018628845072494463
100,7.652,0.018683174148795664
100,7.654,0.0187372377145823
100,7.656000000000001,0.01879103785353182
100,7.658,0.018844576625022653
100,7.66,0.01889785606431596
100,7.662,0.018950878182734422
100,7.664000000000001,0.01900364496783971
100,7.666,0.019056158383607025
100,7.668,0.019108420370598928
100,7.67,0.019160432846137318
100,7.672000000000001,0.019212197704472404
100,7.674,0.019263716816951916
100,7.676,0.019314992032187422
100,7.678,0.019366025176219992
100,7.68,0.01941681805268367
100,7.682,0.019467372442968648
100,7.684,0.019517690106381706
100,7.686,0.019567772780307115
100,7.688,0.019617622180364766
100,7.69,0.019667240000568173
100,7.692,0.019716627913480927
100,7.694,0.019765787570372093
100,7.696,0.019814720601370985
100,7.698,0.01986342861562015
100,7.7,0.019911913201428755
100,7.702,0.019960175926423036
100,7.704,0.020008218337697843
100,7.706,0.020056041961966583
100,7.708,0.020103648305709834
100,7.71,0.020151038855324047
100,7.712,0.02019821507726853
100,7.714,0.020245178418212894
100,7.716,0.020291930305182598
100,7.718,0.020338472145704386
100,7.72,0.020384805327951193
100,7.722,0.020430931220885983
100,7.724,0.020476851174405168
100,7.726,0.020522566519481228
100,7.728,0.020568078568305434
100,7.73,0.020613388614428428
100,7.732,0.020658497932902392
100,7.734,0.02070340778042062
100,7.736,0.020748119395457627
100,7.738,0.02079263399840886
100,7.74,0.020836952791729136
100,7.742,0.02088107696007103
100,7.744,0.020925007670422716
100,7.746,0.020968746072245966
100,7.748,0.021012293297611513
100,7.75,0.02105565046133692
100,7.752,0.021098818661121472
100,7.7540000000000004,0.021141798977682365
100,7.756,0.021184592474888866
100,7.758,0.021227200199897815
100,7.76,0.02126962318328667
100,7.7620000000000005,0.021311862439187788
100,7.764,0.0213539189654219
100,7.766,0.021395793743629935
100,7.768,0.021437487739406094
100,7.7700000000000005,0.021479001902429812
100,7.772,0.021520337166596484
100,7.774,0.021561494450149942
100,7.776,0.021602474655811346
100,7.7780000000000005,0.02164327867091067
100,7.78,0.02168390736751674
100,7.782,0.021709411317554547
100,7.784,0.02172056274126291
100,7.7860000000000005,0.021718099480988927
100,7.788,0.021702726527055814
100,7.79,0.021675117473683322
100,7.792,0.021635915907714066
100,7.7940000000000005,0.021585736733009935
100,7.796,0.021525167433417734
100,7.798,0.02145476927717545
100,7.8,0.021375078465582963
100,7.8020000000000005,0.021286607228668195
100,7.804,0.021189844870490547
100,7.806,0.021085258766607353
100,7.808,0.020973295316119404
100,7.8100000000000005,0.020854380850593913
100,7.812,0.02072892250204847
100,7.814,0.0205973090320645
100,7.816,0.02045991162399096
100,7.8180000000000005,0.02031708464009184
100,7.82,0.02016916634538902
100,7.822,0.020015157385211802
100,7.824,0.01985544114487512
100,7.8260000000000005,0.019690383549887447
100,7.828,0.019520333816017248
100,7.83,0.019345625166484845
100,7.832,0.019166575517937552
100,7.8340000000000005,0.01898348813676603
100,7.836,0.01879665226723401
100,7.838,0.018606343732808107
100,7.84,0.018412825511992865
100,7.8420000000000005,0.018216348289908955
100,7.844,0.018017150986778443
100,7.846,0.0178154612644211
100,7.848,0.017611496011804836
100,7.8500000000000005,0.017405461810639036
100,7.852,0.017197555381946537
100,7.854,0.016987964014504395
100,7.856,0.016776865975997445
100,7.8580000000000005,0.01656443090768796
100,7.86,0.016350820203365146
100,7.862,0.016136187373305178
100,7.864,0.01592067839393577
100,7.8660000000000005,0.015704432043872313
100,7.868,0.015487580226960835
100,7.87,0.015270248282940095
100,7.872,0.015052555286309287
100,7.8740000000000006,0.014834614333965932
100,7.876,0.014616532822160333
100,7.878,0.014398412713291463
100,7.88,0.014180350793058455
100,7.882000000000001,0.013962438918460935
100,7.884,0.013744764257134598
100,7.886,0.013527409518494356
100,7.888,0.013310453177149828
100,7.890000000000001,0.013093969689051726
100,7.892,0.012878029700819102
100,7.894,0.012662700252701841
100,7.896,0.01244804497562129
100,7.898000000000001,0.012234124282744459
100,7.9,0.012020995556041662
100,7.902,0.011803512490104232
100,7.904,0.011582029034828214
100,7.906000000000001,0.011356883233583904
100,7.908,0.011128398030780667
100,7.91,0.01089688205731721
100,7.912,0.010662630397132238
100,7.914000000000001,0.010425925338248033
100,7.916,0.01018703711195007
100,7.918,0.009946224624061256
100,7.92,0.009703736182685154
100,7.922000000000001,0.009459810227314167
100,7.924,0.00921467606485978
100,7.926,0.008968554618986652
100,7.928,0.008721659200166649
100,7.930000000000001,0.00847419630516186
100,7.932,0.008226366456256759
100,7.934,0.00797836509258272
100,7.936,0.007730383528410848
100,7.938,0.007482609996473206
100,7.94,0.007235230798390535
100,7.942,0.006989897734979126
100,7.944,0.006746703337581029
100,7.946,0.006505745492953499
100,7.948,0.006267128857252
100,7.95,0.006030966510844529
100,7.952,0.0057973819074560624
100,7.954,0.005566511183572126
100,7.956,0.00533850590935318
100,7.958,0.005113536381031262
100,7.96,0.004891795577365278
100,7.962,0.004673503929463595
100,7.964,0.004458915083909449
100,7.966,0.004248322872301802
100,7.968,0.004042069732661349
100,7.97,0.0038405568524479015
100,7.972,0.0036442563053589306
100,7.974,0.0034537254095839266
100,7.976,0.003269623400790289
100,7.978,0.0030927302188381673
100,7.98,0.002923966646777387
100,7.982,0.002777936060685156
100,7.984,0.0026529215786680084
100,7.986,0.0025471273863044257
100,7.988,0.0024587055231044784
100,7.99,0.002385793845296771
100,7.992,0.002326560611395207
100,7.994,0.0022792500473941767
100,7.996,0.002242223466983011
100,7.998,0.0022139918499182883
100,8.0,0.002193237684709542
100,8.002,0.0021788257653072587
100,8.004,0.002169804070639021
100,8.006,0.002165396683894184
100,8.008000000000001,0.002164990974259013
100,8.01,0.0021681211302767645
100,8.012,0.002174449784235267
100,8.014,0.002183749048550367
100,8.016,0.002195881892084248
100,8.018,0.0022107844625102943
100,8.02,0.002228449722078347
100,8.022,0.0022489126007628323
100,8.024000000000001,0.002272236766508195
100,8.026,0.0022985030490557503
100,8.028,0.002327799515608381
100,8.03,0.0023602131709635683
100,8.032,0.002395823233422068
100,8.034,0.0024346959162930017
100,8.036,0.0024768806218209744
100,8.038,0.0025224074307741793
100,8.040000000000001,0.002571285748953944
100,8.042,0.002623503954051957
100,8.044,0.0026790298747775753
100,8.046,0.0027378119303096186
100,8.048,0.002799780762146616
100,8.05,0.002864851201611298
100,8.052,0.0029329244331180036
100,8.054,0.003003890233945237
100,8.056000000000001,0.0030776291936953828
100,8.058,0.003154014839080674
100,8.06,0.0032329156107325746
100,8.062,0.0033127948212059253
100,8.064,0.003393530543329689
100,8.066,0.003475009745700522
100,8.068,0.0035571277428330405
100,8.07,0.0036397876479667877
100,8.072000000000001,0.0037228998387733563
100,8.074,0.003806381443017934
100,8.076,0.003890155848771845
100,8.078,0.003974152241903887
100,8.08,0.004058305172186585
100,8.082,0.004142554148333191
100,8.084,0.0042268432615574884
100,8.086,0.004311120836748476
100,8.088000000000001,0.004395339110018696
100,8.09,0.004479453931186916
100,8.092,0.004563424489646631
100,8.094,0.004647213062031083
100,8.096,0.004730784780099265
100,8.098,0.004814107417306433
100,8.1,0.004897151192590629
100,8.102,0.004979888589985422
100,8.104000000000001,0.00506229419275434
100,8.106,0.00514434453083487
100,8.108,0.005226017940467724
100,8.11,0.005307294434976666
100,8.112,0.00538815558574558
100,8.114,0.005468584412523609
100,8.116,0.005548565282259306
100,8.118,0.005628083815735489
100,8.120000000000001,0.005707126801344123
100,8.122,0.0057856821153933116
100,8.124,0.005863738648398574
100,8.126,0.005941286236855061
100,8.128,0.0060183156000375194
100,8.13,0.006094818281410156
100,8.132,0.006170786594270904
100,8.134,0.006246213571284739
100,8.136000000000001,0.006321092917593695
100,8.138,0.00639541896721839
100,8.14,0.006469186642488841
100,8.142,0.006542391416270203
100,8.144,0.006615029276764238
100,8.146,0.006687096694689278
100,8.148,0.006758590592658711
100,8.15,0.006829508316590577
100,8.152000000000001,0.006899847608998071
100,8.154,0.006969606584021352
100,8.156,0.007038783704074558
100,8.158,0.007107377757988228
100,8.16,0.007175387840543229
100,8.162,0.007242813333295448
100,8.164,0.007309653886600173
100,8.166,0.007375909402754091
100,8.168000000000001,0.007441580020176575
100,8.17,0.007506666098559289
100,8.172,0.007571168204918859
100,8.174,0.007635087100492614
100,8.176,0.007698423728418933
100,8.178,0.007761179202154147
100,8.18,0.007823354794573913
100,8.182,0.007884951927717905
100,8.184000000000001,0.007945972163134828
100,8.186,0.008006417192788712
100,8.188,0.008066288830494156
100,8.19,0.008125589003843435
100,8.192,0.008184319746597687
100,8.194,0.008242483191512152
100,8.196,0.008300081563569867
100,8.198,0.008357117173596605
100,8.2,0.008413592412238732
100,8.202,0.00846950974427591
100,8.204,0.008524871703254855
100,8.206,0.00857968088642022
100,8.208,0.008633939949928822
100,8.21,0.008687651604327603
100,8.212,0.008740818610283668
100,8.214,0.008793443774546675
100,8.216,0.008845529946136329
100,8.218,0.008897080012737082
100,8.22,0.00894809689729134
100,8.222,0.008998583554778353
100,8.224,0.009048542969169642
100,8.226,0.009097978150549777
100,8.228,0.009146892132395057
100,8.23,0.00919528796899918
100,8.232,0.009243168733040126
100,8.234,0.00929053751327866
100,8.236,0.009337397412382821
100,8.238,0.009383751544870342
100,8.24,0.009429603035163199
100,8.242,0.009474955015748769
100,8.244,0.009519810625440741
100,8.246,0.009564173007735339
100,8.248,0.00960804530925817
100,8.25,0.00965143067829557
100,8.252,0.009694332263407069
100,8.254,0.009736753212114512
100,8.256,0.009778696669664293
100,8.258000000000001,0.009820165777857043
100,8.26,0.009861163673943988
100,8.262,0.009903482338302457
100,8.264,0.009947026692318672
100,8.266,0.009991706354905183
100,8.268,0.010037435417830533
100,8.27,0.010084132232144223
100,8.272,0.01013171920510318
100,8.274000000000001,0.010180122607036254
100,8.276,0.010229272387620303
100,8.278,0.01027910200107163
100,8.28,0.010329548239788345
100,8.282,0.01038055107600264
100,8.284,0.010432053511034113
100,8.286,0.010484001431752748
100,8.288,0.010536343473888736
100,8.290000000000001,0.010589030891843964
100,8.292,0.0106420174346791
100,8.294,0.010695259227973031
100,8.296,0.010748714661261724
100,8.298,0.010802344280785692
100,8.3,0.010856110687286747
100,8.302,0.01090997843860912
100,8.304,0.010963913956873331
100,8.306000000000001,0.011017885440004425
100,8.308,0.01107186277740425
100,8.31,0.011125817469572093
100,8.312,0.011179722551487234
100,8.314,0.011233552519571552
100,8.316,0.011287283262067696
100,8.318,0.011340891992669215
100,8.32,0.01139435718725045
100,8.322000000000001,0.011447658523551767
100,8.324,0.011500776823679584
100,8.326,0.011553693999292854
100,8.328,0.011606392999347213
100,8.33,0.0116588577602791
100,8.332,0.01171107315851742
100,8.334,0.011763024965210242
100,8.336,0.011814699803068532
100,8.338000000000001,0.011866085105224246
100,8.34,0.011917169076011995
100,8.342,0.01196794065358156
100,8.344,0.012018389474261029
100,8.346,0.0120685058385833
100,8.348,0.012118280678903371
100,8.35,0.012167705528530276
100,8.352,0.012216772492303326
100,8.354000000000001,0.012265474218545928
100,8.356,0.012313803872332801
100,8.358,0.012361755110009616
100,8.36,0.012409322054906788
100,8.362,0.012456499274190883
100,8.364,0.012503281756803136
100,8.366,0.012549664892431584
100,8.368,0.012595644451470513
100,8.370000000000001,0.01264121656592117
100,8.372,0.012686377711189216
100,8.374,0.012731124688737322
100,8.376,0.012775454609553946
100,8.378,0.012819364878398737
100,8.38,0.012862853178789845
100,8.382,0.012907675696635592
100,8.384,0.012953734775753954
100,8.386000000000001,0.01300093753985549
100,8.388,0.01304919566939935
100,8.39,0.013098425188780445
100,8.392,0.013148546263370644
100,8.394,0.01319948300595782
100,8.396,0.013251163292148193
100,8.398,0.013303518584317362
100,8.4,0.01335648376371633
100,8.402000000000001,0.01340999697035275
100,8.404,0.013463999450291083
100,8.406,0.013518435410027077
100,8.408,0.013573251877609927
100,8.41,0.013628398570201325
100,8.412,0.013683827767773455
100,8.414,0.013739494192662231
100,8.416,0.013795354894706279
100,8.418000000000001,0.013851369141712217
100,8.42,0.013907498315002762
100,8.422,0.013963705809808775
100,8.424,0.014019956940287098
100,8.426,0.014076218848944538
100,8.428,0.014132460420268816
100,8.43,0.014188652198370216
100,8.432,0.014244766308448098
100,8.434000000000001,0.014300776381906506
100,8.436,0.014356657484948989
100,8.438,0.014412386050492956
100,8.44,0.014467939813248511
100,8.442,0.01452329774781569
100,8.444,0.014578440009661218
100,8.446,0.014633347878839898
100,8.448,0.014688003706334737
100,8.45,0.014742390862893135
100,8.452,0.014796493690244808
100,8.454,0.01485029745458987
100,8.456,0.014903788302252367
100,8.458,0.01495695321739791
100,8.46,0.015009779981721075
100,8.462,0.015062257136009841
100,8.464,0.015114373943500589
100,8.466,0.015166120354939446
100,8.468,0.015217486975273127
100,8.47,0.015268465031889632
100,8.472,0.015319046344342096
100,8.474,0.015369223295481018
100,8.476,0.015418988803934084
100,8.478,0.015468336297868743
100,8.48,0.015517259689978231
100,8.482,0.015565753353634726
100,8.484,0.015613812100153767
100,8.486,0.015661431157121607
100,8.488,0.015708606147732326
100,8.49,0.01575533307108954
100,8.492,0.01580160828342893
100,8.494,0.01584742848021665
100,8.496,0.015892790679084362
100,8.498,0.01593769220356187
100,8.5,0.015982130667569233
100,8.502,0.01602742056728387
100,8.504,0.016073483439683536
100,8.506,0.016120244659877925
100,8.508000000000001,0.01616763326511648
100,8.51,0.01621558178670271
100,8.512,0.016264026089469
100,8.514,0.016312905218485888
100,8.516,0.01636216125268516
100,8.518,0.01641173916509811
100,8.52,0.016461586689413665
100,8.522,0.016511654192581243
100,8.524000000000001,0.016561894553188464
100,8.526,0.01661226304535886
100,8.528,0.016662717227924662
100,8.53,0.0167132168386378
100,8.532,0.016763723693197098
100,8.534,0.01681420158887329
100,8.536,0.01686461621252833
100,8.538,0.01691493505282945
100,8.540000000000001,0.016965127316470985
100,8.542,0.01701516384822268
100,8.544,0.01706501705463181
100,8.546,0.01711466083121422
100,8.548,0.017164070492976028
100,8.55,0.017213222708115553
100,8.552,0.017262095434760774
100,8.554,0.017310667860605044
100,8.556000000000001,0.017358920345308313
100,8.558,0.017406834365538998
100,8.56,0.017454392462535648
100,8.562,0.017501578192073944
100,8.564,0.017548376076728527
100,8.566,0.017594771560326225
100,8.568,0.017640750964488833
100,8.57,0.01768630144717161
100,8.572000000000001,0.017731410963104707
100,8.574,0.01777606822605242
100,8.576,0.017820262672804045
100,8.578,0.01786398442882091
100,8.58,0.017907224275460005
100,8.582,0.017949973618704443
100,8.584,0.01799222445933038
100,8.586,0.018033969364445908
100,8.588000000000001,0.01807520144033682
100,8.59,0.018115914306561585
100,8.592,0.018156102071237492
100,8.594,0.018195759307462034
100,8.596,0.01823488103081962
100,8.598,0.018273462677922424
100,8.6,0.018311500085937973
100,8.602,0.018348989473059286
100,8.604000000000001,0.018385927419873195
100,8.606,0.018422310851585584
100,8.608,0.01845813702106589
100,8.61,0.0184934034926708
100,8.612,0.01852810812681424
100,8.614,0.018562249065246915
100,8.616,0.018595824717014806
100,8.618,0.01862883374506353
100,8.620000000000001,0.018661275053461414
100,8.622,0.018675530090016733
100,8.624,0.0186725263155397
100,8.626,0.01865314885161919
100,8.628,0.018618242511650483
100,8.63,0.018568613716658616
100,8.632,0.018505032304137744
100,8.634,0.018428233237402777
100,8.636000000000001,0.018338918222307786
100,8.638,0.018237757237602552
100,8.64,0.01812538998467641
100,8.642,0.018002427261964896
100,8.644,0.017869452268867665
100,8.646,0.01772702184364155
100,8.648,0.017575667639379598
100,8.65,0.017415897241870464
100,8.652000000000001,0.01724819523284437
100,8.654,0.017073024201846268
100,8.656,0.016890825709740886
100,8.658,0.016702021206632334
100,8.66,0.01650701290678308
100,8.662,0.016306184622935822
100,8.664,0.016099902562270788
100,8.666,0.01588851608608177
100,8.668000000000001,0.015672358435112495
100,8.67,0.015451747422363375
100,8.672,0.015226986095063288
100,8.674,0.014998363367391254
100,8.676,0.014766154625428305
100,8.678,0.014530622305733721
100,8.68,0.014292016448846135
100,8.682,0.014050575228938081
100,8.684000000000001,0.013806525460773936
100,8.686,0.013560083085055822
100,8.688,0.013311453633178757
100,8.69,0.01306083267235665
100,8.692,0.012808406232029647
100,8.694,0.012554351212408848
100,8.696,0.012298835775971705
100,8.698,0.012042019722674208
100,8.700000000000001,0.01178405484960986
100,8.702,0.011525085295803955
100,8.704,0.011265247872797533
100,8.706,0.011004672381646197
100,8.708,0.010743481916923522
100,8.71,0.010481793158295435
100,8.712,0.010219716650203008
100,8.714,0.009957357070169696
100,8.716,0.009694813486225409
100,8.718,0.009432179603919968
100,8.72,0.00916954400338368
100,8.722,0.008906990366873316
100,8.724,0.008644597697230659
100,8.726,0.008382440527670983
100,8.728,0.008120589123309615
100,8.73,0.00785910967483042
100,8.732,0.00759806448470488
100,8.734,0.007337512146369301
100,8.736,0.0070775077167878125
100,8.738,0.006818102882846254
100,8.74,0.006559346122060297
100,8.742,0.006320830621702957
100,8.744,0.006101527098416134
100,8.746,0.005900453332308177
100,8.748,0.005716672381099225
100,8.75,0.005549290811563765
100,8.752,0.005397456949878167
100,8.754,0.005260359153179226
100,8.756,0.0051372241054720835
100,8.758000000000001,0.005027315141875012
100,8.76,0.0049299306059499585
100,8.762,0.0048444022454374475
100,8.764,0.004770093652011847
100,8.766,0.004706398750624486
100,8.768,0.0046527403436115305
100,8.77,0.004608568714011941
100,8.772,0.004573360291537073
100,8.774000000000001,0.004546616383438309
100,8.776,0.004527861971229206
100,8.778,0.004516644572941509
100,8.78,0.00451253316941911
100,8.782,0.004515117192152257
100,8.784,0.004524005569375582
100,8.786,0.004538825826620889
100,8.788,0.004559223237617444
100,8.790000000000001,0.0045848600213621
100,8.792,0.004615414581283963
100,8.794,0.004650580782679272
100,8.796,0.0046900672649295636
100,8.798,0.004733596785416343
100,8.8,0.004780905592455309
100,8.802,0.004831742824979465
100,8.804,0.0048858699370744815
100,8.806000000000001,0.004943060145798487
100,8.808,0.005003097901004725
100,8.81,0.005065778376112718
100,8.812,0.005130906978961837
100,8.814,0.005198298882014851
100,8.816,0.005267778571290034
100,8.818,0.005339179413459981
100,8.82,0.00541234324061276
100,8.822000000000001,0.005487119952190046
100,8.824,0.005563367133632914
100,8.826,0.005640949691271224
100,8.828,0.005719739502987405
100,8.83,0.0057996150841820235
100,8.832,0.005880461268560583
100,8.834,0.005962168903256477
100,8.836,0.006044634557795792
100,8.838000000000001,0.006127760246414121
100,8.84,0.0062114531632246305
100,8.842,0.006295625429747302
100,8.844,0.006380193854307458
100,8.846,0.006465079702818523
100,8.848,0.0065502084804739714
100,8.85,0.0066355097238813224
100,8.852,0.006720916803180516
100,8.854000000000001,0.006806366733704551
100,8.856,0.0068917999967515525
100,8.858,0.0069771603690505545
100,8.86,0.007062394760519038
100,8.862,0.00714441069141686
100,8.864,0.007223331788313247
100,8.866,0.007299276090278107
100,8.868,0.0073723563166453905
100,8.870000000000001,0.007442680121361436
100,8.872,0.007510350334622285
100,8.874,0.007575465192467909
100,8.876,0.007638118554961753
100,8.878,0.007698400113554397
100,8.88,0.007756395588192781
100,8.882,0.00781218691470961
100,8.884,0.00786585242299368
100,8.886000000000001,0.007917467006420249
100,8.888,0.007967102282989474
100,8.89,0.00801482674859734
100,8.892,0.008060705922843718
100,8.894,0.008104802487756501
100,8.896,0.008147176419791024
100,8.898,0.008187885115446662
100,8.9,0.0082269835108217
100,8.902000000000001,0.008264524195412338
100,8.904,0.008300557520443522
100,8.906,0.008335131702005484
100,8.908,0.008368292919256016
100,8.91,0.008400085407931353
100,8.912,0.00843055154940126
100,8.914,0.0084597319554863
100,8.916,0.008487665549247285
100,8.918000000000001,0.008514389641944748
100,8.92,0.008539940006356935
100,8.922,0.008564350946633228
100,8.924,0.008587655364853565
100,8.926,0.008609884824453719
100,8.928,0.008631069610667959
100,8.93,0.008651238788136064
100,8.932,0.00867042025580845
100,8.934000000000001,0.008688640799283477
100,8.936,0.008705926140697979
100,8.938,0.008722300986290185
100,8.94,0.008737789071746684
100,8.942,0.008752413205437938
100,8.944,0.008766195309646913
100,8.946,0.008779156459882307
100,8.948,0.008791316922370895
100,8.950000000000001,0.008802696189814599
100,8.952,0.008813313015494553
100,8.954,0.008823185445800377
100,8.956,0.008832330851260391
100,8.958,0.008840765956142351
100,8.96,0.00884850686669314
100,8.962,0.00885556909808079
100,8.964,0.008861967600100848
100,8.966,0.008867716781705268
100,8.968,0.00887283053440715
100,8.97,0.008877322254617258
100,8.972,0.008881204864959748
100,8.974,0.008884490834616138
100,8.976,0.008887192198742426
100,8.978,0.00888932057700337
100,8.98,0.008890887191264078
100,8.982,0.008894917208524079
100,8.984,0.008901255064526208
100,8.986,0.008909752612705366
100,8.988,0.008920268785639288
100,8.99,0.008932669271443977
100,8.992,0.008946826204527419
100,8.994,0.008962617870122895
100,8.996,0.008979928422044557
100,8.998,0.008998647613117857
100,9.0,0.0090186705377555
100,9.002,0.009039897386165585
100,9.004,0.009062233209694468
100,9.006,0.009085587696824583
100,9.008000000000001,0.009109874959362758
100,9.01,0.009135013328374004
100,9.012,0.009160925159428197
100,9.014,0.0091875366467495
100,9.016,0.00921477764586756
100,9.018,0.009242581504392364
100,9.02,0.009270884900544655
100,9.022,0.009299627689093003
100,9.024000000000001,0.009328752754360686
100,9.026,0.009358205869980537
100,9.028,0.009387935565092284
100,9.03,0.009417892996685816
100,9.032,0.009448031827809362
100,9.034,0.009478308111375691
100,9.036,0.00950868017930766
100,9.038,0.009539108536777688
100,9.040000000000001,0.009569555761308602
100,9.042,0.009599986406510237
100,9.044,0.009630366910238945
100,9.046,0.009660665506977402
100,9.048,0.009690852144238508
100,9.05,0.009720898402808285
100,9.052,0.009750777420651877
100,9.054,0.009780463820312228
100,9.056000000000001,0.009809933639641439
100,9.058,0.00983916426571033
100,9.06,0.009868134371750156
100,9.062,0.00989682385698704
100,9.064,0.009925213789234262
100,9.066,0.009953286350117496
100,9.068,0.009981024782809517
100,9.07,0.010008413342160747
100,9.072000000000001,0.010035437247112882
100,9.074,0.010062082635293953
100,9.076,0.010088336519690481
100,9.078,0.010114186747304544
100,9.08,0.010139621959702305
100,9.082,0.010164631555367877
100,9.084,0.010189205653779964
100,9.086,0.010213335061131184
100,9.088000000000001,0.01023701123761571
100,9.09,0.010260226266211942
100,9.092,0.010282972822893402
100,9.094,0.010305244148200722
100,9.096,0.010327034020113316
100,9.098,0.01034833672816047
100,9.1,0.010369147048716948
100,9.102,0.010391101343486647
100,9.104000000000001,0.010414108808002845
100,9.106,0.010438083011711686
100,9.108,0.010462941699425458
100,9.11,0.010488606601707287
100,9.112,0.010515003253796272
100,9.114,0.010542060822694054
100,9.116,0.010569711942053714
100,9.118,0.010597892554521569
100,9.120000000000001,0.01062654176120063
100,9.122,0.010655601677915303
100,9.124,0.010685017297974025
100,9.126,0.010714736361134748
100,9.128,0.010744709228495308
100,9.13,0.010774888763042638
100,9.132,0.010805230215600124
100,9.134,0.010835691115933997
100,9.136000000000001,0.010866231168782204
100,9.138,0.010896812154583125
100,9.14,0.01092739783469092
100,9.142,0.010957953860873776
100,9.144,0.0109884476889008
100,9.146,0.011018848496032449
100,9.148,0.01104912710223585
100,9.15,0.011079255894956662
100,9.152000000000001,0.01110920875728645
100,9.154,0.011138960999370656
100,9.156,0.01116848929290977
100,9.158,0.011197771608614623
100,9.16,0.011226787156480478
100,9.162,0.011255516328752256
100,9.164,0.011283940645459819
100,9.166,0.011312042702405345
100,9.168000000000001,0.011339806121492877
100,9.17,0.011367215503293702
100,9.172,0.011394256381745167
100,9.174,0.011420915180888714
100,9.176,0.011447179173552731
100,9.178,0.01147303644189259
100,9.18,0.011498475839706132
100,9.182,0.011523486956440218
100,9.184000000000001,0.011548060082817517
100,9.186,0.011572186178004332
100,9.188,0.01159585683825503
100,9.19,0.011619064266964069
100,9.192,0.011641801246061869
100,9.194,0.011664061108696059
100,9.196,0.011685837713137422
100,9.198,0.01170712541785839
100,9.200000000000001,0.011727919057728622
100,9.202,0.011748213921280623
100,9.204,0.011768005728993147
100,9.206,0.011787290612551135
100,9.208,0.011806065095034715
100,9.21,0.011824326071999326
100,9.212,0.011842070793401667
100,9.214,0.011859296846340003
100,9.216000000000001,0.011876002138567692
100,9.218,0.011892184882746714
100,9.22,0.011907843581408133
100,9.222,0.011924573157860906
100,9.224,0.011942290126978476
100,9.226,0.01196091494398904
100,9.228,0.011980371829616041
100,9.23,0.012000588602906833
100,9.232,0.012021496521421716
100,9.234,0.0120430301284609
100,9.236,0.01206512710702751
100,9.238,0.012087728140229537
100,9.24,0.01211077677784203
100,9.242,0.012134219308757922
100,9.244,0.012158004639070378
100,9.246,0.012182084175536715
100,9.248,0.01220641171418936
100,9.25,0.012230943333865103
100,9.252,0.012255637294435424
100,9.254,0.012280453939530978
100,9.256,0.012305355603560789
100,9.258000000000001,0.012330306522835809
100,9.26,0.012355272750615378
100,9.262,0.012380222075902734
100,9.264,0.012405123945823469
100,9.266,0.012429949391427568
100,9.268,0.012454670956764327
100,9.27,0.012479262631083253
100,9.272,0.012503699784024928
100,9.274000000000001,0.01252795910366688
100,9.276,0.012552018537299163
100,9.278,0.012575857234808219
100,9.28,0.012599455494554834
100,9.282,0.012622794711632558
100,9.284,0.012645857328406018
100,9.286,0.012668626787222767
100,9.288,0.012691087485206639
100,9.290000000000001,0.012713224731039833
100,9.292,0.012735024703643646
100,9.294,0.012756474412675883
100,9.296,0.012777561660765316
100,9.298,0.01279827500740403
100,9.3,0.012818603734427171
100,9.302,0.012838537813008068
100,9.304,0.012858067872102969
100,9.306000000000001,0.012877185168281402
100,9.308,0.012895881556881419
100,9.31,0.012914149464429708
100,9.312,0.012931981862273456
100,9.314,0.01294937224136896
100,9.316,0.012966314588176618
100,9.318,0.01298280336161397
100,9.32,0.012998833471018992
100,9.322000000000001,0.013014400255082227
100,9.324,0.013029499461701507
100,9.326,0.013044127228721789
100,9.328,0.01305828006551982
100,9.33,0.013071954835397274
100,9.332,0.013085148738746555
100,9.334,0.013097859296955661
100,9.336,0.013110084337019455
100,9.338000000000001,0.013121821976827411
100,9.34,0.01313307061109718
100,9.342,0.013143828897926488
100,9.344,0.013154095745935162
100,9.346,0.013163870301974176
100,9.348,0.013173151939374086
100,9.35,0.013181940246710827
100,9.352,0.013190235017065939
100,9.354000000000001,0.013198036237760264
100,9.356,0.013205344080539704
100,9.358,0.013212158892194034
100,9.36,0.013218481185589138
100,9.362,0.013224311631095801
100,9.364,0.013229651048396868
100,9.366,0.01323450039865725
100,9.368,0.013238860777038886
100,9.370000000000001,0.01324273340554987
100,9.372,0.013246119626208756
100,9.374,0.013249020894512385
100,9.376,0.013251438773195325
100,9.378,0.013253374926265247
100,9.38,0.013254831113305573
100,9.382,0.0132573623058221
100,9.384,0.013260891833061669
100,9.386000000000001,0.013265346527558966
100,9.388,0.01327065657446505
100,9.39,0.013276755367280853
100,9.392,0.013283579369726505
100,9.394,0.013291067983494045
100,9.396,0.013299163421635058
100,9.398,0.013307810587347492
100,9.4,0.013316956957934625
100,9.402000000000001,0.013326552473717005
100,9.404,0.013336549431688612
100,9.406,0.013346902383715505
100,9.408,0.013357568039085211
100,9.41,0.01336850517122012
100,9.412,0.013379674528378804
100,9.414,0.013391038748175535
100,9.416,0.013402562275752735
100,9.418000000000001,0.013414211285453762
100,9.42,0.013425953605843992
100,9.422,0.013437758647936955
100,9.424,0.01344959733648988
100,9.426,0.013461442044235886
100,9.428,0.013473266528928086
100,9.43,0.013485045873073842
100,9.432,0.013496756426244857
100,9.434000000000001,0.013508375749853774
100,9.436,0.013519882564288063
100,9.438,0.01353125669830493
100,9.44,0.013542479040586504
100,9.442,0.013553531493364135
100,9.444,0.013564396928024209
100,9.446,0.013575059142608599
100,9.448,0.013585502821130272
100,9.450000000000001,0.013595713494625844
100,9.452,0.01360567750386961
100,9.454,0.013615381963679604
100,9.456,0.013624814728748076
100,9.458,0.013633964360926992
100,9.46,0.01364282009791287
100,9.462,0.013651371823265613
100,9.464,0.013659610037705964
100,9.466000000000001,0.013667525831639644
100,9.468,0.01367511085885121
100,9.47,0.013682357311321254
100,9.472,0.013689257895117829
100,9.474,0.013695805807315657
100,9.476,0.013701994713900495
100,9.478,0.013707818728615862
100,9.48,0.013713272392712415
100,9.482,0.0137183506555604
100,9.484,0.013723048856091258
100,9.486,0.013727362705029379
100,9.488,0.01373128826788301
100,9.49,0.01373482194866142
100,9.492,0.013737960474287348
100,9.494,0.013740700879673913
100,9.496,0.013743040493441739
100,9.498,0.01374497692424293
100,9.5,0.013746508047672473
100,9.502,0.01374763199373773
100,9.504,0.013748347134864723
100,9.506,0.013748652074416704
100,9.508000000000001,0.013748545635705258
100,9.51,0.013748026851471617
100,9.512,0.013747094953818692
100,9.514,0.013745749364574872
100,9.516,0.013743989686070992
100,9.518,0.013741815692313964
100,9.52,0.013739227320538627
100,9.522,0.013736224663123653
100,9.524000000000001,0.01373280795985472
100,9.526,0.013728977590520774
100,9.528,0.013724734067830136
100,9.53,0.013720078030631048
100,9.532,0.013715010237426118
100,9.534,0.013709531560166167
100,9.536,0.013703642978313179
100,9.538,0.013697345573160293
100,9.540000000000001,0.013690640522398635
100,9.542,0.013685043962655543
100,9.544,0.013680481965469391
100,9.546,0.013676883892751571
100,9.548,0.013674182258732107
100,9.55,0.013672312597623736
100,9.552,0.013671213336771508
100,9.554,0.013670825675066951
100,9.556000000000001,0.013671093466411233
100,9.558,0.01367196310802096
100,9.56,0.013673383433379798
100,9.562,0.013675305609642202
100,9.564,0.013677683039309075
100,9.566,0.01368047126599668
100,9.568,0.013683627884130986
100,9.57,0.013687112452404098
100,9.572000000000001,0.013690886410838186
100,9.574,0.01369491300130556
100,9.576,0.013699157191362039
100,9.578,0.013703585601255862
100,9.58,0.013708166433980392
100,9.582,0.013712869408242772
100,9.584,0.013717665694228252
100,9.586,0.013722527852041514
100,9.588000000000001,0.013727429772717672
100,9.59,0.01373234662168978
100,9.592,0.013737254784615334
100,9.594,0.013742131815461594
100,9.596,0.013746956386753278
100,9.598,0.013751708241896836
100,9.6,0.013756368149490933
100,9.602,0.01376091785954098
100,9.604000000000001,0.013765340061499159
100,9.606,0.013769618344053828
100,9.608,0.013773737156593406
100,9.61,0.013777681772277516
100,9.612,0.013781438252645566
100,9.614,0.0137849934137012
100,9.616,0.013788334793409742
100,9.618,0.013791450620548554
100,9.620000000000001,0.013794329784857203
100,9.622,0.01379696180842989
100,9.624,0.013799336818300015
100,9.626,0.013801445520167406
100,9.628,0.013803279173219407
100,9.63,0.013804829566001939
100,9.632,0.013806088993295263
100,9.634,0.013807050233953599
100,9.636000000000001,0.013807706529668506
100,9.638,0.013808051564616888
100,9.64,0.013808079445956712
100,9.642,0.013807784685138293
100,9.644,0.013807162179991605
100,9.646,0.013806207197562233
100,9.648,0.013804915357663785
100,9.65,0.013803282617114745
100,9.652000000000001,0.013801305254634829
100,9.654,0.013798979856370469
100,9.656,0.013796303302025064
100,9.658,0.013793272751568874
100,9.66,0.013789885632503501
100,9.662,0.01378613962765917
100,9.664,0.013782032663502095
100,9.666,0.01377756289893005
100,9.668000000000001,0.013772728714538947
100,9.67,0.013767528702336286
100,9.672,0.013761961655887386
100,9.674,0.013756026560873378
100,9.676,0.013749722586046767
100,9.678,0.013743049074564598
100,9.68,0.013736005535687346
100,9.682,0.013728591636825582
100,9.684000000000001,0.013720807195921527
100,9.686,0.013712652174151567
100,9.688,0.013704126668935708
100,9.69,0.013695230907242468
100,9.692,0.01368596523917532
100,9.694,0.013676330131831395
100,9.696,0.013666326163419344
100,9.698,0.013655954017626006
100,9.700000000000001,0.013645214478222803
100,9.702,0.013635589224077387
100,9.704,0.013627006829971238
100,9.706,0.013619398984156289
100,9.708,0.013612700360464115
100,9.71,0.013606848495594667
100,9.712,0.01360178367137879
100,9.714,0.013597448801819843
100,9.716000000000001,0.013593789324722483
100,9.718,0.013590753097725006
100,9.72,0.01358829029856033
100,9.722,0.01358635332937509
100,9.724,0.013584896724943011
100,9.726,0.013583877064617758
100,9.728,0.0135832528878706
100,9.73,0.013582984613271974
100,9.732,0.013583034460775176
100,9.734,0.013583366377167814
100,9.736,0.013583945964564728
100,9.738,0.013584740411816836
100,9.74,0.01358571842871768
100,9.742,0.013586850182894983
100,9.744,0.013588107239276687
100,9.746,0.013589462502026545
100,9.748,0.013590890158849872
100,9.75,0.013592365627572099
100,9.752,0.013593865504896224
100,9.754,0.013595367517252896
100,9.756,0.01359685047365551
100,9.758000000000001,0.013598294220479304
100,9.76,0.013599679598086637
100,9.762,0.013600988399221754
100,9.764,0.013602203329103505
100,9.766,0.013603307967147139
100,9.768,0.013604286730248145
100,9.77,0.01360512483756431
100,9.772,0.013605808276735439
100,9.774000000000001,0.0136063237714813
100,9.776,0.013606658750522272
100,9.778,0.013606801317768294
100,9.78,0.013606740223725584
100,9.782,0.013606464838067912
100,9.784,0.013605965123331292
100,9.786,0.013605231609678784
100,9.788,0.013604255370698044
100,9.790000000000001,0.013603028000185879
100,9.792,0.013601541589881307
100,9.794,0.013599788708107834
100,9.796,0.013597762379287873
100,9.798,0.013595456064293765
100,9.8,0.013592863641602875
100,9.802,0.013589979389221074
100,9.804,0.013586797967346097
100,9.806000000000001,0.013583314401739249
100,9.808,0.013579524067777753
100,9.81,0.013575422675157748
100,9.812,0.013571006253225736
100,9.814,0.01356627113690721
100,9.816,0.0135612139532144
100,9.818,0.013555831608304368
100,9.82,0.013550121275068093
100,9.822000000000001,0.013544080381229178
100,9.824,0.013537706597928856
100,9.826,0.013530997828779975
100,9.828,0.013523952199371338
100,9.83,0.013516568047201201
100,9.832,0.013508843912025715
100,9.834,0.013500778526603818
100,9.836,0.013492370807822377
100,9.838000000000001,0.013483619848187918
100,9.84,0.013474524907667191
100,9.842,0.013465085405865655
100,9.844,0.013455300914528024
100,9.846,0.013445171150347683
100,9.848,0.013434695968075457
100,9.85,0.013423875353911192
100,9.852,0.013412709419169706
100,9.854000000000001,0.013401198394210527
100,9.856,0.013389342622617784
100,9.858,0.013377142555622194
100,9.86,0.013364598746756733
100,9.862,0.013353161617968764
100,9.864,0.01334276208711937
100,9.866,0.013333334030855876
100,9.868,0.01332481416540984
100,9.870000000000001,0.0133171419321217
100,9.872,0.013310259387507585
100,9.874,0.013304111097694174
100,9.876,0.013298644037050533
100,9.878,0.01329380749085169
100,9.88,0.013289552961820507
100,9.882,0.013285834080389886
100,9.884,0.013282606518543932
100,9.886000000000001,0.013279827907094716
100,9.888,0.01327745775625961
100,9.89,0.013275457379408677
100,9.892,0.01327378981985693
100,9.894,0.013272419780581496
100,9.896,0.013271313556745167
100,9.898,0.013270438970918352
100,9.9,0.013269765310889404
100,9.902000000000001,0.013270475603790721
100,9.904,0.013272479807521975
100,9.906,0.013275691729068029
100,9.908,0.01328002887072835
100,9.91,0.013285412282400173
100,9.912,0.013291766419679508
100,9.914,0.013299019007556208
100,9.916,0.013307100909484369
100,9.918000000000001,0.01331594600162099
100,9.92,0.013325491052029213
100,9.922,0.0133356756046544
100,9.924,0.013346441867885157
100,9.926,0.013357734607520919
100,9.928,0.013369501043972913
100,9.93,0.013381690753533135
100,9.932,0.013394255573550364
100,9.934000000000001,0.013407149511362383
100,9.936,0.013420328656834242
100,9.938,0.013433751098361597
100,9.94,0.013447376842204635
100,9.942,0.013459957866676864
100,9.944,0.01347151952263057
100,9.946,0.013482086315814492
100,9.948,0.013491681938932642
100,9.950000000000001,0.013500329302431351
100,9.952,0.013508050564063422
100,9.954,0.013514867157279717
100,9.956,0.013520799818497449
100,9.958,0.013525868613288852
100,9.96,0.013530092961535147
100,9.962,0.013533491661588236
100,9.964,0.013536082913478341
100,9.966000000000001,0.013537884341209115
100,9.968,0.013538913014175103
100,9.97,0.013539185467737136
100,9.972,0.013538717722990609
100,9.974,0.013537525305758559
100,9.976,0.013535623264841415
100,9.978,0.013533026189551989
100,9.98,0.01352974822656627
100,9.982000000000001,0.013527222939325593
100,9.984,0.013525396040340707
100,9.986,0.013524215591780065
100,9.988,0.013523631911439847
100,9.99,0.013523597482410084
100,9.992,0.013524066866296518
100,9.994,0.013524996619856563
100,9.996,0.013526345214922351
100,9.998,0.013528072961478527
100,10.0,0.013530141933774983
100,10.002,0.013532515899354745
100,10.004,0.013535160250883856
100,10.006,0.013538041940673545
100,10.008000000000001,0.013541129417789548
100,10.01,0.013544392567646852
100,10.012,0.013547802653991954
100,10.014,0.013551332263181204
100,10.016,0.013554955250660769
100,10.018,0.013558646689566628
100,10.02,0.013562382821356909
100,10.022,0.013566141008399396
100,10.024000000000001,0.013569899688435307
100,10.026,0.013573638330846958
100,10.028,0.013577337394656483
100,10.03,0.013580978288189355
100,10.032,0.01358454333033468
100,10.034,0.013588015713341306
100,10.036,0.013591379467087893
100,10.038,0.013594619424768804
100,10.040000000000001,0.013597721189940527
100,10.042,0.013600671104874599
100,10.044,0.013603456220164317
100,10.046,0.01360606426553805
100,10.048,0.013608483621829174
100,10.05,0.013610703294057808
100,10.052,0.013612712885580846
100,10.054,0.01361450257326761
100,10.056000000000001,0.013616063083660099
100,10.058,0.013617385670080005
100,10.06,0.013618462090644138
100,10.062,0.013620487600848658
100,10.064,0.013623394075001023
100,10.066,0.013627116296561085
100,10.068,0.013631591843741032
100,10.07,0.013636760979523335
100,10.072000000000001,0.013642566545928273
100,10.074,0.013648953862368808
100,10.076,0.013655870627938967
100,10.078,0.013663266827486307
100,10.08,0.013671094641321373
100,10.082,0.013679308358429749
100,10.084,0.013687864293049109
100,10.086,0.013696720704483759
100,10.088000000000001,0.013705837720033278
100,10.09,0.013715177260915014
100,10.092,0.013724702971065643
100,10.094,0.013734380148711768
100,10.096,0.013744175680601616
100,10.098,0.013754057978797547
100,10.1,0.013763996919928558
100,10.102,0.01377276310101517
100,10.104000000000001,0.013780389638480424
100,10.106,0.013786908496463624
100,10.108,0.01379235053037246
100,10.11,0.013796745528730925
100,10.112,0.013800122253387745
100,10.114,0.013802508478153687
100,10.116,0.013803931025930681
100,10.118,0.013804415804391849
100,10.120000000000001,0.013803987840273528
100,10.122,0.013802671312331632
100,10.124,0.013800489583017604
100,10.126,0.013797465228926147
100,10.128,0.013793620070059931
100,10.13,0.013788975197963757
100,10.132,0.013783551002768183
100,10.134,0.013777367199189013
100,10.136000000000001,0.013770442851523292
100,10.138,0.013762796397681057
100,10.14,0.013754445672292186
100,10.142,0.013746797580660202
100,10.144,0.013739803583613533
100,10.146,0.01373341720646193
100,10.148,0.013727593958005182
100,10.15,0.013722291252653682
100,10.152000000000001,0.013717468335545168
100,10.154,0.013713086210542668
100,10.156,0.013709107571006197
100,10.158,0.013705496733234377
100,10.16,0.013702219572470588
100,10.162,0.013699243461381357
100,10.164,0.013696537210909814
100,10.166,0.01369407101341306
100,10.168000000000001,0.013691816388000492
100,10.17,0.013689746127983038
100,10.172,0.013687834250357968
100,10.174,0.013686055947247814
100,10.176,0.013684387539220433
100,10.178,0.013682806430416647
100,10.18,0.013681291065416845
100,10.182,0.013681018331658714
100,10.184000000000001,0.013681908663078064
100,10.186,0.013683885817598988
100,10.188,0.013686876748298714
100,10.19,0.013690811479461905
100,10.192,0.01369562298734346
100,10.194,0.013701247085465301
100,10.196,0.013707622314281388
100,10.198,0.013714689835045533
100,10.200000000000001,0.013722393327730125
100,10.202,0.013730678892838893
100,10.204,0.013739494956973571
100,10.206,0.013748792182010606
100,10.208,0.01375852337775252
100,10.21,0.013768643417926062
100,10.212,0.013779109159396544
100,10.214,0.013789879364481722
100,10.216000000000001,0.013800914626244819
100,10.218,0.013812177296655901
100,10.22,0.013823631417511731
100,10.222,0.013835242654010472
100,10.224,0.013846978230880012
100,10.226,0.013858806870963363
100,10.228,0.013870698736166285
100,10.23,0.013882625370679502
100,10.232000000000001,0.013894559646386162
100,10.234,0.013906475710374212
100,10.236,0.01391834893447028
100,10.238,0.013930155866720143
100,10.24,0.013941874184740534
100,10.242,0.013953482650870628
100,10.244,0.013964961069054645
100,10.246,0.01397629024338887
100,10.248,0.013987451938270124
100,10.25,0.013998428840083255
100,10.252,0.014009204520369897
100,10.254,0.014019763400420016
100,10.256,0.014030090717234111
100,10.258000000000001,0.014040172490800308
100,10.26,0.014049995492638826
100,10.262,0.014060908644068606
100,10.264,0.014072836895499695
100,10.266,0.014085708356150254
100,10.268,0.014099454171677324
100,10.27,0.01411400840644322
100,10.272,0.01412930793025001
100,10.274000000000001,0.014145292309374894
100,10.276,0.014161903701749546
100,10.278,0.014179086756128346
100,10.28,0.014196788515098226
100,10.282,0.014214958321786144
100,10.284,0.014233547730127546
100,10.286,0.014252510418560283
100,10.288,0.014271802107017086
100,10.290000000000001,0.01429138047709307
100,10.292,0.014311205095267216
100,10.294,0.01433123733906261
100,10.296,0.014351440326037157
100,10.298,0.014371778845493866
100,10.3,0.014392219292810687
100,10.302,0.01441272960628929
100,10.304,0.014433279206426432
100,10.306000000000001,0.014453838937518585
100,10.308,0.01447438101150722
100,10.31,0.014494878953982653
100,10.312,0.014515307552262584
100,10.314,0.014535642805466691
100,10.316,0.01455586187651066
100,10.318,0.014575943045947304
100,10.32,0.01459586566758259
100,10.322000000000001,0.014615610125800585
100,10.324,0.014635157794530937
100,10.326,0.014654490997794728
100,10.328,0.01467359297177215
100,10.33,0.01469244782832869
100,10.332,0.01471104051994839
100,10.334,0.01472935680601697
100,10.336,0.01474738322040529
100,10.338000000000001,0.014765107040302233
100,10.34,0.014782516256248584
100,10.342,0.014799599543328247
100,10.344,0.01481634623346844
100,10.346,0.014832746288810369
100,10.348,0.014848790276106862
100,10.35,0.014864469342108359
100,10.352,0.014879775189898322
100,10.354000000000001,0.014894700056144388
100,10.356,0.014909236689226163
100,10.358,0.014923378328209223
100,10.36,0.014937118682631985
100,10.362,0.014950451913072862
100,10.364,0.014963372612470034
100,10.366,0.014975875788163139
100,10.368,0.014987956844629995
100,10.370000000000001,0.014999611566892165
100,10.372,0.015010836104562188
100,10.374,0.015021626956509411
100,10.376,0.015031980956120329
100,10.378,0.015041895257129768
100,10.38,0.0150513673200021
100,10.382,0.015061559013176837
100,10.384,0.015072411319726444
100,10.386000000000001,0.015083867742737693
100,10.388,0.015095874209248798
100,10.39,0.015108378977770261
100,10.392,0.015121332549258565
100,10.394,0.015134687581414853
100,10.396,0.015148398806190698
100,10.398,0.015162422950378595
100,10.4,0.015176718659179817
100,10.402000000000001,0.015191246422634891
100,10.404,0.015205968504814182
100,10.406,0.015220848875666876
100,10.408,0.01523585314542819
100,10.41,0.015250948501492655
100,10.412,0.01526610364766008
100,10.414,0.015281288745667308
100,10.416,0.015296475358921138
100,10.418000000000001,0.015311636398348961
100,10.42,0.015326746070290873
100,10.422,0.015341946239381355
100,10.424,0.015357209209603576
100,10.426,0.015372508564430946
100,10.428,0.015387819116949631
100,10.43,0.01540311686186782
100,10.432,0.015418378929340617
100,10.434000000000001,0.015433583540544105
100,10.436,0.015448709964932023
100,10.438,0.015463738479110806
100,10.44,0.015478650327275325
100,10.442,0.015493427683142508
100,10.444,0.01550805361333027
100,10.446,0.015522512042124605
100,10.448,0.015536787717584103
100,10.450000000000001,0.015550866178930657
100,10.452,0.01556473372517909
100,10.454,0.015578377384956635
100,10.456,0.015591784887469755
100,10.458,0.015604944634574548
100,10.46,0.015617845673907138
100,10.462,0.015630477673036894
100,10.464,0.015642830894601382
100,10.466000000000001,0.015654896172387894
100,10.468,0.015666664888324407
100,10.47,0.015678128950345933
100,10.472,0.01568928077110391
100,10.474,0.015700113247485884
100,10.476,0.01571061974091538
100,10.478,0.01572079405840208
100,10.48,0.01573063043431449
100,10.482000000000001,0.01574012351284722
100,10.484,0.015749268331157085
100,10.486,0.01575806030314256
100,10.488,0.015766495203842226
100,10.49,0.015774569154428507
100,10.492,0.015782278607775854
100,10.494,0.015789620334578945
100,10.496,0.015796591410002336
100,10.498,0.015803189200840912
100,10.5,0.01580941135317092
100,10.502,0.015816418351716308
100,10.504,0.01582415222721014
100,10.506,0.015832557443396844
100,10.508000000000001,0.015841580805393756
100,10.51,0.015851171371427632
100,10.512,0.01586128036782517
100,10.514,0.01587186110714265
100,10.516,0.015882868909316804
100,10.518,0.01589426102573167
100,10.52,0.01590599656609283
100,10.522,0.015918036428008
100,10.524000000000001,0.015930343229175616
100,10.526,0.01594288124208556
100,10.528,0.015955616331139944
100,10.53,0.015968515892107717
100,10.532,0.01598154879382405
100,10.534,0.01599468532205477
100,10.536,0.016007897125445977
100,10.538,0.016021157163480806
100,10.540000000000001,0.016034439656370938
100,10.542,0.016047854852644382
100,10.544,0.016061376044473077
100,10.546,0.01607497773592242
100,10.548,0.01608863559624273
100,10.55,0.016102326414904656
100,10.552,0.016116028058314788
100,10.554,0.01612971942814861
100,10.556000000000001,0.01614338042124124
100,10.558,0.016156991890979785
100,10.56,0.016170535610138096
100,10.562,0.016183994235105054
100,10.564,0.016197351271450243
100,10.566,0.016210591040781614
100,10.568,0.016223698648842818
100,10.57,0.01623665995480747
100,10.572000000000001,0.01624946154172487
100,10.574,0.01626209068807324
100,10.576,0.016274535340380012
100,10.578,0.016286784086870926
100,10.58,0.016298826132106443
100,10.582,0.01631065127257159
100,10.584,0.01632224987318189
100,10.586,0.01633361284467247
100,10.588000000000001,0.01634473162183592
100,10.59,0.01635559814257952
100,10.592,0.016366204827768332
100,10.594,0.016376544561827768
100,10.596,0.016386610674074865
100,10.598,0.016396396920753297
100,10.6,0.01640589746774365
100,10.602,0.01641510687392552
100,10.604000000000001,0.016424020075166357
100,10.606,0.016432632368914086
100,10.608,0.016440939399369383
100,10.61,0.01644893714321981
100,10.612,0.0164566218959093
100,10.614,0.01646399025842861
100,10.616,0.016471039124603543
100,10.618,0.016477765668863383
100,10.620000000000001,0.016484167334473054
100,10.622,0.016490241822209525
100,10.624,0.01649598707946715
100,10.626,0.016501401289776025
100,10.628,0.01650648286271763
100,10.63,0.016511230424222527
100,10.632,0.01651564280723717
100,10.634,0.01651971904274458
100,10.636000000000001,0.016523458351127014
100,10.638,0.016526860133857013
100,10.64,0.016529923965504244
100,10.642,0.016532649586048807
100,10.644,0.016535036893485892
100,10.646,0.016537085936714005
100,10.648,0.016538796908694774
100,10.65,0.01654017013987468
100,10.652000000000001,0.016541206091858603
100,10.654,0.01654190535132669
100,10.656,0.01654226862418354
100,10.658,0.01654229672993437
100,10.66,0.01654199059627569
100,10.662,0.016542510661145492
100,10.664,0.01654380301570312
100,10.666,0.016545815956727827
100,10.668000000000001,0.016548499904842338
100,10.67,0.0165518073257096
100,10.672,0.016555692654096937
100,10.674,0.016560112220706486
100,10.676,0.016565024181669375
100,10.678,0.016570388450611578
100,10.68,0.01657616663319582
100,10.682,0.01658232196405146
100,10.684000000000001,0.01658881924600662
100,10.686,0.01659562479153783
100,10.688,0.016602706366357824
100,10.69,0.01661003313506458
100,10.692,0.01661757560877467
100,10.694,0.016625305594671708
100,10.696,0.016633196147397958
100,10.698,0.016641221522222735
100,10.700000000000001,0.016649357129924564
100,10.702,0.016657679735397054
100,10.704,0.01666616473886206
100,10.706,0.016674788625434287
100,10.708,0.016683528923920735
100,10.71,0.016692364167140115
100,10.712,0.016701273853703395
100,10.714,0.016710238411205
100,10.716000000000001,0.016719239160772583
100,10.718,0.01672825828292418
100,10.72,0.016737278784686362
100,10.722,0.016746284467927242
100,10.724,0.01675525989885786
100,10.726,0.01676419037866232
100,10.728,0.01677306191521156
100,10.73,0.016781861195823592
100,10.732000000000001,0.016790575561031622
100,10.734,0.016799192979320934
100,10.736,0.016807702022801102
100,10.738,0.016816091843778923
100,10.74,0.016824352152196465
100,10.742,0.01683247319390674
100,10.744,0.016840445729751994
100,10.746,0.01684826101541729
100,10.748000000000001,0.016855910782030668
100,10.75,0.016863387217482338
100,10.752,0.016870682948435013
100,10.754,0.016877791023003286
100,10.756,0.016884704894072934
100,10.758000000000001,0.016891418403240998
100,10.76,0.016897925765350756
100,10.762,0.01690422155360117
100,10.764,0.01691030068520906
100,10.766,0.01691615840760375
100,10.768,0.016921790285135407
100,10.77,0.0169271921862766
100,10.772,0.016932360271300646
100,10.774000000000001,0.016937290980417973
100,10.776,0.016941981022354412
100,10.778,0.016946427363354555
100,10.78,0.01695062721659536
100,10.782,0.01695457803199391
100,10.784,0.01695827748639634
100,10.786,0.01696172347413181
100,10.788,0.016964914097920204
100,10.790000000000001,0.01696784766011986
100,10.792,0.01697052265430163
100,10.794,0.016972937757138967
100,10.796,0.016975091820603003
100,10.798,0.016976983864447803
100,10.8,0.016978613068979617
100,10.802,0.016979978768097113
100,10.804,0.01698108044259286
100,10.806000000000001,0.016981917713707384
100,10.808,0.01698249033692595
100,10.81,0.016982798196009025
100,10.812,0.016982841297248096
100,10.814,0.01698261976393916
100,10.816,0.016982133831064353
100,10.818,0.016981383840175973
100,10.82,0.016980370234474206
100,10.822000000000001,0.016979093554071182
100,10.824,0.016977554431437086
100,10.826,0.016975753587017195
100,10.828,0.016973691825018282
100,10.83,0.016971370029354907
100,10.832,0.016968789159751148
100,10.834,0.016965950247992093
100,10.836,0.016962854394318678
100,10.838000000000001,0.016959502763961628
100,10.84,0.016955896583809645
100,10.842,0.01695203713920506
100,10.844,0.01694792577086435
100,10.846,0.016943563871918182
100,10.848,0.016938952885066087
100,10.85,0.01693409429984227
100,10.852,0.016928989649988156
100,10.854000000000001,0.01692364051092834
100,10.856,0.016918048497344587
100,10.858,0.01691221526084653
100,10.86,0.016906142487733172
100,10.862,0.016901053722783877
100,10.864,0.01689689594346018
100,10.866,0.016893618218275865
100,10.868,0.016891171629665063
100,10.870000000000001,0.016889509199656892
100,10.872,0.01688858581825514
100,10.874,0.016888358174428186
100,10.876,0.01688878468961625
100,10.878,0.016889825453662723
100,10.88,0.016891442163086433
100,10.882,0.01689359806160717
100,10.884,0.01689625788284404
100,10.886000000000001,0.016899387795108026
100,10.888,0.01690295534821258
100,10.89,0.016906929422228423
100,10.892,0.016911280178111714
100,10.894,0.016915979010137843
100,10.896,0.01692099850007407
100,10.898,0.016926312373027556
100,10.9,0.016931895454908166
100,10.902000000000001,0.016937723631445134
100,10.904,0.016943773808703173
100,10.906,0.016950023875040528
100,10.908,0.016956452664457423
100,10.91,0.016963039921283958
100,10.912,0.01696976626615736
100,10.914,0.01697661316324233
100,10.916,0.016983562888647656
100,10.918000000000001,0.016990598499996935
100,10.92,0.01699770380710876
100,10.922,0.017004863343747786
100,10.924,0.01701206234040646
100,10.926,0.017019286698078652
100,10.928,0.01702652296299154
100,10.93,0.017033758302257403
100,10.932,0.017040980480414143
100,10.934000000000001,0.017048177836820493
100,10.936,0.017055339263875407
100,10.938,0.017062454186031327
100,10.94,0.017069512539572323
100,10.942,0.01707650475312886
100,10.944,0.017083421728902478
100,10.946,0.01709025482457495
100,10.948,0.01709699583587605
100,10.950000000000001,0.01710363697978673
100,10.952,0.017110170878354623
100,10.954,0.017116590543097655
100,10.956,0.01712288935997809
100,10.958,0.017129061074922458
100,10.96,0.017135099779869985
100,10.962,0.017140999899328623
100,10.964,0.01714675617742209
100,10.966000000000001,0.017152363665409127
100,10.968,0.017157817709656287
100,10.97,0.017163113940051627
100,10.972,0.01716824825883967
100,10.974,0.017173216829863818
100,10.976,0.01717801606820204
100,10.978,0.017182642630180572
100,10.98,0.017187093403752397
100,10.982000000000001,0.017191365499227722
100,10.984,0.01719545624034297
100,10.986,0.017199363155656174
100,10.988,0.017203083970258066
100,10.99,0.017206616597785895
100,10.992,0.017209959132729925
100,10.994,0.01721310984302246
100,10.996,0.017216067162897586
100,10.998000000000001,0.01721882968601454
100,11.0,0.017221396158832183
100,11.002,0.017223765474227794
100,11.004,0.017225936665350407
100,11.006,0.01722790889970039
100,11.008000000000001,0.017229681473427433
100,11.01,0.017231253805838148
100,11.012,0.01723262543410723
100,11.014,0.017233796008183793
100,11.016,0.017234765285885526
100,11.018,0.017235533128175703
100,11.02,0.01723609949461402
100,11.022,0.01723646443897727
100,11.024000000000001,0.01723662810504184
100,11.026,0.0172365907225244
100,11.028,0.017236352603172432
100,11.03,0.017235914137001564
100,11.032,0.01723527578867313
100,11.034,0.017234438094007487
100,11.036,0.017233401656628202
100,11.038,0.01723216714473088
100,11.040000000000001,0.01723073528797576
100,11.042,0.01722910687449537
100,11.044,0.017227282748015996
100,11.046,0.017225263805088386
100,11.048,0.017223050992422145
100,11.05,0.017220645304322293
100,11.052,0.017218047780223233
100,11.054,0.017215259502316463
100,11.056000000000001,0.0172122815932687
100,11.058,0.01720911521402823
100,11.06,0.017205761561714897
100,11.062,0.017202241605665306
100,11.064,0.017198558139517886
100,11.066,0.01719471393125868
100,11.068,0.017190711723604292
100,11.07,0.017186554234372937
100,11.072000000000001,0.017182244156844516
100,11.074,0.017177784160110177
100,11.076,0.017173176889409874
100,11.078,0.017168424966461676
100,11.08,0.017163530989778963
100,11.082,0.017158497534980298
100,11.084,0.017153327155087734
100,11.086,0.017148022380817012
100,11.088000000000001,0.017142585720859513
100,11.09,0.017137019662154238
100,11.092,0.017131326670152516
100,11.094,0.017125509189074087
100,11.096,0.01711956964215567
100,11.098,0.017113510431891243
100,11.1,0.017107333940266315
100,11.102,0.017102220863110272
100,11.104000000000001,0.017098119386528943
100,11.106,0.01709497967229045
100,11.108,0.017092753786320147
100,11.11,0.01709139562979014
100,11.112,0.017090860872709616
100,11.114,0.017091106889923106
100,11.116,0.017092092699428813
100,11.118,0.01709377890293114
100,11.120000000000001,0.017096127628545524
100,11.122,0.017099102475575445
100,11.124,0.0171026684612863
100,11.126,0.017106791969601663
100,11.128,0.01711144070165055
100,11.13,0.017116583628099948
100,11.132,0.01712219094320233
100,11.134,0.017128234020500115
100,11.136000000000001,0.01713468537012172
100,11.138,0.01714151859761423
100,11.14,0.01714870836425283
100,11.142,0.017156230348775482
100,11.144,0.017164061210489637
100,11.146,0.017172178553700297
100,11.148,0.01718056089341189
100,11.15,0.01718918762225631
100,11.152000000000001,0.017198038978604235
100,11.154,0.01720709601581446
100,11.156,0.01721634057258167
100,11.158,0.017225755244341414
100,11.16,0.017235323355694596
100,11.162,0.01724502893381502
100,11.164,0.017254856682802626
100,11.166,0.01726479195895072
100,11.168000000000001,0.017274820746892232
100,11.17,0.017284929636594188
100,11.172,0.01729510580116996
100,11.174,0.01730533697547976
100,11.176,0.01731561143549018
100,11.178,0.01732591797836809
100,11.18,0.017336245903279257
100,11.182,0.017346584992869226
100,11.184000000000001,0.017356925495400785
100,11.186,0.017367258107524874
100,11.188,0.017377573957662207
100,11.19,0.017387864589974555
100,11.192,0.017398121948903583
100,11.194,0.01740833836425825
100,11.196,0.017418506536830445
100,11.198,0.01742861952452055
100,11.200000000000001,0.01743867072895497
100,11.202,0.017448653882577877
100,11.204,0.01745856303620048
100,11.206,0.01746839254699232
100,11.208,0.017478137066897263
100,11.21,0.01748779153146202
100,11.212,0.01749735114905963
100,11.214,0.01750681139049572
100,11.216000000000001,0.017516167978984407
100,11.218,0.01752541688047924
100,11.22,0.017534554294348147
100,11.222,0.01754357664437984
100,11.224,0.017552480570109528
100,11.226,0.017561262918453578
100,11.228,0.017569920735641904
100,11.23,0.0175784512594375
100,11.232000000000001,0.01758685191163287
100,11.234,0.01759512029081503
100,11.236,0.017603254165386814
100,11.238,0.017611251466839357
100,11.24,0.017619110283263534
100,11.242,0.017626828853093537
100,11.244,0.017634405559075302
100,11.246,0.017641838922449287
100,11.248000000000001,0.017649127597343342
100,11.25,0.017656270365365673
100,11.252,0.01766326613039253
100,11.254,0.01767011391354312
100,11.256,0.017676812848335097
100,11.258000000000001,0.017683362176014853
100,11.26,0.01768976124105626
100,11.262,0.01769720080059966
100,11.264,0.017705628866262674
100,11.266,0.017714995421041477
100,11.268,0.017725252349004975
100,11.27,0.017736353367490056
100,11.272,0.017748253961709343
100,11.274000000000001,0.017760911321684007
100,11.276,0.01777428428141593
100,11.278,0.01778833326022061
100,11.28,0.01780302020614059
100,11.282,0.01781830854136517
100,11.284,0.01783416310958419
100,11.286,0.017850550125204007
100,11.288,0.017867437124361975
100,11.290000000000001,0.017884792917671408
100,11.292,0.017902587544635955
100,11.294,0.017920792229673264
100,11.296,0.017939379339691055
100,11.298,0.01795832234315729
100,11.3,0.01797759577061433
100,11.302,0.017997175176582045
100,11.304,0.018017037102802953
100,11.306000000000001,0.018037159042779572
100,11.308,0.0180575194075588
100,11.31,0.018078097492718954
100,11.312,0.018098873446516044
100,11.314,0.018119828239149045
100,11.316,0.018140943633103333
100,11.318,0.01816220215453502
100,11.32,0.018183587065659323
100,11.322000000000001,0.018205082338106412
100,11.324,0.018226672627212205
100,11.326,0.01824834324720909
100,11.328,0.018270080147287565
100,11.33,0.01829186988849515
100,11.332,0.018313699621445627
100,11.334,0.018335557064808772
100,11.336,0.01835743048455315
100,11.338000000000001,0.01837930867391667
100,11.34,0.018401180934078273
100,11.342,0.018423037055506793
100,11.344,0.018444867299963166
100,11.346,0.018466662383132777
100,11.348,0.018488413457867184
100,11.35,0.01851011209801224
100,11.352,0.018531750282803357
100,11.354000000000001,0.01855332038180828
100,11.356,0.01857481514039679
100,11.358,0.018596227665720992
100,11.36,0.01861755141318737
100,11.362,0.01863878017340285
100,11.364,0.018659908059580444
100,11.366,0.0186809294953861
100,11.368,0.01870183920321291
100,11.370000000000001,0.018722632192868464
100,11.372,0.01874330375065817
100,11.374,0.01876384942885451
100,11.376,0.018784265035536277
100,11.378,0.01880454662478559
100,11.38,0.018824690487231125
100,11.382,0.018827831022544844
100,11.384,0.018814704081823033
100,11.386000000000001,0.018786019632553972
100,11.388,0.01874246260525802
100,11.39,0.018684693719023055
100,11.392,0.01861335028491914
100,11.394,0.018529046986713066
100,11.396,0.018432376638632914
100,11.398,0.018323910920182603
100,11.4,0.018204201088195447
100,11.402000000000001,0.018073778666450928
100,11.404,0.017933156113287413
100,11.406,0.01778282746771378
100,11.408,0.017623268974580344
100,11.41,0.01745493968940401
100,11.412,0.017278282063470294
100,11.414,0.017093722509845397
100,11.416,0.016901671950946138
100,11.418000000000001,0.016702526348312458
100,11.42,0.016496667215230083
100,11.422,0.016284462112846457
100,11.424,0.01606626513041932
100,11.426,0.01584241735033004
100,11.428,0.01561324729849231
100,11.43,0.015379071380778868
100,11.432,0.015140194306086978
100,11.434000000000001,0.014896909496664458
100,11.436,0.01464949948631691
100,11.438,0.014398236307122501
100,11.44,0.01414338186528949
100,11.442,0.013885188306806255
100,11.444,0.01362389837354862
100,11.446,0.013359745750540959
100,11.448,0.013092955405095447
100,11.450000000000001,0.012823743918602462
100,11.452,0.012552319811796645
100,11.454,0.012278883864396135
100,11.456,0.012003629430097655
100,11.458,0.011726742748018184
100,11.46,0.01144840325181098
100,11.462,0.011168783877848813
100,11.464,0.0108880513740734
100,11.466000000000001,0.010606366611373026
100,11.468,0.010323884899663715
100,11.47,0.010040756311257868
100,11.472,0.009757126014601037
100,11.474,0.009473134622095395
100,11.476,0.009188918556524758
100,11.478,0.00890461044161658
100,11.48,0.008620339523573736
100,11.482000000000001,0.008336232132083198
100,11.484,0.008052412191467911
100,11.486,0.007769001795467061
100,11.488,0.007486121862822429
100,11.49,0.007203892895733263
100,11.492,0.006922435869746945
100,11.494,0.006641873292399608
100,11.496,0.006362330479772032
100,11.498000000000001,0.006083937116355171
100,11.5,0.005806829186043955
100,11.502,0.0055311513934024935
100,11.504,0.005257060238558097
100,11.506,0.004984727972218062
100,11.508000000000001,0.0047143477484725815
100,11.51,0.004446140426295447
100,11.512,0.004180363667659596
100,11.514000000000001,0.003917324274804168
100,11.516,0.003657395154321833
100,11.518,0.0034010389737915976
100,11.52,0.0031488416138144492
100,11.522,0.0029015600993167632
100,11.524000000000001,0.0026601920613939464
100,11.526,0.0024260771590280616
100,11.528,0.0022010451474504286
100,11.53,0.0019876288015992115
100,11.532,0.0017893563640707265
100,11.534,0.0016111089285098699
100,11.536,0.0014594307208695041
100,11.538,0.0013424590883402922
100,11.540000000000001,0.0012688633100671244
100,11.542,0.0012448676298225617
100,11.544,0.001262233087742846
100,11.546,0.0013100631553579444
100,11.548,0.0013775800332776202
100,11.55,0.0014558545845413033
100,11.552,0.001538240590377642
100,11.554,0.0016200905315364054
100,11.556000000000001,0.0016982733961867713
100,11.558,0.0017707359266196435
100,11.56,0.0018361699503535408
100,11.562,0.0018937782196333751
100,11.564,0.001943114466447297
100,11.566,0.0019839751171984604
100,11.568,0.0020163258714056167
100,11.57,0.002040251613285828
100,11.572000000000001,0.002055921993965244
100,11.574,0.002063567649601699
100,11.576,0.0020634637511101105
100,11.578,0.002055918711231167
100,11.58,0.002041266615891763
100,11.582,0.002020877614481366
100,11.584,0.001995069027207518
100,11.586,0.001964169523878371
100,11.588000000000001,0.001928519450998336
100,11.59,0.00188847213201038
100,11.592,0.0018443961474850625
100,11.594,0.0017966786605354535
100,11.596,0.0017457299074101062
100,11.598,0.0016919890245409531
100,11.6,0.0016359314279075575
100,11.602,0.0015780779886919096
100,11.604000000000001,0.0015190062403154093
100,11.606,0.0014593637676429993
100,11.608,0.0013998837029001914
100,11.61,0.0013414017786369
100,11.612,0.0012848735151998081
100,11.614,0.001231388675672344
100,11.616,0.0011821780039598699
100,11.618,0.0011386046740701906
100,11.620000000000001,0.0011021307302087613
100,11.622,0.0010742975136063106
100,11.624,0.0010561586826204027
100,11.626,0.0010485579799426792
100,11.628,0.0010520318438573073
100,11.63,0.0010667459071557563
100,11.632,0.0010924852726162484
100,11.634,0.0011287011497289352
100,11.636000000000001,0.0011745978605871201
100,11.638,0.0012292345832143775
100,11.64,0.001291618588437316
100,11.642,0.0013607764492000597
100,11.644,0.0014357999236416482
100,11.646,0.0015158698816601884
100,11.648,0.0016002642589341208
100,11.65,0.0016883559257525986
100,11.652000000000001,0.001779605072688431
100,11.654,0.0018735492354310654
100,11.656,0.0019697928537310517
100,11.658,0.0020679973912126324
100,11.66,0.0021678724895105054
100,11.662,0.0022680834391348697
100,11.664,0.0023684277357327753
100,11.666,0.002468740367542685
100,11.668000000000001,0.002568886391222198
100,11.67,0.00266875510307218
100,11.672,0.0027682554453756815
100,11.674,0.0028673123694996747
100,11.676,0.0029658639419017406
100,11.678,0.0030638590290403413
100,11.68,0.003161255435340974
100,11.682,0.003258018397429506
100,11.684000000000001,0.003354119359942907
100,11.686,0.0034495349750477094
100,11.688,0.003544246280622736
100,11.69,0.0036382380218802027
100,11.692,0.0037314980887364927
100,11.694,0.0038240170470602687
100,11.696,0.003915787746434371
100,11.698,0.0040068049905748245
100,11.700000000000001,0.0040970652592979846
100,11.702,0.004186566473085259
100,11.704,0.004275307792999824
100,11.706,0.004363289450063862
100,11.708,0.004450512599284013
100,11.71,0.0045369791943784986
100,11.712,0.0046226918799537765
100,11.714,0.004707653898442736
100,11.716000000000001,0.004791869009571493
100,11.718,0.004875341420496285
100,11.72,0.0049580757250516656
100,11.722,0.0050400768508082165
100,11.724,0.005121350012837618
100,11.726,0.005201900673257432
100,11.728,0.0052817345057684486
100,11.73,0.005360857364515223
100,11.732000000000001,0.005439275256700239
100,11.734,0.0055169943184632236
100,11.736,0.00559402079360833
100,11.738,0.0056703610148201335
100,11.74,0.005746021387058115
100,11.742,0.005822208326534963
100,11.744,0.005898876748890504
100,11.746,0.005975983405473552
100,11.748000000000001,0.006053486821633061
100,11.75,0.006131347236581863
100,11.752,0.006209526544833305
100,11.754,0.006287988239203758
100,11.756,0.006366697355375153
100,11.758000000000001,0.006445620418006065
100,11.76,0.006524725388380663
100,11.762,0.006603981613578571
100,11.764000000000001,0.006683359777148325
100,11.766,0.006762831851265765
100,11.768,0.0068423710503523845
100,11.77,0.006921951786132026
100,11.772,0.007001549624099005
100,11.774000000000001,0.007081141241370155
100,11.776,0.007160704385892027
100,11.778,0.007240217836974972
100,11.78,0.007319661367121767
100,11.782,0.007399015705120966
100,11.784,0.00747826250037226
100,11.786,0.007557384288413626
100,11.788,0.007636364457615937
100,11.790000000000001,0.007715187217014642
100,11.792,0.007793837565245508
100,11.794,0.007872301260552557
100,11.796,0.007950564791837688
100,11.798,0.008028615350718606
100,11.8,0.008106440804566154
100,11.802,0.00818402967048963
100,11.804,0.008261371090240515
100,11.806000000000001,0.00833845480600565
100,11.808,0.00841527113705979
100,11.81,0.008491810957251898
100,11.812,0.00856806567329516
100,11.814,0.00864402720383647
100,11.816,0.008719687959276674
100,11.818,0.008795040822318776
100,11.82,0.008870079129218191
100,11.822000000000001,0.008945969406494158
100,11.824,0.00902264932923947
100,11.826,0.00910005907961462
100,11.828,0.009178141257442016
100,11.83,0.009256840793716923
100,11.832,0.009336104866958891
100,11.834,0.00941588282232907
100,11.836,0.009496126093437439
100,11.838000000000001,0.009576788126768689
100,11.84,0.00965782430865046
100,11.842,0.009739191894696585
100,11.844,0.009820849941648911
100,11.846,0.009902759241552253
100,11.848,0.009984882258190084
100,11.85,0.010067183065714847
100,11.852,0.010149627289404679
100,11.854000000000001,0.010232182048481961
100,11.856,0.010314815900927957
100,11.858,0.010397498790231632
100,11.86,0.01048020199400963
100,11.862,0.010562898074438205
100,11.864,0.01064556083043654
100,11.866,0.010728165251545305
100,11.868,0.010810687473442885
100,11.870000000000001,0.01089310473504606
100,11.872,0.010975395337139902
100,11.874,0.01105753860248748
100,11.876,0.011139514837366339
100,11.878,0.011221305294485387
100,11.88,0.011302892137232836
100,11.882,0.011384258405209917
100,11.884,0.011465387981005683
100,11.886000000000001,0.011546265558169965
100,11.888,0.011626876610341152
100,11.89,0.0117072073614909
100,11.892,0.011787244757243043
100,11.894,0.011866976437231981
100,11.896,0.011946390708461064
100,11.898,0.012025476519628361
100,11.9,0.012104223436382115
100,11.902000000000001,0.012182621617475896
100,11.904,0.012260661791788762
100,11.906,0.012338335236182024
100,11.908,0.012415633754160433
100,11.91,0.012492549655310053
100,11.912,0.012569075735485085
100,11.914,0.01264520525771701
100,11.916,0.012720931933818186
100,11.918000000000001,0.012796249906658183
100,11.92,0.012871153733085379
100,11.922,0.01294563836747293
100,11.924,0.013019699145865649
100,11.926,0.013093331770706023
100,11.928,0.013166532296118711
100,11.93,0.013239297113733997
100,11.932,0.01331162293902953
100,11.934000000000001,0.013383506798172544
100,11.936,0.013454946015344808
100,11.938,0.013525938200531424
100,11.94,0.013596481237758536
100,11.942,0.013667761355280307
100,11.944,0.01373972562290868
100,11.946,0.013812323235264705
100,11.948,0.013885505435040054
100,11.950000000000001,0.013959225438954061
100,11.952,0.0140334383663114
100,11.954,0.014108101170073554
100,11.956,0.014183172570357467
100,11.958,0.014258612990276875
100,11.96,0.014334384494047184
100,11.962,0.014410450727274272
100,11.964,0.01448677685935268
100,11.966000000000001,0.014563329527899096
100,11.968,0.014640076785152003
100,11.97,0.014716988046266635
100,11.972,0.014794034039441763
100,11.974,0.01487118675781193
100,11.976,0.014948419413045965
100,11.978,0.015025706390589892
100,11.98,0.015103023206497626
100,11.982000000000001,0.015181477361988882
100,11.984,0.015260992734342936
100,11.986,0.015341496213770785
100,11.988,0.015422917594967658
100,11.99,0.01550518947246311
100,11.992,0.015588247139643067
100,11.994,0.01567202849132129
100,11.996,0.015756473929740684
100,11.998000000000001,0.015841526273887387
100,12.0,0.015927130672006656
200,4.0,0.012068733839943483
200,4.002,0.012128749791988873
200,4.0040000000000004,0.012188531927198747
200,4.006,0.012248074279315988
200,4.008,0.012307371263827816
200,4.01,0.012366417663077974
200,4.0120000000000005,0.012425208611916249
200,4.014,0.012483739583865157
200,4.016,0.012542006377786677
200,4.018,0.012600005105029477
200,4.0200000000000005,0.012657732177040134
200,4.022,0.0127151842934217
200,4.024,0.012772358430422459
200,4.026,0.012829251829840802
200,4.0280000000000005,0.012885861988330657
200,4.03,0.012942186647092716
200,4.032,0.012998223781939232
200,4.034,0.013053971593716084
200,4.0360000000000005,0.013109428499073058
200,4.038,0.013164593121566854
200,4.04,0.01321946428308722
200,4.042,0.013274040995592224
200,4.0440000000000005,0.013328322453144728
200,4.046,0.013382308024236622
200,4.048,0.013435997244392393
200,4.05,0.013489389809041153
200,4.0520000000000005,0.013542485566647606
200,4.054,0.013595284512094174
200,4.056,0.01364778678030293
200,4.058,0.01369999264009124
200,4.0600000000000005,0.01375190248825097
200,4.062,0.013803516843844885
200,4.064,0.013854836342711544
200,4.066,0.013905861732171374
200,4.0680000000000005,0.013956593865927229
200,4.07,0.014007033699152707
200,4.072,0.014057182283760497
200,4.074,0.014107040763845433
200,4.0760000000000005,0.014156610371296648
200,4.078,0.014205892421570053
200,4.08,0.014254888309619252
200,4.082,0.014303599505976296
200,4.0840000000000005,0.014352027552978788
200,4.086,0.014400174061136608
200,4.088,0.014448040705635202
200,4.09,0.014495629222968804
200,4.0920000000000005,0.014542941407699989
200,4.094,0.014589979109341263
200,4.096,0.014636744229352837
200,4.098,0.014683238718255179
200,4.1,0.014729464572849493
200,4.102,0.014775423833543706
200,4.104,0.01482111858178022
200,4.106,0.014866550937561888
200,4.108,0.014911723057071724
200,4.11,0.014956637130384075
200,4.112,0.015001295379264146
200,4.114,0.015045700055051415
200,4.116,0.015089853436625346
200,4.118,0.015133757828449817
200,4.12,0.015177415558693527
200,4.122,0.015221987246274628
200,4.124,0.01526742541457833
200,4.126,0.015313684425435741
200,4.128,0.015360720412683415
200,4.13,0.015408491218151663
200,4.132,0.015456956329990315
200,4.134,0.015506076823241436
200,4.136,0.015555815302576607
200,4.138,0.015606135847112986
200,4.14,0.015657003957232966
200,4.142,0.015708386503328408
200,4.144,0.01576025167639939
200,4.146,0.01581256894043527
200,4.148,0.015865308986512255
200,4.15,0.01591844368854217
200,4.152,0.015971946060610896
200,4.154,0.016025790215846502
200,4.156,0.016079951326760183
200,4.158,0.016134405587005293
200,4.16,0.016189130174501
200,4.162,0.016244103215871518
200,4.164,0.016299303752149375
200,4.166,0.016354711705700194
200,4.168,0.01641030784832003
200,4.17,0.016466073770464933
200,4.172,0.01652199185156986
200,4.174,0.01657804523141812
200,4.176,0.01663421778252259
200,4.178,0.016690494083481753
200,4.18,0.016746859393276175
200,4.182,0.01680329962646984
200,4.184,0.01685980132928621
200,4.186,0.01691635165652449
200,4.188,0.0169729383492888
200,4.19,0.017029549713498817
200,4.192,0.017086174599156078
200,4.194,0.017142802380337146
200,4.196,0.01719942293588889
200,4.198,0.017256026630800933
200,4.2,0.017312604298230384
200,4.202,0.017369147222156694
200,4.204,0.01742564712064436
200,4.206,0.01748209612969083
200,4.208,0.017538486787641215
200,4.21,0.017594812020147114
200,4.212,0.0176510651256529
200,4.214,0.01770723976138967
200,4.216,0.01776332992985927
200,4.218,0.01781932996579128
200,4.22,0.017875234523557056
200,4.222,0.017931038565023327
200,4.224,0.017986737347832314
200,4.226,0.018042326414090867
200,4.228,0.018097801579456937
200,4.23,0.018153158922607684
200,4.232,0.018208394775076568
200,4.234,0.018263505711447147
200,4.236,0.01831848853989089
200,4.238,0.01837334029303613
200,4.24,0.01842805821915819
200,4.242,0.01848263977367915
200,4.244,0.018537082610965174
200,4.246,0.018591384576413256
200,4.248,0.018645543698816457
200,4.25,0.018699558182996474
200,4.252,0.01875342640269732
200,4.2540000000000004,0.018807146893729025
200,4.256,0.018860718347352513
200,4.258,0.0189141396038993
200,4.26,0.018967409646615568
200,4.2620000000000005,0.019020527595724344
200,4.264,0.019073492702698484
200,4.266,0.019126304344735685
200,4.268,0.01917896201942979
200,4.2700000000000005,0.019231465339632058
200,4.272,0.019283814028493922
200,4.274,0.019336007914687314
200,4.276,0.019388046927794497
200,4.2780000000000005,0.019439931093863203
200,4.28,0.019491660531119587
200,4.282,0.019543235445835454
200,4.284,0.019594656128343702
200,4.2860000000000005,0.019645922949195406
200,4.288,0.019697036355456533
200,4.29,0.019747996867137345
200,4.292,0.01979880507375017
200,4.2940000000000005,0.01984946163099248
200,4.296,0.01989996725754878
200,4.298,0.01995032273200942
200,4.3,0.020000528889900834
200,4.3020000000000005,0.020050586620823888
200,4.304,0.020100496865696687
200,4.306,0.020150260614098203
200,4.308,0.02019987890170884
200,4.3100000000000005,0.02024935280784529
200,4.312,0.02029868345308608
200,4.314,0.02034787199698428
200,4.316,0.020396919635865606
200,4.3180000000000005,0.020445827600706894
200,4.32,0.020494597155095027
200,4.322,0.020543229593260545
200,4.324,0.02059172623818562
200,4.3260000000000005,0.02064008843978238
200,4.328,0.020688317573140474
200,4.33,0.02073641503684007
200,4.332,0.020784382251329274
200,4.3340000000000005,0.020832220657362652
200,4.336,0.02087993171450003
200,4.338,0.020927516899661824
200,4.34,0.020974977705740576
200,4.3420000000000005,0.021022315640266243
200,4.344,0.02106953222412215
200,4.346,0.021116628990312022
200,4.348,0.021163607482774488
200,4.3500000000000005,0.021210469255244276
200,4.352,0.021257215870158632
200,4.354,0.021303848897606784
200,4.356,0.0213503699143213
200,4.358,0.021396780502709743
200,4.36,0.02144308224992577
200,4.362,0.021489276746977256
200,4.364,0.021535365587871304
200,4.366,0.021581350368793994
200,4.368,0.021627232687324156
200,4.37,0.021673014141679638
200,4.372,0.021718696329994944
200,4.374,0.021764280849630297
200,4.376,0.021809769296508477
200,4.378,0.02185516326448153
200,4.38,0.021900464344723692
200,4.382,0.02194567412515134
200,4.384,0.021990794189868462
200,4.386,0.022035826118635898
200,4.388,0.02208077148636547
200,4.39,0.022125631862636032
200,4.392,0.022170408811231977
200,4.394,0.022215103889703162
200,4.396,0.02225971864894514
200,4.398,0.022304254632799114
200,4.4,0.022348713377671595
200,4.402,0.022375284118932897
200,4.404,0.022384746233805534
200,4.406,0.02237785160447387
200,4.408,0.02235532554880778
200,4.41,0.022317867720182558
200,4.412,0.022266152977023654
200,4.414,0.02220083222281099
200,4.416,0.022122533217356535
200,4.418,0.02203186136021003
200,4.42,0.021929400447075854
200,4.422,0.021815713400132292
200,4.424,0.021691342973142975
200,4.426,0.02155681243224175
200,4.428,0.021412626213254363
200,4.43,0.02125927055640237
200,4.432,0.021097214119211127
200,4.434,0.02092690856841833
200,4.436,0.020748789151654835
200,4.438,0.020563275249642608
200,4.44,0.020370770909628286
200,4.442,0.020171665360743957
200,4.444,0.019966333511962402
200,4.446,0.019755136433286382
200,4.448,0.01953842182078969
200,4.45,0.01931652444610131
200,4.452,0.01908976659090431
200,4.454,0.018858458466994722
200,4.456,0.018622898622428916
200,4.458,0.018383374334264856
200,4.46,0.0181401619883862
200,4.462,0.017893527446874644
200,4.464,0.017643726403385327
200,4.466,0.01739100472695894
200,4.468,0.017135598794688168
200,4.47,0.016877735813645572
200,4.472,0.016617634132460594
200,4.474,0.016355503542924515
200,4.476,0.016091545571988247
200,4.478,0.015825953764505917
200,4.48,0.01555891395706814
200,4.482,0.015290604543257518
200,4.484,0.015021196730652839
200,4.486,0.014750854789896843
200,4.488,0.014479736296140473
200,4.49,0.014207992363165297
200,4.492,0.013935767870487758
200,4.494,0.013663201683739093
200,4.496,0.013390426868617796
200,4.498,0.01311757089870979
200,4.5,0.01284475585747012
200,4.502,0.01257209863466931
200,4.5040000000000004,0.012299711117606882
200,4.506,0.012027700377407672
200,4.508,0.011756168850724894
200,4.51,0.011485214517191223
200,4.5120000000000005,0.011214931072976568
200,4.514,0.010945408100838449
200,4.516,0.010676731237077275
200,4.518,0.01040898233585334
200,4.5200000000000005,0.010142239631361735
200,4.522,0.009877790747645328
200,4.524,0.009615648551082764
200,4.526,0.00935582471845944
200,4.5280000000000005,0.009098329813105786
200,4.53,0.008843173361969717
200,4.532,0.00859036393413928
200,4.534,0.008339909221421127
200,4.5360000000000005,0.008091816121683651
200,4.538,0.00784609082580794
200,4.54,0.007602738909250683
200,4.542,0.007361765429422529
200,4.5440000000000005,0.007123175030339006
200,4.546,0.006886972056312199
200,4.548,0.006653160676846517
200,4.55,0.006421745025404551
200,4.5520000000000005,0.006192729355340103
200,4.554,0.0059661182171173045
200,4.556,0.005741916661981257
200,4.558,0.005520130478613544
200,4.5600000000000005,0.005300766471092119
200,4.562,0.005083832788830003
200,4.564,0.004869339322294844
200,4.566,0.004657298182507315
200,4.5680000000000005,0.004447724287988462
200,4.57,0.004240636090570679
200,4.572,0.004036056482175403
200,4.574,0.0038340139395509117
200,4.5760000000000005,0.0036345439849656395
200,4.578,0.0034376910708035758
200,4.58,0.0032435110392627815
200,4.582,0.003052074371623992
200,4.5840000000000005,0.0028634705353317957
200,4.586,0.002677813877987415
200,4.588,0.0024952517318061057
200,4.59,0.0023159757227146065
200,4.5920000000000005,0.002140237793713997
200,4.594,0.001968373261905548
200,4.596,0.0018008345022819375
200,4.598,0.0016382408313766789
200,4.6000000000000005,0.0014814531239461365
200,4.602,0.0013316856753300213
200,4.604,0.0011906715960281194
200,4.606,0.0010608958326452267
200,4.6080000000000005,0.0009458829920976516
200,4.61,0.0008504300760631236
200,4.612,0.0007804498801742784
200,4.614,0.0007418503157802927
200,4.616,0.0007382606661817075
200,4.618,0.0007689492284641368
200,4.62,0.0008290151667205241
200,4.622,0.000911691702393152
200,4.624,0.0010105809351166097
200,4.626,0.0011206367434212806
200,4.628,0.0012382102179121612
200,4.63,0.0013607537173992376
200,4.632,0.0014865016456592996
200,4.634,0.001614222434396116
200,4.636,0.00174304593466956
200,4.638,0.0018723479835708271
200,4.64,0.0020016739537899704
200,4.642,0.0021306878920327706
200,4.644,0.0022591382951840312
200,4.646,0.002386834746215775
200,4.648,0.0025136317125592153
200,4.65,0.00263941713262712
200,4.652,0.0027641042509045045
200,4.654,0.0028876256905424552
200,4.656,0.0030099290901033655
200,4.658,0.003130973849504223
200,4.66,0.0032507286733401207
200,4.662,0.0033691696948807554
200,4.664,0.0034862790281131304
200,4.666,0.003602043638955737
200,4.668,0.003716454457042297
200,4.67,0.0038295056706744374
200,4.672,0.003941194162572941
200,4.674,0.0040515190548307016
200,4.676,0.0041604813392784965
200,4.678,0.004268083575190482
200,4.68,0.004374329640479498
200,4.682,0.004462970667011284
200,4.684,0.004534734152489809
200,4.686,0.004590336641308844
200,4.688,0.0046304805038562165
200,4.69,0.004655852002683349
200,4.692,0.004667120244682864
200,4.694,0.0046649367622011596
200,4.696,0.004649935556939015
200,4.698,0.0046227334999937525
200,4.7,0.004583931021924004
200,4.702,0.004534113055810451
200,4.704,0.004473850218686207
200,4.706,0.004403700235587338
200,4.708,0.004324209628150502
200,4.71,0.004235915708059035
200,4.712,0.004139348936532541
200,4.714,0.0040350357364445635
200,4.716,0.003923501875933037
200,4.718,0.003805276584636428
200,4.72,0.003680897620058206
200,4.722,0.0035520045992645326
200,4.724,0.0034190944459455233
200,4.726,0.0032826912350200125
200,4.728,0.0031433564766317756
200,4.73,0.003001702250314612
200,4.732,0.002858408085018785
200,4.734,0.0027142427378343366
200,4.736,0.002570092305607235
200,4.738,0.0024269963407185613
200,4.74,0.002286193662608666
200,4.742,0.0021491789787829014
200,4.744,0.002017769491327455
200,4.746,0.001894176016837716
200,4.748,0.0017810638232201258
200,4.75,0.0016815726755426944
200,4.752,0.0015992452831685411
200,4.7540000000000004,0.0015378005405801943
200,4.756,0.0015007106148368654
200,4.758,0.001490628621808668
200,4.76,0.0015088461362922272
200,4.7620000000000005,0.0015550274793383887
200,4.764,0.001627359516384285
200,4.766,0.0017230289164526663
200,4.768,0.0018387920042811476
200,4.7700000000000005,0.0019714349522783835
200,4.772,0.0021180481974901895
200,4.774,0.002276138587685102
200,4.776,0.0024436379445216807
200,4.7780000000000005,0.002618860360086932
200,4.78,0.002800441896408476
200,4.782,0.0029872802362333464
200,4.784,0.003178481646712074
200,4.7860000000000005,0.0033733172432373545
200,4.788,0.003571188116254693
200,4.79,0.0037715980112536943
200,4.792,0.00397413210282776
200,4.7940000000000005,0.004178440545651151
200,4.796,0.004384225713866095
200,4.798,0.004591232268418874
200,4.8,0.004799239388050104
200,4.8020000000000005,0.005005840602940805
200,4.804,0.005210938892941292
200,4.806,0.0054144619026471885
200,4.808,0.00561635669848396
200,4.8100000000000005,0.005816585731190757
200,4.812,0.006015123699785263
200,4.814,0.0062119550961249135
200,4.816,0.006407072267961169
200,4.8180000000000005,0.0066004738803982265
200,4.82,0.006792163685981253
200,4.822,0.006982149535714976
200,4.824,0.007170442579532005
200,4.8260000000000005,0.007357056616752607
200,4.828,0.007542007566063579
200,4.83,0.007725313031309952
200,4.832,0.007906991944536316
200,4.8340000000000005,0.008087064271638873
200,4.836,0.008265550769022498
200,4.838,0.008442472781997709
200,4.84,0.008617852077486733
200,4.8420000000000005,0.008790500973859928
200,4.844,0.008960493171406578
200,4.846,0.00912790081310994
200,4.848,0.009292794410760023
200,4.8500000000000005,0.009455242794321342
200,4.852,0.009615313080053572
200,4.854,0.009773070653761902
200,4.856,0.009928579166244393
200,4.8580000000000005,0.010081900538560378
200,4.86,0.010233094975179855
200,4.862,0.010382220983433818
200,4.864,0.01052933539796586
200,4.866,0.010674493409123203
200,4.868,0.010817748594409692
200,4.87,0.010959152952278697
200,4.872,0.011098756937672134
200,4.874,0.011236609498812913
200,4.876,0.01137275811484493
200,4.878,0.011507248833987621
200,4.88,0.011640126311926893
200,4.882,0.011771433850217238
200,4.884,0.011901213434507906
200,4.886,0.012029505772441353
200,4.888,0.012156350331100081
200,4.89,0.012281785373902085
200,4.892,0.012405847996864608
200,4.894,0.012528574164173223
200,4.896,0.012649998743008073
200,4.898,0.012770155537587594
200,4.9,0.01288907732240527
200,4.902,0.01300679587463765
200,4.904,0.013123342005713646
200,4.906,0.013238745592037452
200,4.908,0.013353035604864123
200,4.91,0.013466240139330916
200,4.912,0.013578386442649753
200,4.914,0.013689500941469783
200,4.916,0.013799609268421432
200,4.918,0.013908736287854813
200,4.92,0.014016906120786234
200,4.922,0.014124142169070297
200,4.924,0.014230467138810666
200,4.926,0.014335903063031482
200,4.928,0.014440471323623397
200,4.93,0.014544192672583481
200,4.932,0.014647087252568247
200,4.934,0.014749174616777393
200,4.936,0.014850473748187
200,4.938,0.014951003078150806
200,4.94,0.015050780504386931
200,4.942,0.015149823408369952
200,4.944,0.015248148672144184
200,4.946,0.015345772694577169
200,4.948,0.015442711407070079
200,4.95,0.015538980288741809
200,4.952,0.015634594381103716
200,4.954,0.01572956830224127
200,4.956,0.015823916260517688
200,4.958,0.015917652067816097
200,4.96,0.016010789152334105
200,4.962,0.016103340570946756
200,4.964,0.016195319021150536
200,4.966,0.01628673685260376
200,4.968,0.016377606078275743
200,4.97,0.016467938385218026
200,4.972,0.01655774514497131
200,4.974,0.016647037423618453
200,4.976,0.01673582599149718
200,4.978,0.01682412133258339
200,4.98,0.01691193365355617
200,4.982,0.016999272892554897
200,4.984,0.017086148727640547
200,4.986,0.017172570584969075
200,4.988,0.01725854764668871
200,4.99,0.017344088858568814
200,4.992,0.017429202937371605
200,4.994,0.01751389837797363
200,4.996,0.01759818346024644
200,4.998,0.017682066255705103
200,5.0,0.017765554633932316
200,5.002,0.017849870481032565
200,5.0040000000000004,0.017934968142028166
200,5.006,0.018020803753373747
200,5.008,0.018107335177721152
200,5.01,0.018194521941030585
200,5.0120000000000005,0.018282325171943756
200,5.014,0.01837070754333666
200,5.016,0.018459633215970744
200,5.018,0.018549067784169388
200,5.0200000000000005,0.01863897822344471
200,5.022,0.01872933284000215
200,5.024,0.018820101222059096
200,5.026,0.018911254192908313
200,5.0280000000000005,0.019002763765663552
200,5.03,0.019094603099628914
200,5.032,0.019186746458230534
200,5.034,0.01927916916845655
200,5.0360000000000005,0.01937184758174882
200,5.038,0.019464759036296207
200,5.04,0.019557881820678413
200,5.042,0.01965230921420514
200,5.0440000000000005,0.019747966869756908
200,5.046,0.019844783351633945
200,5.048,0.019942690028762058
200,5.05,0.02004162097181228
200,5.0520000000000005,0.020141512854092523
200,5.054,0.020242304856068014
200,5.056,0.0203439385733784
200,5.058,0.020446357928220985
200,5.0600000000000005,0.02054950908397439
200,5.062,0.0206533403629425
200,5.064,0.02075780216710286
200,5.066,0.02086284690174685
200,5.0680000000000005,0.02096842890190535
200,5.07,0.021074504361454853
200,5.072,0.021181031264805424
200,5.074,0.02128796932107478
200,5.0760000000000005,0.021395279900655373
200,5.078,0.021502925974086488
200,5.08,0.02161087205314634
200,5.082,0.021720174037875618
200,5.0840000000000005,0.021830746344684477
200,5.086,0.02194250678290239
200,5.088,0.022055376429619817
200,5.09,0.022169279509177194
200,5.0920000000000005,0.022284143277123736
200,5.094,0.02239989790847915
200,5.096,0.022516476390132583
200,5.098,0.022633814417222915
200,5.1000000000000005,0.022751850293348374
200,5.102,0.022870524834460157
200,5.104,0.02298978127629981
200,5.106,0.023109565185245404
200,5.1080000000000005,0.023229824372437702
200,5.11,0.023350508811061415
200,5.112,0.023471570556662137
200,5.114,0.023592963670384146
200,5.1160000000000005,0.023714644145019063
200,5.118,0.023836569833758245
200,5.12,0.023958700381549493
200,5.122,0.02408099715895726
200,5.124,0.024203423198434944
200,5.126,0.024325943132917926
200,5.128,0.024448523136650392
200,5.13,0.024571130868164044
200,5.132,0.024693735415326483
200,5.134,0.02481630724238527
200,5.136,0.024938818138929973
200,5.138,0.025061241170705816
200,5.14,0.02518355063220618
200,5.142,0.025305722000981315
200,5.144,0.025427731893599162
200,5.146,0.02554955802319689
200,5.148,0.02567117915856642
200,5.15,0.025792575084716187
200,5.152,0.02591372656485607
200,5.154,0.02603461530375365
200,5.156,0.02615522391241075
200,5.158,0.026275535874013767
200,5.16,0.026395535511109767
200,5.162,0.026516275391120583
200,5.164,0.026637690116606244
200,5.166,0.026759716966227247
200,5.168,0.026882295796750916
200,5.17,0.027005368948635117
200,5.172,0.027128881155054293
200,5.174,0.027252779454241358
200,5.176,0.027377013105019065
200,5.178,0.0275015335054034
200,5.18,0.027626294114162873
200,5.182,0.027751250375225474
200,5.184,0.027876359644825245
200,5.186,0.028001581121288067
200,5.188,0.02812687577735847
200,5.19,0.02825220629497225
200,5.192,0.028377537002386998
200,5.194,0.028502833813579823
200,5.196,0.028628064169832206
200,5.198,0.028753196983419348
200,5.2,0.028878202583327003
200,5.202,0.02900409935840736
200,5.204,0.029130810309594295
200,5.206,0.029258261580851885
200,5.208,0.029386382344491764
200,5.21,0.029515104690669074
200,5.212,0.029644363520900163
200,5.214,0.029774096445452626
200,5.216,0.029904243684461207
200,5.218,0.030034747972633048
200,5.22,0.030165554467405917
200,5.222,0.030296610660431513
200,5.224,0.030427866292261675
200,5.226,0.03055927327011547
200,5.228,0.030690785588616352
200,5.23,0.030822359253386077
200,5.232,0.03095395220739176
200,5.234,0.0310855242599443
200,5.236,0.031217037018249114
200,5.238,0.03134845382141612
200,5.24,0.031479739676839306
200,5.242,0.03159074881181508
200,5.244,0.03168234111730268
200,5.246,0.03175534630271354
200,5.248,0.03181056488737326
200,5.25,0.031848769166297766
200,5.252,0.0318707041492224
200,5.2540000000000004,0.03187708847229769
200,5.256,0.0318686152822236
200,5.258,0.03184595309286786
200,5.26,0.03180974661461927
200,5.2620000000000005,0.03176061755687982
200,5.264,0.03169916540421461
200,5.266,0.031625968166755815
200,5.268,0.03154158310551994
200,5.2700000000000005,0.03144654743333054
200,5.272,0.03134137899206473
200,5.274,0.031226576906953265
200,5.276,0.031102622218666928
200,5.2780000000000005,0.030969978493918388
200,5.28,0.030829092415300987
200,5.282,0.030678901882711444
200,5.284,0.030519887666280953
200,5.2860000000000005,0.030352512989288573
200,5.288,0.030177224119691645
200,5.29,0.029994450941538065
200,5.292,0.02980460750697129
200,5.2940000000000005,0.029608092569521613
200,5.296,0.029405290099350823
200,5.298,0.029196569781098265
200,5.3,0.028982287494953025
200,5.3020000000000005,0.028762785781553158
200,5.304,0.02853839429129428
200,5.306,0.02830943021860384
200,5.308,0.028076198721720843
200,5.3100000000000005,0.027838993328496847
200,5.312,0.027598096328716605
200,5.314,0.02735377915341639
200,5.316,0.02710630274165977
200,5.3180000000000005,0.02685591789521209
200,5.32,0.026602865621540153
200,5.322,0.026347377465543918
200,5.324,0.02608967583041306
200,5.3260000000000005,0.025829974287986262
200,5.328,0.02556847787897517
200,5.33,0.025305383403402014
200,5.332,0.025040879701586746
200,5.3340000000000005,0.024775147926005093
200,5.336,0.02450836180432892
200,5.338,0.02424068789394662
200,5.34,0.023972285828250353
200,5.3420000000000005,0.02370330855496825
200,5.344,0.023433902566805262
200,5.346,0.02316420812465046
200,5.348,0.022894359473597612
200,5.3500000000000005,0.022624485052015093
200,5.352,0.022354707693895647
200,5.354,0.02208514482470679
200,5.356,0.021815908650952964
200,5.3580000000000005,0.021547106343655732
200,5.36,0.021278840215950428
200,5.362,0.021011207894987973
200,5.364,0.020744302488328387
200,5.3660000000000005,0.02047821274500198
200,5.368,0.02021302321141057
200,5.37,0.019948814382233754
200,5.372,0.019685662846501195
200,5.3740000000000006,0.01942364142898472
200,5.376,0.01916281932705938
200,5.378,0.01890326224317948
200,5.38,0.018645032513106653
200,5.382,0.01838818923002716
200,5.384,0.01813278836468831
200,5.386,0.017878882881679874
200,5.388,0.017626522851984117
200,5.39,0.017375755561911045
200,5.392,0.01712662561853553
200,5.394,0.016879175051745986
200,5.396,0.01663344341301311
200,5.398,0.01638946787098259
200,5.4,0.016147283303993065
200,5.402,0.01590841130533672
200,5.404,0.01567281200555026
200,5.406,0.015440446030709652
200,5.408,0.015211274497225206
200,5.41,0.014985259006625836
200,5.412,0.014762361640331392
200,5.414,0.014542544954416313
200,5.416,0.014325771974365745
200,5.418,0.014112006189826314
200,5.42,0.013901211549352302
200,5.422,0.013693352455149892
200,5.424,0.0134883937578198
200,5.426,0.013286300751100105
200,5.428,0.013087039166611547
200,5.43,0.01289057516860415
200,5.432,0.012696875348709289
200,5.434,0.012505906720695781
200,5.436,0.012317636715233138
200,5.438,0.012132033174660925
200,5.44,0.011949064347767092
200,5.442,0.01176722279463238
200,5.444,0.011586549460775274
200,5.446,0.011407083088065189
200,5.448,0.011228860302861068
200,5.45,0.011051915701297184
200,5.452,0.010876281931813645
200,5.454,0.010701989775030007
200,5.456,0.010529068221054094
200,5.458,0.01035754454431819
200,5.46,0.010187444376029815
200,5.462,0.010018791774324803
200,5.464,0.009851609292204416
200,5.466,0.009685918043339717
200,5.468,0.009521737765822196
200,5.47,0.009359086883937075
200,5.472,0.009197982568035824
200,5.474,0.009038440792581075
200,5.476,0.008880476392435025
200,5.478,0.008724103117462393
200,5.48,0.008569333685515303
200,5.482,0.008416179833867192
200,5.484,0.008264652369160502
200,5.486,0.008114761215933011
200,5.488,0.007966515463782294
200,5.49,0.007819923413232314
200,5.492,0.007674992620358167
200,5.494,0.007531729940229226
200,5.496,0.007390141569225124
200,5.498,0.007250233086281353
200,5.5,0.0071120094931156
200,5.502,0.006975475253488438
200,5.5040000000000004,0.006840634331548201
200,5.506,0.0067074902293071635
200,5.508,0.006576046023297966
200,5.51,0.006446304400452654
200,5.5120000000000005,0.006318267693247994
200,5.514,0.006191937914156504
200,5.516,0.006067316789440932
200,5.518,0.005944405792325556
200,5.5200000000000005,0.005823206175576141
200,5.522,0.005703719003513881
200,5.524,0.00558594518348827
200,5.526,0.005469885496823647
200,5.5280000000000005,0.005355540629252746
200,5.53,0.0052429112008424905
200,5.532,0.005131997795409387
200,5.534,0.005022800989413787
200,5.5360000000000005,0.004915321380312861
200,5.538,0.004809559614341675
200,5.54,0.004705516413676738
200,5.542,0.004603192602926256
200,5.5440000000000005,0.004502589134871313
200,5.546,0.004403707115367064
200,5.548,0.004306547827291249
200,5.55,0.004211112753404251
200,5.5520000000000005,0.00411740359796212
200,5.554,0.004025422306891597
200,5.556,0.0039351710863097
200,5.558,0.0038466524191315826
200,5.5600000000000005,0.003759869079478798
200,5.562,0.0036744565438030317
200,5.564,0.0035904315241277076
200,5.566,0.0035078109142989396
200,5.5680000000000005,0.0034266118490438213
200,5.57,0.003346851761694867
200,5.572,0.0032685484401578147
200,5.574,0.0031917200806095493
200,5.5760000000000005,0.0031163853382938467
200,5.578,0.0030425633746661586
200,5.58,0.0029702738999903048
200,5.582,0.002899537210338982
200,5.5840000000000005,0.0028303742177753746
200,5.586,0.002762806472310478
200,5.588,0.0026968561740335116
200,5.59,0.0026325461736081378
200,5.5920000000000005,0.002569899959124634
200,5.594,0.0025089416270963256
200,5.596,0.002449695835210374
200,5.598,0.002392187734290465
200,5.6000000000000005,0.00233644287682849
200,5.602,0.002291758045106021
200,5.604,0.00225687362095155
200,5.606,0.0022308527794392915
200,5.6080000000000005,0.0022130752265190393
200,5.61,0.002203215435934791
200,5.612,0.00220120829338594
200,5.614,0.0022072050317525032
200,5.6160000000000005,0.0022215222850359958
200,5.618,0.0022445871923284367
200,5.62,0.0022768817487756397
200,5.622,0.002318889866042558
200,5.6240000000000006,0.002371050625369614
200,5.626,0.002433720771776232
200,5.628,0.0025071485440235396
200,5.63,0.0025914595944228863
200,5.632,0.00268665431413768
200,5.634,0.002792614671649919
200,5.636,0.0029091179341197075
200,5.638,0.003035854449240717
200,5.64,0.0031724469366400123
200,5.642,0.0033163528067946817
200,5.644,0.0034671078970120806
200,5.646,0.0036242580192885018
200,5.648,0.0037873645163771785
200,5.65,0.003956007841906313
200,5.652,0.004129789615243595
200,5.654,0.004308333543116396
200,5.656,0.004491285530406996
200,5.658,0.004678313234339958
200,5.66,0.004869105255767894
200,5.662,0.00506337011083895
200,5.664,0.0052608350861275115
200,5.666,0.005461245049296457
200,5.668,0.005664361264079208
200,5.67,0.005869960241270866
200,5.672,0.006077832645137711
200,5.674,0.006287782266009554
200,5.676,0.006499625063866569
200,5.678,0.006713188283757724
200,5.68,0.006928309641307286
200,5.682,0.0071435308834935885
200,5.684,0.007358765229948638
200,5.686,0.007573932999925262
200,5.688,0.0077889608779470295
200,5.69,0.008003781279572967
200,5.692,0.008218331801023505
200,5.694,0.00843255473935201
200,5.696,0.008646396672213615
200,5.698,0.008859808088198586
200,5.7,0.00907274306024343
200,5.702,0.009285158955895028
200,5.704,0.009497016179232142
200,5.706,0.009708277940088534
200,5.708,0.009918910046916805
200,5.71,0.01012888072020149
200,5.712,0.01033816042380156
200,5.714,0.010546721711997883
200,5.716,0.01075453909034442
200,5.718,0.010961588888697242
200,5.72,0.011167849145025648
200,5.722,0.011372126542036587
200,5.724,0.011574460152371558
200,5.726,0.01177488829336776
200,5.728,0.011973448501623777
200,5.73,0.012170177515876682
200,5.732,0.012365111266730922
200,5.734,0.012558284872030303
200,5.736,0.012749732636867604
200,5.738,0.012939488057395173
200,5.74,0.013127583827738046
200,5.742,0.013314051849426512
200,5.744,0.01349892324285893
200,5.746,0.013682228360384699
200,5.748,0.013863996800664729
200,5.75,0.014044257424020948
200,5.752,0.014223038368531643
200,5.7540000000000004,0.014400367066671388
200,5.756,0.014576270262323193
200,5.758,0.014750774028021557
200,5.76,0.014923903782306498
200,5.7620000000000005,0.015094346088179387
200,5.764,0.015262186856209016
200,5.766,0.015427508961627834
200,5.768,0.015590392353528144
200,5.7700000000000005,0.015750914160569205
200,5.772,0.01590914879322632
200,5.774,0.016065168042621168
200,5.776,0.016219041175990278
200,5.7780000000000005,0.01637083502885908
200,5.78,0.016520614093992383
200,5.782,0.016668440607203905
200,5.784,0.01681437463010463
200,5.7860000000000005,0.01695847412987783
200,5.788,0.017100795056167524
200,5.79,0.017241391415169796
200,5.792,0.017380315341013378
200,5.7940000000000005,0.017517617164519054
200,5.796,0.017653345479424338
200,5.798,0.01778754720615948
200,5.8,0.017920267653258517
200,5.8020000000000005,0.01805155057648801
200,5.804,0.01818143823577458
200,5.806,0.018309971450008955
200,5.808,0.018437189649803766
200,5.8100000000000005,0.018563130928278156
200,5.812,0.01868783208994236
200,5.814,0.018811328697752133
200,5.816,0.018933655118398875
200,5.8180000000000005,0.019054844565903038
200,5.82,0.0191749291435724
200,5.822,0.019293939884386952
200,5.824,0.019411906789868857
200,5.8260000000000005,0.019528858867495436
200,5.828,0.0196448241667074
200,5.83,0.019759829813569448
200,5.832,0.019873902044128908
200,5.8340000000000005,0.01998706623652613
200,5.836,0.020099346941901568
200,5.838,0.020210767914144882
200,5.84,0.020321352138531243
200,5.8420000000000005,0.020431121859286295
200,5.844,0.020540098606119293
200,5.846,0.020648303219766816
200,5.848,0.02075575587658006
200,5.8500000000000005,0.020862476112195976
200,5.852,0.0209684828443242
200,5.854,0.02107379439468641
200,5.856,0.021178428510135638
200,5.8580000000000005,0.021282402382991943
200,5.86,0.021385732670619852
200,5.862,0.021488435514278703
200,5.864,0.02159052655727319
200,5.8660000000000005,0.021692020962428782
200,5.868,0.021792933428921055
200,5.87,0.02189327820847956
200,5.872,0.021993069120992276
200,5.8740000000000006,0.02209231956953367
200,5.876,0.022191042554835252
200,5.878,0.02228925068922364
200,5.88,0.0223869562100429
200,5.882000000000001,0.022484170992582663
200,5.884,0.02258090656253003
200,5.886,0.02267717410796215
200,5.888,0.02277298449089966
200,5.89,0.0228683482584339
200,5.892,0.022963275653446927
200,5.894,0.023057776624937385
200,5.896,0.02315186083796957
200,5.898,0.023245537683256927
200,5.9,0.023338816286395968
200,5.902,0.023431705516763074
200,5.904,0.023524213996086236
200,5.906,0.02361635010670426
200,5.908,0.023708121999526658
200,5.91,0.02379953760170163
200,5.912,0.023890604624008296
200,5.914,0.023981330567978094
200,5.916,0.024071722732760082
200,5.918,0.024161788221736223
200,5.92,0.024251533948898653
200,5.922,0.02434213740235953
200,5.924,0.024433546822206616
200,5.926,0.02452571255450733
200,5.928,0.024618586971859723
200,5.93,0.024712124396861775
200,5.932,0.024806281028398863
200,5.934,0.024901014870646394
200,5.936,0.024996285664689193
200,5.938,0.025092054822666375
200,5.94,0.02518828536435004
200,5.942,0.025284941856067347
200,5.944,0.025381990351884917
200,5.946,0.025479398336971864
200,5.948,0.025577134673061917
200,5.95,0.02567516954593948
200,5.952,0.025773474414875385
200,5.954,0.02587202196394123
200,5.956,0.025970786055133414
200,5.958,0.02606974168324198
200,5.96,0.02616886493239842
200,5.962,0.026269277004190444
200,5.964,0.026370899067161144
200,5.966,0.02647365548812933
200,5.968,0.026577473711924555
200,5.97,0.026682284145513168
200,5.972,0.02678802004636355
200,5.974,0.026894617414899267
200,5.976,0.027002014890901423
200,5.978,0.027110153653715104
200,5.98,0.027218977326130295
200,5.982,0.02732843188180383
200,5.984,0.027438465556097674
200,5.986,0.027549028760209406
200,5.988,0.027660073998480375
200,5.99,0.02777155578876292
200,5.992,0.02788343058574049
200,5.994,0.027995656707091074
200,5.996,0.028108194262391743
200,5.998,0.02822100508466544
200,6.0,0.028334052664473336
200,6.002,0.028447302086460277
200,6.0040000000000004,0.028560719968262805
200,6.006,0.02867427440169417
200,6.008,0.028787934896123725
200,6.01,0.028901672323967356
200,6.0120000000000005,0.02901545886821533
200,6.014,0.029129267971917908
200,6.016,0.029243074289561532
200,6.018,0.029356853640261762
200,6.0200000000000005,0.029470582962707673
200,6.022,0.029584240271793193
200,6.024,0.02969780461687267
200,6.026,0.029811256041578946
200,6.0280000000000005,0.029924575545149032
200,6.03,0.030037745045198818
200,6.032,0.030150747341894005
200,6.034,0.030263566083465768
200,6.0360000000000005,0.030376185733019697
200,6.038,0.030488591536592505
200,6.04,0.03060076949240663
200,6.042,0.0306950901267771
200,6.0440000000000005,0.030772352414858366
200,6.046,0.030833324811079383
200,6.048,0.030878746443509755
200,6.05,0.030909328253823667
200,6.0520000000000005,0.030925754086023688
200,6.054,0.030928681726850565
200,6.056,0.030918743900594944
200,6.058,0.030896549220827102
200,6.0600000000000005,0.03086268310138977
200,6.062,0.03081770862883035
200,6.064,0.03076216739830416
200,6.066,0.030696580314842042
200,6.0680000000000005,0.03062144836175102
200,6.07,0.03053725333780156
200,6.072,0.030444458564748877
200,6.074,0.03034350956663917
200,6.0760000000000005,0.030234834722258533
200,6.078,0.030118845892004507
200,6.08,0.029995939020377876
200,6.082,0.02986359808098884
200,6.0840000000000005,0.0297223270357897
200,6.086,0.029572610424108227
200,6.088,0.02941491406943994
200,6.09,0.02924968575865966
200,6.0920000000000005,0.029077355894953628
200,6.094,0.028898338125693267
200,6.096,0.028713029946402385
200,6.098,0.028521813281900326
200,6.1000000000000005,0.028325055045642016
200,6.102,0.028123107678220134
200,6.104,0.027916309665937767
200,6.106,0.027704986040312143
200,6.1080000000000005,0.027489448859322713
200,6.11,0.02726999767117302
200,6.112,0.027046919961296993
200,6.114,0.026820491583298696
200,6.1160000000000005,0.026590977174482684
200,6.118,0.026358630556598373
200,6.12,0.02612369512238761
200,6.122,0.0258864042084996
200,6.1240000000000006,0.025646981455306077
200,6.126,0.025405641154127866
200,6.128,0.025162588582355306
200,6.13,0.02491802032692646
200,6.132000000000001,0.024672124596601848
200,6.134,0.024425081523457196
200,6.136,0.024177063453995465
200,6.138,0.023928235230259907
200,6.140000000000001,0.023678754461316766
200,6.142,0.02342877178545586
200,6.144,0.023178431123444858
200,6.146,0.022927869923158196
200,6.148,0.022677219395887797
200,6.15,0.022426604744629805
200,6.152,0.022176145384629208
200,6.154,0.021925955156453614
200,6.156,0.021676142531855524
200,6.158,0.021426810812672725
200,6.16,0.02117805832300544
200,6.162,0.02092997859490148
200,6.164,0.0206826605477696
200,6.166,0.020436188661734526
200,6.168,0.020190643145137147
200,6.17,0.019946100096378577
200,6.172,0.019702631660295525
200,6.174,0.01946030617925179
200,6.176,0.01921918833911946
200,6.178,0.018979339310322477
200,6.18,0.018740816884102736
200,6.182,0.018503675604169358
200,6.184,0.018267966893881014
200,6.186,0.018033739179110185
200,6.188,0.017801038006930097
200,6.19,0.01756990616026121
200,6.192,0.017340383768609344
200,6.194,0.017112508415025502
200,6.196,0.016886315239407555
200,6.198,0.016661837038265775
200,6.2,0.016439104361066468
200,6.202,0.016218145603266752
200,6.204,0.01599898709614661
200,6.206,0.01578165319354524
200,6.208,0.015566166355599978
200,6.21,0.015352547229589324
200,6.212,0.015140814727971562
200,6.214,0.014930986103713066
200,6.216,0.014723077022994843
200,6.218,0.01451710163538183
200,6.22,0.014313072641541635
200,6.222,0.014111001358589706
200,6.224,0.01391089778314317
200,6.226,0.013712770652155483
200,6.228,0.013516627501608603
200,6.23,0.013322474723131979
200,6.232,0.013130317618617961
200,6.234,0.01294016045290068
200,6.236,0.01275200650456346
200,6.238,0.01256585811493596
200,6.24,0.012381716735344973
200,6.242,0.012199582972674601
200,6.244,0.012019456633294155
200,6.246,0.011841336765410247
200,6.248,0.011665221699894548
200,6.25,0.011491109089639975
200,6.252,0.011318995947496057
200,6.2540000000000004,0.011148878682830403
200,6.256,0.010980753136764975
200,6.258,0.01081461461613074
200,6.26,0.01065045792618571
200,6.2620000000000005,0.010488277402137943
200,6.264,0.010328066939514787
200,6.266,0.010169820023417288
200,6.268,0.010013529756697356
200,6.2700000000000005,0.00985918888709559
200,6.272,0.00970678983337155
200,6.274,0.009556324710464265
200,6.276,0.009407785353712197
200,6.2780000000000005,0.009261163342163902
200,6.28,0.009116450021009335
200,6.282,0.008973636523160454
200,6.284,0.008832713790006122
200,6.2860000000000005,0.008693672591367269
200,6.288,0.008556503544676313
200,6.29,0.008421197133403743
200,6.292,0.00828774372475084
200,6.2940000000000005,0.008156133586630124
200,6.296,0.008026356903950205
200,6.298,0.007898403794222218
200,6.3,0.007772264322502271
200,6.3020000000000005,0.007647928515683232
200,6.304,0.007525386376148639
200,6.306,0.007404627894797225
200,6.308,0.007285643063447681
200,6.3100000000000005,0.0071684218866302826
200,6.312,0.007052954392769926
200,6.314,0.006939230644764361
200,6.316,0.006827240749958459
200,6.3180000000000005,0.006716974869513739
200,6.32,0.006608423227172568
200,6.322,0.006499808417566528
200,6.324,0.006391215228170383
200,6.3260000000000005,0.006282725043725489
200,6.328,0.00617441602322329
200,6.33,0.006066363272301582
200,6.332,0.005958639011350145
200,6.3340000000000005,0.005851312739623738
200,6.336,0.0057444513956452425
200,6.338,0.0056381195141718115
200,6.34,0.005532379379986619
200,6.3420000000000005,0.005427291178766617
200,6.344,0.005322913145260229
200,6.346,0.005219301708995092
200,6.348,0.0051165116377134235
200,6.3500000000000005,0.0050145961787117985
200,6.352,0.004913607198234097
200,6.354,0.004813595319034572
200,6.356,0.004714610056187763
200,6.3580000000000005,0.00461669995117854
200,6.36,0.004519912704248836
200,6.362,0.004423815904621434
200,6.364,0.004328488464818964
200,6.3660000000000005,0.004234008703741443
200,6.368,0.004140454591185576
200,6.37,0.004047903993918306
200,6.372,0.003956434922733997
200,6.3740000000000006,0.0038661257795972715
200,6.376,0.003777055603563298
200,6.378,0.0036893043136746466
200,6.38,0.0036029529464359916
200,6.382000000000001,0.0035180838847579977
200,6.384,0.0034347810744268527
200,6.386,0.0033531302231897962
200,6.388,0.003273218976434653
200,6.390000000000001,0.0031951370622095325
200,6.392,0.003118976396969419
200,6.394,0.003044831141995907
200,6.396,0.00297279769896798
200,6.398000000000001,0.002902974631743371
200,6.4,0.0028354625001585504
200,6.402,0.002784631016650819
200,6.404,0.0027491086952989613
200,6.406,0.0027276588517353728
200,6.408,0.002719192851091125
200,6.41,0.0027227742467712548
200,6.412,0.0027376143262365037
200,6.414,0.0027630605122472606
200,6.416,0.002798579599540599
200,6.418,0.0028437379597654883
200,6.42,0.0028981807064397407
200,6.422,0.0029616114811136236
200,6.424,0.003033774098230402
200,6.426,0.0031144368453133015
200,6.428,0.0032033798303429785
200,6.43,0.003300385432100689
200,6.432,0.003405231657328254
200,6.434,0.0035176880427759817
200,6.436,0.0036375136526214003
200,6.438,0.003764456698179614
200,6.44,0.0038982553302368515
200,6.442,0.00403749082709004
200,6.444,0.004181923559706053
200,6.446,0.0043313119591507675
200,6.448,0.004485414364052682
200,6.45,0.004643990666064381
200,6.452,0.00480680373076973
200,6.454,0.004973620590327595
200,6.456,0.0051442134168167754
200,6.458,0.005318360293065581
200,6.46,0.005495845801967209
200,6.462,0.005676461456919798
200,6.464,0.00586000599593872
200,6.466,0.006046285560786489
200,6.468,0.006235113780643839
200,6.47,0.006426311777714528
200,6.472,0.006619708109958856
200,6.474,0.006815138664010866
200,6.476,0.007012446509353737
200,6.478,0.0072114817230367135
200,6.48,0.007412101192636757
200,6.482,0.007612759352641505
200,6.484,0.0078133885389049
200,6.486,0.008013925772618535
200,6.488,0.008214312389235477
200,6.49,0.00841449370614102
200,6.492,0.008614418724014649
200,6.494,0.00881403985758211
200,6.496,0.009013312692100513
200,6.498,0.009212195762444704
200,6.5,0.009410650352116707
200,6.502,0.009608640309871052
200,6.5040000000000004,0.009806131881971644
200,6.506,0.010003093558358414
200,6.508,0.010199495931236414
200,6.51,0.010395311564786855
200,6.5120000000000005,0.010590514874870588
200,6.514,0.010785082017730383
200,6.516,0.01097899078682448
200,6.518,0.011172220517024127
200,6.5200000000000005,0.011364751995496952
200,6.522,0.011555095761431378
200,6.524,0.011743306362319727
200,6.526,0.01192943677054175
200,6.5280000000000005,0.01211353839484174
200,6.53,0.012295661098790342
200,6.532,0.01247585322477391
200,6.534,0.012654161622306393
200,6.5360000000000005,0.012830631679677323
200,6.538,0.01300530735811882
200,6.54,0.013178231227823375
200,6.542,0.013349444505257978
200,6.5440000000000005,0.01351898709132051
200,6.546,0.013686897609964645
200,6.548,0.0138532134469873
200,6.55,0.014017970788727995
200,6.5520000000000005,0.01418120466047693
200,6.554,0.014342948964426333
200,6.556,0.01450323651703518
200,6.558,0.014662099085698646
200,6.5600000000000005,0.014819567424644417
200,6.562,0.014975671309988753
200,6.564,0.015130439573907533
200,6.566,0.015283900137887333
200,6.5680000000000005,0.015436080045032809
200,6.57,0.015587005491417593
200,6.572,0.015736701856472104
200,6.574,0.015885193732407765
200,6.5760000000000005,0.016032504952683744
200,6.578,0.01617865861952532
200,6.58,0.01632367713050752
200,6.582,0.01646758220421854
200,6.5840000000000005,0.01661039490502296
200,6.586,0.016752135666942405
200,6.588,0.016892824316677386
200,6.59,0.017032480095789827
200,6.5920000000000005,0.017171121682071966
200,6.594,0.01730876721012256
200,6.596,0.01744543429115562
200,6.598,0.01758114003206571
200,6.6000000000000005,0.017715901053771778
200,6.602,0.017849733508865737
200,6.604,0.017982653098586553
200,6.606,0.018114675089145632
200,6.6080000000000005,0.018245814327423004
200,6.61,0.018376085256059514
200,6.612,0.01850550192796495
200,6.614,0.018634078020263775
200,6.6160000000000005,0.018761826847699517
200,6.618,0.01888876137551675
200,6.62,0.019014894231842046
200,6.622,0.019140237719580955
200,6.6240000000000006,0.01926480382785101
200,6.626,0.019388604242966477
200,6.628,0.01951165035899503
200,6.63,0.019633953287899505
200,6.632000000000001,0.01975552386928394
200,6.634,0.019876372679757028
200,6.636,0.019996510041929472
200,6.638,0.020115946033059114
200,6.640000000000001,0.02023469049335739
200,6.642,0.020351235149451585
200,6.644,0.020465663809409382
200,6.646,0.02057805694794892
200,6.648000000000001,0.02068849184084363
200,6.65,0.02079704269387418
200,6.652,0.02090378076654463
200,6.654,0.02100877449076954
200,6.656000000000001,0.021112089584735014
200,6.658,0.02121378916212691
200,6.66,0.021313933836913986
200,6.662,0.02141258182386649
200,6.664,0.021509789034983174
200,6.666,0.02160560917199368
200,6.668,0.02170009381509673
200,6.67,0.02179329250808868
200,6.672,0.021885252840028995
200,6.674,0.021976020523585726
200,6.676,0.02206563947019747
200,6.678,0.02215415186218084
200,6.68,0.022241598221911317
200,6.682,0.02232801747819535
200,6.684,0.02241344702995035
200,6.686,0.022497922807303793
200,6.688,0.02258147933021499
200,6.69,0.022664149764723904
200,6.692,0.022745965976923323
200,6.694,0.0228269585847467
200,6.696,0.022907157007663437
200,6.698,0.022986589514365035
200,6.7,0.02306528326852649
200,6.702,0.023143264372720355
200,6.704,0.023220557910559124
200,6.706,0.02329718798713917
200,6.708,0.023373177767855108
200,6.71,0.023448549515650778
200,6.712,0.023523324626771397
200,6.714,0.023597523665077568
200,6.716,0.023671166394979203
200,6.718,0.023744271813047606
200,6.72,0.023816858178356187
200,6.722,0.02389046299925138
200,6.724,0.023965028757503466
200,6.726,0.02404050038199048
200,6.728,0.024116825149437807
200,6.73,0.02419395258911146
200,6.732,0.02427183439131432
200,6.734,0.024350424319533544
200,6.736,0.024429678126098656
200,6.738,0.024509553471210404
200,6.74,0.024590009845209777
200,6.742,0.024671008493956783
200,6.744,0.024752512347200814
200,6.746,0.024834485949819227
200,6.748,0.024916895395814317
200,6.75,0.024999708264958804
200,6.752,0.02508289356198377
200,6.7540000000000004,0.02516642165820908
200,6.756,0.025250264235519043
200,6.758,0.02533439423258973
200,6.76,0.02541878579327973
200,6.7620000000000005,0.02550463561962376
200,6.764,0.025591856011628347
200,6.766,0.025680363008269865
200,6.768,0.025770076236637587
200,6.7700000000000005,0.025860918767022727
200,6.772,0.025952816973729996
200,6.774,0.026045700401391973
200,6.776,0.026139501636574233
200,6.7780000000000005,0.026234156184469833
200,6.78,0.026329602350485558
200,6.782,0.02642578112653209
200,6.784,0.026522636081835603
200,6.7860000000000005,0.026620113258094963
200,6.788,0.026718161068816276
200,6.79,0.02681673020266203
200,6.792,0.026915773530657047
200,6.7940000000000005,0.027015246017102534
200,6.796,0.02711510463405015
200,6.798,0.027215308279199848
200,6.8,0.027315817697083206
200,6.8020000000000005,0.027397258825015963
200,6.804,0.027460541842590426
200,6.806,0.02750653958295229
200,6.808,0.02753608910056348
200,6.8100000000000005,0.027549993165329776
200,6.812,0.02754902168684974
200,6.814,0.027533913072418526
200,6.816,0.027505375522276214
200,6.8180000000000005,0.027464088265431865
200,6.82,0.02741070273922761
200,6.822,0.02734584371564027
200,6.824,0.027270110377151685
200,6.8260000000000005,0.027184077344858865
200,6.828,0.027088295661336654
200,6.83,0.02698329373062272
200,6.832,0.02686957821754598
200,6.8340000000000005,0.02674763490849394
200,6.836,0.026617929535582698
200,6.838,0.02648090856607864
200,6.84,0.02633699995880847
200,6.8420000000000005,0.0261866138891912
200,6.844,0.02603014344442844
200,6.846,0.02586796529029804
200,6.848,0.0257004403109123
200,6.8500000000000005,0.025527914222722232
200,6.852,0.025350718163974627
200,6.854,0.025169169260762105
200,6.856,0.024983571170739103
200,6.8580000000000005,0.02479421460551719
200,6.86,0.02460137783269996
200,6.862,0.0244053271584595
200,6.864,0.02420631739151285
200,6.8660000000000005,0.02400459228930789
200,6.868,0.02380038498718486
200,6.87,0.023593918411243014
200,6.872,0.023385405675598856
200,6.8740000000000006,0.0231750504646924
200,6.876,0.022963047401261087
200,6.878,0.02274958240057141
200,6.88,0.022534833011471193
200,6.882000000000001,0.022317675367559155
200,6.884,0.022098340097582173
200,6.886,0.021877047596768433
200,6.888,0.021654008426867214
200,6.890000000000001,0.021429423701155928
200,6.892,0.02120348545504024
200,6.894,0.020976377002841762
200,6.896,0.020748273281339442
200,6.898000000000001,0.02051934118060176
200,6.9,0.020289739862622648
200,6.902,0.02005962106824837
200,6.904,0.019829129412860087
200,6.906000000000001,0.019598402671256482
200,6.908,0.019367572052158732
200,6.91,0.01913676246274399
200,6.912,0.018906092763591318
200,6.914,0.01867567601441221
200,6.916,0.0184456197109187
200,6.918,0.0182160260131666
200,6.92,0.017986991965701443
200,6.922,0.017758609709815163
200,6.924,0.017530966688214873
200,6.926,0.017304145842388926
200,6.928,0.01707822580294629
200,6.93,0.01685328107319438
200,6.932,0.016629382206208826
200,6.934,0.016406595975640845
200,6.936,0.016184985540497986
200,6.938,0.015964610604126066
200,6.94,0.015745527567608993
200,6.942,0.015527789677799737
200,6.944,0.01531144717018545
200,6.946,0.015096547406781834
200,6.948,0.014883135009248226
200,6.95,0.014671251987404415
200,6.952,0.014460937863329507
200,6.954,0.014252229791208666
200,6.956,0.014045162673097997
200,6.958,0.013839769270763743
200,6.96,0.013636080313752954
200,6.962,0.013432770061318806
200,6.964,0.013229941018865932
200,6.966,0.013027690792709368
200,6.968,0.012826112313608235
200,6.97,0.012625294052797009
200,6.972,0.012425320230860239
200,6.974,0.012226271019783564
200,6.976,0.012028222738507278
200,6.978,0.01183124804229518
200,6.98,0.011635416106224828
200,6.982,0.011440792803095935
200,6.984,0.011247440876046347
200,6.986,0.011055420106155749
200,6.988,0.010864787475312847
200,6.99,0.010675597324611635
200,6.992,0.010487901508539822
200,6.994,0.010301749545211063
200,6.996,0.010117188762892446
200,6.998,0.009934264443064373
200,7.0,0.00975301996025169
200,7.002,0.00957349691885309
200,7.0040000000000004,0.009395735287186862
200,7.006,0.009219773528969095
200,7.008,0.009045648732425759
200,7.01,0.008873396737232355
200,7.0120000000000005,0.008703052259463348
200,7.014,0.008534649014719741
200,7.016,0.008368219839588202
200,7.018,0.008203796811565866
200,7.0200000000000005,0.008041411367566122
200,7.022,0.00788109442109365
200,7.024,0.007722876478148943
200,7.026,0.007566787751888698
200,7.0280000000000005,0.007412858276027785
200,7.03,0.007261118016922539
200,7.032,0.0071115969842201745
200,7.034,0.006964325339896425
200,7.0360000000000005,0.006819333505430701
200,7.038,0.006676652266782233
200,7.04,0.006536312876734982
200,7.042,0.00639963662680743
200,7.0440000000000005,0.0062665660824454865
200,7.046,0.006137047199607755
200,7.048,0.006011029199677691
200,7.05,0.005888464442389962
200,7.0520000000000005,0.005769308296042826
200,7.054,0.005653519004251856
200,7.056,0.005541057548493738
200,7.058,0.005431887505690648
200,7.0600000000000005,0.005325974900100734
200,7.062,0.0052232880488099044
200,7.064,0.005123797400169186
200,7.066,0.0050274753645880264
200,7.0680000000000005,0.004934296137184393
200,7.07,0.004844235511911563
200,7.072,0.004757270686919032
200,7.074,0.004673380061082184
200,7.0760000000000005,0.004592543021831438
200,7.078,0.004514739724647597
200,7.08,0.004439950864838827
200,7.082,0.004366667492709637
200,7.0840000000000005,0.004295040706318617
200,7.086,0.0042252192491473465
200,7.088,0.00415734932757484
200,7.09,0.004091574351685989
200,7.0920000000000005,0.0040280345955080316
200,7.094,0.003966866774071897
200,7.096,0.003908203536450511
200,7.098,0.003852172876138427
200,7.1000000000000005,0.003798897462831059
200,7.102,0.0037484939027757785
200,7.104,0.003701071938333338
200,7.106,0.003656733601073852
200,7.1080000000000005,0.0036155723364505164
200,7.11,0.003577672121618511
200,7.112,0.003543106601034252
200,7.114,0.0035119382667827444
200,7.1160000000000005,0.00348421771187668
200,7.118,0.0034599829847933436
200,7.12,0.003439259072103072
200,7.122,0.0034219799743412517
200,7.1240000000000006,0.003408225757171293
200,7.126,0.0033980586316288007
200,7.128,0.003391522492502557
200,7.13,0.0033886427079039016
200,7.132000000000001,0.0033894261780470156
200,7.134,0.003393861670277839
200,7.136,0.0034019204258085383
200,7.138,0.0034135570222657693
200,7.140000000000001,0.0034287104658967888
200,7.142,0.0034473054787926903
200,7.144,0.00346925394031137
200,7.146,0.003494456438293735
200,7.148000000000001,0.003522803884698839
200,7.15,0.0035541791517373655
200,7.152,0.0035884586880885545
200,7.154,0.003625514079845429
200,7.156000000000001,0.0036652135269124256
200,7.158,0.0037074232121370484
200,7.16,0.003752008547035033
200,7.162,0.0037925116515063998
200,7.164000000000001,0.0038281689079404115
200,7.166,0.0038585407569350447
200,7.168,0.0038834445831311816
200,7.17,0.0039029012012563287
200,7.172,0.00391709259563176
200,7.174,0.003926328709778563
200,7.176,0.003931021370145418
200,7.178,0.0039316637425972426
200,7.18,0.003928814009695402
200,7.182,0.003923082202571857
200,7.184,0.003915119321697461
200,7.186,0.003905608041975155
200,7.188,0.0038952544281122387
200,7.19,0.00388478019547828
200,7.192,0.0038749151484459847
200,7.194,0.003866389520137006
200,7.196,0.003859926030417295
200,7.198,0.003856231576394263
200,7.2,0.0038559885721164634
200,7.202,0.003859846058743788
200,7.204,0.0038684108067146288
200,7.206,0.0038822387179322654
200,7.208,0.0039018268976773844
200,7.21,0.003927606792260126
200,7.212,0.003959938771904232
200,7.214,0.003999108476985055
200,7.216,0.0040453251444338735
200,7.218,0.004098722001554576
200,7.22,0.004159358673359103
200,7.222,0.004227225415331335
200,7.224,0.0043022488730216375
200,7.226,0.0043842989949438695
200,7.228,0.004473196691155284
200,7.23,0.0045687218352350074
200,7.232,0.004670621245321467
200,7.234,0.004778616340458889
200,7.236,0.004892410240892849
200,7.238,0.005011694155368551
200,7.24,0.005136152967386292
200,7.242,0.005264407167062242
200,7.244,0.005396098334417737
200,7.246,0.005530892097409171
200,7.248,0.005668477608061847
200,7.25,0.005808566702101544
200,7.252,0.005950892844060886
200,7.2540000000000004,0.006095209938903658
200,7.256,0.006241291072942312
200,7.258,0.006388927231403112
200,7.26,0.006537926027346876
200,7.2620000000000005,0.006688110466522072
200,7.264,0.006839317764777031
200,7.266,0.006991398228542004
200,7.268,0.007144214204286787
200,7.2700000000000005,0.007297639099452144
200,7.272,0.007451556474904275
200,7.274,0.007605859207247391
200,7.276,0.007760448718176086
200,7.2780000000000005,0.007915234267322276
200,7.28,0.008070132304640891
200,7.282,0.008223854025430554
200,7.284,0.008376379289345339
200,7.2860000000000005,0.008527693865871468
200,7.288,0.008677788545104639
200,7.29,0.008826658376830084
200,7.292,0.00897430201872895
200,7.2940000000000005,0.009120721177539022
200,7.296,0.009265920129513829
200,7.298,0.009409905308633825
200,7.3,0.00955268495278958
200,7.3020000000000005,0.009694268799642657
200,7.304,0.0098346678251169
200,7.306,0.009973894018520597
200,7.308,0.010111960189188723
200,7.3100000000000005,0.010248879800274134
200,7.312,0.01038466682595829
200,7.314,0.010519335628877647
200,7.316,0.010652900855020412
200,7.3180000000000005,0.010785377343734918
200,7.32,0.010916780050815875
200,7.322,0.011045536432634858
200,7.324,0.011171738121456417
200,7.3260000000000005,0.011295474087549209
200,7.328,0.011416830591345127
200,7.33,0.01153589116113656
200,7.332,0.011652736591579047
200,7.3340000000000005,0.011767444959069225
200,7.336,0.01188009165073805
200,7.338,0.011990749404345684
200,7.34,0.012099488356821878
200,7.3420000000000005,0.012206376099570822
200,7.344,0.012311477738976598
200,7.346,0.012414855960806857
200,7.348,0.01251657109742976
200,7.3500000000000005,0.012616681196946353
200,7.352,0.012715242093488767
200,7.354,0.01281230747807086
200,7.356,0.012907928969478077
200,7.3580000000000005,0.013002156184782176
200,7.36,0.013095036809137749
200,7.362,0.013186616664585035
200,7.364,0.013276939777637107
200,7.3660000000000005,0.013366048445475048
200,7.368,0.013453983300614076
200,7.37,0.013540783373935994
200,7.372,0.0136264861560097
200,7.3740000000000006,0.01371112765664579
200,7.376,0.013794742462650694
200,7.378,0.013877363793759158
200,7.38,0.013959023556741461
200,7.382000000000001,0.014039752397688683
200,7.384,0.014119579752492608
200,7.386,0.014198533895540232
200,7.388,0.014276641986652242
200,7.390000000000001,0.014353930116298113
200,7.392,0.014430423349125738
200,7.394,0.014506145765843269
200,7.396,0.014581120503498959
200,7.398000000000001,0.014655369794199957
200,7.4,0.014728915002317303
200,7.402,0.014801776660222926
200,7.404,0.014873974502603986
200,7.406000000000001,0.014945527499402428
200,7.408,0.015016453887425521
200,7.41,0.015086771200672736
200,7.412,0.015156496299425438
200,7.414000000000001,0.015225645398142891
200,7.416,0.015294234092208961
200,7.418,0.0153622773835727
200,7.42,0.015429789705322723
200,7.422000000000001,0.015496784945239192
200,7.424,0.015563276468360225
200,7.426,0.015629277138601988
200,7.428,0.015694799339471138
200,7.43,0.015759854993903987
200,7.432,0.015824455583267803
200,7.434,0.01588861216555929
200,7.436,0.015952335392830756
200,7.438,0.01601563552787724
200,7.44,0.016078522460214212
200,7.442,0.016141005721375275
200,7.444,0.016203094499558018
200,7.446,0.01626479765364485
200,7.448,0.016326123726625907
200,7.45,0.016387080958447067
200,7.452,0.01644767729831047
200,7.454,0.016507920416447008
200,7.456,0.016567817715386075
200,7.458,0.016627376340741514
200,7.46,0.01668660319153697
200,7.462,0.016745504930086898
200,7.464,0.01680408799145635
200,7.466,0.01686235859251278
200,7.468,0.016920322740591652
200,7.47,0.016977986241790095
200,7.472,0.017035354708904153
200,7.474,0.017092433569027603
200,7.476,0.017149228070823953
200,7.478,0.017205743291486587
200,7.48,0.017261984143402416
200,7.482,0.01731795538052882
200,7.484,0.01737366160449867
200,7.486,0.01742910727046375
200,7.488,0.0174842966926893
200,7.49,0.01753923404990802
200,7.492,0.017593923390447633
200,7.494,0.017648368637138125
200,7.496,0.017702573592010783
200,7.498,0.017756541940797014
200,7.5,0.017810277257235475
200,7.502,0.017863783007196928
200,7.5040000000000004,0.017917062552633093
200,7.506,0.017970119155359145
200,7.508,0.018022955980675055
200,7.51,0.018075576100834562
200,7.5120000000000005,0.018127982498367435
200,7.514,0.018180178069261036
200,7.516,0.018232165626009322
200,7.518,0.018283947900531963
200,7.5200000000000005,0.01833552754697225
200,7.522,0.01838690714437722
200,7.524,0.01843808919926573
200,7.526,0.018489076148089704
200,7.5280000000000005,0.01853987035959213
200,7.53,0.01859047413706763
200,7.532,0.01864088972052908
200,7.534,0.01869111928878481
200,7.5360000000000005,0.01874116496142919
200,7.538,0.01879102880075259
200,7.54,0.018840712813571515
200,7.542,0.0188902189529847
200,7.5440000000000005,0.01893954912005703
200,7.546,0.01898870516543503
200,7.548,0.01903768889089661
200,7.55,0.019086502050838325
200,7.5520000000000005,0.0191351463537022
200,7.554,0.019183623463345473
200,7.556,0.01923193500035601
200,7.558,0.019280082543313475
200,7.5600000000000005,0.019328067630002593
200,7.562,0.019378891727402228
200,7.564,0.019432394468059024
200,7.566,0.019488422735834548
200,7.5680000000000005,0.01954683034708104
200,7.57,0.019607477745868126
200,7.572,0.01967023171263119
200,7.574,0.01973496508563939
200,7.5760000000000005,0.01980155649470897
200,7.578,0.01986989010661138
200,7.58,0.01993985538165282
200,7.582,0.020011346840926453
200,7.5840000000000005,0.020084263843758922
200,7.586,0.02015851037489803
200,7.588,0.020233994841007918
200,7.59,0.020310629876058403
200,7.5920000000000005,0.020388332155215412
200,7.594,0.020467022216855493
200,7.596,0.020546624292348534
200,7.598,0.02062706614326511
200,7.6000000000000005,0.020708278905682467
200,7.602,0.020787194195582087
200,7.604,0.020863911506370608
200,7.606,0.020938525977214947
200,7.6080000000000005,0.021011128583305894
200,7.61,0.021081806317782975
200,7.612,0.021150642365677638
200,7.614,0.021217716270219837
200,7.6160000000000005,0.021283104091839568
200,7.618,0.02134687856018033
200,7.62,0.02140910921943286
200,7.622,0.021469862567278956
200,7.6240000000000006,0.021529202187729555
200,7.626,0.021587188878123133
200,7.628,0.021643880770544226
200,7.63,0.02169933344790802
200,7.632000000000001,0.02175360005494603
200,7.634,0.021806731404319418
200,7.636,0.021858776078075976
200,7.638,0.021909780524655097
200,7.640000000000001,0.021959789151641013
200,7.642,0.022008844414448718
200,7.644,0.02205698690112638
200,7.646,0.022104255413443998
200,7.648000000000001,0.02215068704443269
200,7.65,0.022196317252533272
200,7.652,0.02224117993250183
200,7.654,0.022285307483217717
200,7.656000000000001,0.02232873087252912
200,7.658,0.02237147969926851
200,7.66,0.02241358225256147
200,7.662,0.022455065568549187
200,7.664000000000001,0.02249595548463873
200,7.666,0.022536276691388628
200,7.668,0.022576052782135873
200,7.67,0.022615306300462164
200,7.672000000000001,0.022654058785594663
200,7.674,0.022692330815832967
200,7.676,0.022730142050087512
200,7.678,0.022767511267613443
200,7.68,0.022804456406018067
200,7.682,0.022840994597619232
200,7.684,0.022877142204224626
200,7.686,0.022912914850402758
200,7.688,0.022948327455311595
200,7.69,0.022983394263145857
200,7.692,0.023018128872267247
200,7.694,0.023052544263070657
200,7.696,0.023086652824645157
200,7.698,0.02312046638028018
200,7.7,0.023153996211867818
200,7.702,0.023187253083250463
200,7.704,0.02322024726255747
200,7.706,0.023252988543577678
200,7.708,0.023285486266206627
200,7.71,0.02331774933601183
200,7.712,0.023349786242951965
200,7.714,0.023381605079288832
200,7.716,0.023413213556724842
200,7.718,0.023444619022802017
200,7.72,0.02347582847659335
200,7.722,0.023491881793719777
200,7.724,0.023493553586447887
200,7.726,0.023481583979417246
200,7.728,0.023456680162411477
200,7.73,0.023419517866170792
200,7.732,0.02337074276548396
200,7.734,0.0233109718135962
200,7.736,0.023240794511761302
200,7.738,0.023160774117557115
200,7.74,0.023071448795374216
200,7.742,0.022973332712287322
200,7.744,0.02286691708232662
200,7.746,0.022752671161977885
200,7.748,0.02263104319956878
200,7.75,0.02250246134103373
200,7.752,0.02236733449439088
200,7.7540000000000004,0.022226053155124926
200,7.756,0.022078990194528622
200,7.758,0.021926501612932144
200,7.76,0.02176892725962941
200,7.7620000000000005,0.021605277531534704
200,7.764,0.021435936710793652
200,7.766,0.021261271610036245
200,7.768,0.021081632315671305
200,7.7700000000000005,0.020897352898539005
200,7.772,0.02070875209358285
200,7.774,0.020516133950106277
200,7.776,0.02031978845407928
200,7.7780000000000005,0.02011999212387517
200,7.78,0.019917008580734554
200,7.782,0.019711089095174574
200,7.784,0.019502473110498502
200,7.7860000000000005,0.019291388744485126
200,7.788,0.019078053270285198
200,7.79,0.01886267357749044
200,7.792,0.018645446614289574
200,7.7940000000000005,0.018426559811576135
200,7.796,0.01820619148982924
200,7.798,0.01798451124954164
200,7.8,0.017761680345936472
200,7.8020000000000005,0.017536481486395056
200,7.804,0.01730913921492198
200,7.806,0.017079867248259006
200,7.808,0.016848868939734786
200,7.8100000000000005,0.01661633772415929
200,7.812,0.016382457544643972
200,7.814,0.016147403262176178
200,7.816,0.01591134104874327
200,7.8180000000000005,0.015674428764757196
200,7.82,0.015436816321495943
200,7.822,0.015198646029246794
200,7.824,0.014960052931803886
200,7.8260000000000005,0.01472116512794776
200,7.828,0.014482104080503756
200,7.83,0.014242984913560134
200,7.832,0.014003916698398802
200,7.8340000000000005,0.01376500272867789
200,7.836,0.013526340785385572
200,7.838,0.013288023392071528
200,7.84,0.013050138060849203
200,7.8420000000000005,0.012812767529653343
200,7.844,0.012575989991226106
200,7.846,0.012339879314304317
200,7.848,0.01210450525747228
200,7.8500000000000005,0.011869933676147944
200,7.852,0.01163622672317263
200,7.854,0.011403443043477953
200,7.856,0.011171637963315436
200,7.8580000000000005,0.010940863674548534
200,7.86,0.010711169414523146
200,7.862,0.010482601642056577
200,7.864,0.010255204210118038
200,7.8660000000000005,0.01002901853580433
200,7.868,0.009804083768266268
200,7.87,0.009580436955290289
200,7.872,0.009358113209309064
200,7.8740000000000006,0.009137145873693311
200,7.876,0.008917566690271468
200,7.878,0.008699405969138424
200,7.88,0.008482692761951894
200,7.882000000000001,0.008267455040077169
200,7.884,0.008053719879138917
200,7.886,0.007841513651774799
200,7.888,0.00763086223066707
200,7.890000000000001,0.0074217912042735664
200,7.892,0.007214326108091905
200,7.894,0.007008492674789971
200,7.896,0.00680431710714281
200,7.898000000000001,0.006601826378459495
200,7.9,0.006401048566079051
200,7.902,0.006202013224624941
200,7.904,0.0060047518070566784
200,7.906000000000001,0.005809298143228383
200,7.908,0.005615688987718129
200,7.91,0.005423964651234146
200,7.912,0.005234169733060077
200,7.914000000000001,0.005046353975908549
200,7.916,0.0048605732694263415
200,7.918,0.004676890834640226
200,7.92,0.004495378629166371
200,7.922000000000001,0.0043161190223447565
200,7.924,0.0041392068010173535
200,7.926,0.003964751580859018
200,7.928,0.003792880715420578
200,7.930000000000001,0.003623742815647803
200,7.932,0.0034575120165892615
200,7.934,0.0032943931545770483
200,7.936,0.003134628045267051
200,7.938,0.0029785030758500077
200,7.94,0.002826358334197575
200,7.942,0.0026785984764332946
200,7.944,0.0025357054522330133
200,7.946,0.0023982530138789682
200,7.948,0.0022669225525000043
200,7.95,0.0021425191217828415
200,7.952,0.002025985391075794
200,7.954,0.001918409606956913
200,7.956,0.0018210214806066154
200,7.958,0.0017351677093508898
200,7.96,0.001662257783792395
200,7.962,0.0016043723491834445
200,7.964,0.0015623344294176105
200,7.966,0.0015366386573310695
200,7.968,0.0015273506878079892
200,7.97,0.0015340608350672806
200,7.972,0.0015559086997988594
200,7.974,0.0015916726809742036
200,7.976,0.0016398982708695402
200,7.978,0.0016990321153896382
200,7.98,0.0017675356420959072
200,7.982,0.0018439654655624089
200,7.984,0.001927019923179123
200,7.986,0.0020155581559138046
200,7.988,0.0021086003041429296
200,7.99,0.0022053165551586935
200,7.992,0.0023050108000482665
200,7.994,0.0024071026486523037
200,7.996,0.002511109969300981
200,7.998,0.00261663303797886
200,8.0,0.002723340712885284
200,8.002,0.002817881192831538
200,8.004,0.0029001984235383876
200,8.006,0.002970488026171678
200,8.008000000000001,0.003029111279983048
200,8.01,0.003076538463617484
200,8.012,0.0031133111119485616
200,8.014,0.0031400166823220567
200,8.016,0.003157271515394242
200,8.018,0.0031657094449162562
200,8.02,0.003165974326487376
200,8.022,0.0031587153346448516
200,8.024000000000001,0.0031445842493512018
200,8.026,0.0031242341939717614
200,8.028,0.003098319443772873
200,8.03,0.0030674960252332077
200,8.032,0.003032422889477942
200,8.034,0.002993763478615146
200,8.036,0.002952187518198539
200,8.038,0.0029083728665149737
200,8.040000000000001,0.002863007234641857
200,8.042,0.0028178888880123674
200,8.044,0.00277352300859078
200,8.046,0.0027304156176059884
200,8.048,0.0026890719167953782
200,8.05,0.002649993738390294
200,8.052,0.002613676007588317
200,8.054,0.002580602166190912
200,8.056000000000001,0.0025512385738067534
200,8.058,0.0025260279932687365
200,8.06,0.002505382374787266
200,8.062,0.0024896752682102806
200,8.064,0.0024792342982445743
200,8.066,0.0024743342134693346
200,8.068,0.0024751910464059362
200,8.07,0.0024819578841752134
200,8.072000000000001,0.0024947226433852244
200,8.074,0.002513508078624717
200,8.076,0.0025382740542234756
200,8.078,0.002568921905153919
200,8.08,0.002605300537331951
200,8.082,0.0026472137954552098
200,8.084,0.0026944285708077062
200,8.086,0.002746683131256685
200,8.088000000000001,0.0028036952186213876
200,8.09,0.0028651695558046197
200,8.092,0.0029308045174417253
200,8.094,0.0030002978262035017
200,8.096,0.0030733512304304674
200,8.098,0.003149674191298546
200,8.1,0.0032289866578546727
200,8.102,0.003311021037975679
200,8.104000000000001,0.0033955234863637593
200,8.106,0.0034822546314463416
200,8.108,0.003570989855608851
200,8.11,0.00366151923098258
200,8.112,0.0037536471986560896
200,8.114,0.003847192064487732
200,8.116,0.003941985370817467
200,8.118,0.004037871190954104
200,8.120000000000001,0.004134705382613435
200,8.122,0.0042309766909372935
200,8.124,0.004326582201885969
200,8.126,0.004421437405649491
200,8.128,0.0045154733575268
200,8.13,0.0046086342772992195
200,8.132,0.0047008755191851135
200,8.134,0.004792161854412314
200,8.136000000000001,0.004882466017277516
200,8.138,0.00497176747322456
200,8.14,0.005060051374054613
200,8.142,0.005147307670963499
200,8.144,0.0052335303608129526
200,8.146,0.005318716845003373
200,8.148,0.005402867383631154
200,8.15,0.005485984630386556
200,8.152000000000001,0.005568073235966315
200,8.154,0.005649139509707775
200,8.156,0.005729191130773031
200,8.158,0.005808236901558068
200,8.16,0.005886286537137447
200,8.162,0.005963350485503033
200,8.164,0.006039439774146087
200,8.166,0.006114565879208598
200,8.168000000000001,0.006188740613985427
200,8.17,0.0062619760340356075
200,8.172,0.0063342843565641115
200,8.174,0.0064056778920726426
200,8.176,0.006476168986561859
200,8.178,0.006545769972820448
200,8.18,0.006614493129533558
200,8.182,0.006682350647128388
200,8.184000000000001,0.006749354599419161
200,8.186,0.006815516920249351
200,8.188,0.006880849384431059
200,8.19,0.006945363592386517
200,8.192,0.007009070957967045
200,8.194,0.007071982699003916
200,8.196,0.00713410983020087
200,8.198,0.007195463158031138
200,8.2,0.007256053277346801
200,8.202,0.007315890569447889
200,8.204,0.0073749852013905055
200,8.206,0.007433347126344355
200,8.208,0.00749098608483418
200,8.21,0.007547911606720519
200,8.212,0.007604133013797542
200,8.214,0.007659659422898358
200,8.216,0.007714499749416111
200,8.218,0.00776866271115802
200,8.22,0.00782215683246497
200,8.222,0.00787499044853505
200,8.224,0.007927171709898715
200,8.226,0.007978708587002102
200,8.228,0.008029608874860197
200,8.23,0.008079880197745472
200,8.232,0.00812953001388584
200,8.234,0.00817856562014733
200,8.236,0.008226994156682018
200,8.238,0.008274822611523625
200,8.24,0.00832205782511735
200,8.242,0.00836870649477153
200,8.244,0.008414775179023585
200,8.246,0.008460270301909779
200,8.248,0.008505198157135404
200,8.25,0.008549564912138732
200,8.252,0.00859337661204654
200,8.254,0.008636639183518664
200,8.256,0.008679358438478953
200,8.258000000000001,0.008721540077733472
200,8.26,0.008763189694474482
200,8.262,0.008804312777671526
200,8.264,0.008844914715350167
200,8.266,0.008885000797759786
200,8.268,0.008924576220431989
200,8.27,0.00896364608713151
200,8.272,0.009002215412702847
200,8.274000000000001,0.009040289125811722
200,8.276,0.009077872071589537
200,8.278,0.009114969014176973
200,8.28,0.009151584639174313
200,8.282,0.009187723555998525
200,8.284,0.009223390300151414
200,8.286,0.009258589335400726
200,8.288,0.00929332505587674
200,8.290000000000001,0.009327601788088958
200,8.292,0.009361423792863425
200,8.294,0.009394795267204176
200,8.296,0.00942772034608271
200,8.298,0.00946020310415665
200,8.3,0.009492247557420223
200,8.302,0.00952385766479059
200,8.304,0.00955503732963051
200,8.306000000000001,0.009585790401211613
200,8.308,0.00961612067611923
200,8.31,0.009646031899601249
200,8.312,0.009675527766864984
200,8.314,0.009704611924321031
200,8.316,0.009733287970779448
200,8.318,0.00976155945859778
200,8.32,0.009789429894784162
200,8.322000000000001,0.009816902742057784
200,8.324,0.009843981419866673
200,8.326,0.009870669305366205
200,8.328,0.009896969734360205
200,8.33,0.009922886002204433
200,8.332,0.009948421364675664
200,8.334,0.00997357903880757
200,8.336,0.00999836220369433
200,8.338000000000001,0.010022774001263635
200,8.34,0.01004681753702035
200,8.342,0.010070495880762706
200,8.344,0.010093812067270646
200,8.346,0.010116769096969654
200,8.348,0.010139369936569588
200,8.35,0.010161617519679674
200,8.352,0.010183514747402098
200,8.354000000000001,0.010205064488903213
200,8.356,0.010226269581964915
200,8.358,0.010247132833515901
200,8.36,0.010267657020145185
200,8.362,0.01028784488859634
200,8.364,0.0103076991562461
200,8.366,0.01032722251156538
200,8.368,0.01034641761456603
200,8.370000000000001,0.010365287097231017
200,8.372,0.010383833563931941
200,8.374,0.010402059591832068
200,8.376,0.010419967731276661
200,8.378,0.010437560506170465
200,8.38,0.01045484041434407
200,8.382,0.010471809927908034
200,8.384,0.01048847149359663
200,8.386000000000001,0.010504827533101472
200,8.388,0.010520880443394803
200,8.39,0.010536632597042937
200,8.392,0.010552086342511797
200,8.394,0.010567244004462727
200,8.396,0.010582107884040598
200,8.398,0.010596680259153226
200,8.4,0.010610963384744638
200,8.402000000000001,0.010626723456657963
200,8.404,0.010643866933901588
200,8.406,0.010662304810275927
200,8.408,0.010681952397111205
200,8.41,0.010702729116855162
200,8.412,0.01072455830693608
200,8.414,0.010747367033356936
200,8.416,0.010771085913505347
200,8.418000000000001,0.010795648947690998
200,8.42,0.010820993358950676
200,8.422,0.010847059440686166
200,8.424,0.010873790411722753
200,8.426,0.010901132278402921
200,8.428,0.010929033703348285
200,8.43,0.01095744588054544
200,8.432,0.010986322416429639
200,8.434000000000001,0.011015619216660805
200,8.436,0.01104529437830043
200,8.438,0.011075308087117533
200,8.44,0.011105622519764847
200,8.442,0.011136201750580874
200,8.444,0.01116701166278941
200,8.446,0.011198019863876849
200,8.448,0.011229195604942675
200,8.45,0.011260509703827998
200,8.452,0.011291934471838589
200,8.454,0.01132344364388667
200,8.456,0.011355012311888154
200,8.458,0.011386616861257158
200,8.46,0.011418234910349911
200,8.462,0.011449845252717675
200,8.464,0.011481427802035328
200,8.466,0.011512963539577386
200,8.468,0.011544434464122455
200,8.47,0.011575823544172524
200,8.472,0.01160711467237553
200,8.474,0.011638292622051368
200,8.476,0.011669343005720352
200,8.478,0.011700252235542396
200,8.48,0.01173100748557806
200,8.482,0.011761596655785096
200,8.484,0.011792008337672265
200,8.486,0.011822231781532617
200,8.488,0.01185225686518269
200,8.49,0.011882074064139598
200,8.492,0.011911674423168532
200,8.494,0.011941049529137812
200,8.496,0.011970191485121339
200,8.498,0.01199909288569218
200,8.5,0.012027746793350417
200,8.502,0.012056146716034881
200,8.504,0.012084286585669032
200,8.506,0.012112160737692761
200,8.508000000000001,0.012139763891534733
200,8.51,0.012167091131984303
200,8.512,0.012194137891418906
200,8.514,0.01222089993284973
200,8.516,0.012247373333748217
200,8.518,0.012273554470616326
200,8.52,0.012299440004267503
200,8.522,0.012325026865787138
200,8.524000000000001,0.012350312243137507
200,8.526,0.012375293568383437
200,8.528,0.012399968505504991
200,8.53,0.012424334938772867
200,8.532,0.012448390961661988
200,8.534,0.012472134866275984
200,8.536,0.012495565133260526
200,8.538,0.012518680422183867
200,8.540000000000001,0.012541479562362602
200,8.542,0.012563961544111341
200,8.544,0.01258612551039921
200,8.546,0.01260797074889186
200,8.548,0.012629496684364649
200,8.55,0.012650702871466362
200,8.552,0.012671588987820686
200,8.554,0.012692154827447915
200,8.556000000000001,0.012712400294493614
200,8.558,0.012732325397248837
200,8.56,0.012751930242450481
200,8.562,0.01277429693914806
200,8.564,0.012799254405721062
200,8.566,0.012826639630297195
200,8.568,0.012856297303701428
200,8.57,0.012888079469038069
200,8.572000000000001,0.012921845187146473
200,8.574,0.012957460217199627
200,8.576,0.01299479671175303
200,8.578,0.013033732925579189
200,8.58,0.013074152937658118
200,8.582,0.01311594638572072
200,8.584,0.013159008212773753
200,8.586,0.013203238425060026
200,8.588000000000001,0.01324854186093436
200,8.59,0.013294827970160902
200,8.592,0.013342010603159845
200,8.594,0.01339000780975558
200,8.596,0.01343874164699725
200,8.598,0.013488137995644085
200,8.6,0.01353812638492711
200,8.602,0.01358731332090338
200,8.604000000000001,0.013635711828675519
200,8.606,0.013683334516912516
200,8.608,0.013730193595331968
200,8.61,0.013776300891389813
200,8.612,0.013821667866213218
200,8.614,0.013866305629812468
200,8.616,0.013910224955604955
200,8.618,0.01395343629428064
200,8.620000000000001,0.013995949787042713
200,8.622,0.01403777527824921
200,8.624,0.014078922327485251
200,8.626,0.014119400221090404
200,8.628,0.01415921798316709
200,8.63,0.014198384386095005
200,8.632,0.014236907960571433
200,8.634,0.014274797005202006
200,8.636000000000001,0.014312059595661987
200,8.638,0.01434870359344642
200,8.64,0.014384736654229726
200,8.642,0.014420166235852514
200,8.644,0.014454999605951552
200,8.646,0.014489243849250629
200,8.648,0.014522905874527465
200,8.65,0.014555992421271348
200,8.652000000000001,0.014588510066046457
200,8.654,0.014620465228572424
200,8.656,0.0146518641775386
200,8.658,0.014682713036160736
200,8.66,0.014713017787493489
200,8.662,0.014742784279510975
200,8.664,0.014772018229963591
200,8.666,0.014800725231023246
200,8.668000000000001,0.014828910753726382
200,8.67,0.014856580152223449
200,8.672,0.014883738667844057
200,8.674,0.014910391432986107
200,8.676,0.014936543474837883
200,8.678,0.014962199718938689
200,8.68,0.014987364992588103
200,8.682,0.01501204402810717
200,8.684000000000001,0.015036241465963484
200,8.686,0.015059961857760361
200,8.688,0.01508320966910121
200,8.69,0.015105989282331578
200,8.692,0.015128304999166868
200,8.694,0.015150161043208448
200,8.696,0.01517156156235606
200,8.698,0.015192510631118001
200,8.700000000000001,0.015213012252826648
200,8.702,0.015233070361762245
200,8.704,0.015252688825188543
200,8.706,0.015271871445305714
200,8.708,0.015290621961123166
200,8.71,0.015308944050256788
200,8.712,0.01532684133065254
200,8.714,0.015344317362241486
200,8.716,0.015361375648528741
200,8.718,0.015378019638117694
200,8.72,0.015394252726176345
200,8.722,0.015411386886323682
200,8.724,0.015429349839233568
200,8.726,0.015448072740573327
200,8.728,0.015467490026955459
200,8.73,0.015487539268648105
200,8.732,0.015508161028759813
200,8.734,0.015529298728622869
200,8.736,0.015550898519109548
200,8.738,0.015572909157630368
200,8.74,0.015595281890567253
200,8.742,0.015617970340911645
200,8.744,0.01564093040087959
200,8.746,0.015664120129291064
200,8.748,0.015687499653506607
200,8.75,0.01571103107572199
200,8.752,0.015734678383433974
200,8.754,0.01575840736389155
200,8.756,0.01578218552236236
200,8.758000000000001,0.0158059820040445
200,8.76,0.015829767519465014
200,8.762,0.015853514273210616
200,8.764,0.01587719589584677
200,8.766,0.01590078737888068
200,8.768,0.015924265012638095
200,8.77,0.015947606326920116
200,8.772,0.015970790034322755
200,8.774000000000001,0.015993795976095716
200,8.776,0.01601660507043171
200,8.778,0.01603919926307614
200,8.78,0.016061561480155667
200,8.782,0.016083675583124145
200,8.784,0.016105526325735104
200,8.786,0.01612709931294797
200,8.788,0.01614838096168263
200,8.790000000000001,0.016169358463339143
200,8.792,0.016190019748004807
200,8.794,0.016210353450272903
200,8.796,0.01623034887659916
200,8.798,0.01624999597413026
200,8.8,0.01626928530093584
200,8.802,0.016286912012376163
200,8.804,0.0163029422689777
200,8.806000000000001,0.01631743934003197
200,8.808,0.01633046373255732
200,8.81,0.01634207331435853
200,8.812,0.016352323431468422
200,8.814,0.016361267020233366
200,8.816,0.0163689547143027
200,8.818,0.016375434946758145
200,8.82,0.016380754047613653
200,8.822000000000001,0.01638495633690429
200,8.824,0.016388084213568195
200,8.826,0.016390178240319294
200,8.828,0.016391277224698707
200,8.83,0.016391418296478544
200,8.832,0.016390636981591565
200,8.834,0.016388967272743395
200,8.836,0.016386441696862503
200,8.838000000000001,0.016383091379532515
200,8.84,0.016378946106545753
200,8.842,0.01637701344902166
200,8.844,0.01637715720526034
200,8.846,0.016379247452458078
200,8.848,0.01638316027089403
200,8.85,0.016388777479767927
200,8.852,0.016395986384237518
200,8.854000000000001,0.01640467953322098
200,8.856,0.016414754487542278
200,8.858,0.01642611359800825
200,8.86,0.016438663793023663
200,8.862,0.01645231637535716
200,8.864,0.016466986827691144
200,8.866,0.016482594626593135
200,8.868,0.016499063064567377
200,8.870000000000001,0.016516319079849903
200,8.872,0.016534293093626168
200,8.874,0.01655291885436331
200,8.876,0.016572133288955047
200,8.878,0.01659187636039649
200,8.88,0.016612090931708758
200,8.882,0.016632722635850247
200,8.884,0.016653719751356905
200,8.886000000000001,0.01667503308347035
200,8.888,0.016696615850512235
200,8.89,0.01671842357528425
200,8.892,0.0167404139812735
200,8.894,0.016762546893456055
200,8.896,0.016784784143498432
200,8.898,0.016807089479166353
200,8.9,0.01682942847775628
200,8.902000000000001,0.01685176846337418
200,8.904,0.016874078427892757
200,8.906,0.016896328955425567
200,8.908,0.016918492150165026
200,8.91,0.016940541567432306
200,8.912,0.016962452147802683
200,8.914,0.016984200154165033
200,8.916,0.017005763111590796
200,8.918000000000001,0.017027119749884523
200,8.92,0.017048249948697875
200,8.922,0.01706913468509589
200,8.924,0.017089755983462348
200,8.926,0.017110096867643806
200,8.928,0.0171301413152321
200,8.93,0.01714987421388849
200,8.932,0.017169281319620148
200,8.934000000000001,0.01718834921692263
200,8.936,0.017207065280702843
200,8.938,0.017225417639905167
200,8.94,0.017243395142764344
200,8.942,0.017260987323611796
200,8.944,0.017278184371167377
200,8.946,0.017294977098248968
200,8.948,0.01731135691283676
200,8.950000000000001,0.017327315790433784
200,8.952,0.017342846247661383
200,8.954,0.017357941317037662
200,8.956,0.017372594522883582
200,8.958,0.017386799858308565
200,8.96,0.017400551763226097
200,8.962,0.01741384510335261
200,8.964,0.017426675150148254
200,8.966,0.017439037561654845
200,8.968,0.017450928364192254
200,8.97,0.01746234393487532
200,8.972,0.017473280984913412
200,8.974,0.017483736543658365
200,8.976,0.017493707943367753
200,8.978,0.017503192804651263
200,8.98,0.017512189022569593
200,8.982,0.01752069475335621
200,8.984,0.017528708401735905
200,8.986,0.017536228608811676
200,8.988,0.017543254240496547
200,8.99,0.01754978437646255
200,8.992,0.017555818299589226
200,8.994,0.01756135548588436
200,8.996,0.017566395594857974
200,8.998,0.017570938460330695
200,9.0,0.017574984081654667
200,9.002,0.01757853261532975
200,9.004,0.017581584366998537
200,9.006,0.0175841397838015
200,9.008000000000001,0.017586199447076838
200,9.01,0.01758776406539093
200,9.012,0.017588834467882748
200,9.014,0.017589411597909523
200,9.016,0.017589496506980384
200,9.018,0.017589090348964262
200,9.02,0.01758819437456072
200,9.022,0.017586809926021362
200,9.024000000000001,0.01758493843211213
200,9.026,0.017582581403303012
200,9.028,0.017579740427178615
200,9.03,0.017576417164056835
200,9.032,0.017572613342807922
200,9.034,0.017568330756864797
200,9.036,0.017563571260416057
200,9.038,0.017558336764773183
200,9.040000000000001,0.017552629234905415
200,9.042,0.017529548113170472
200,9.044,0.017489962121655794
200,9.046,0.01743470176726512
200,9.048,0.017364561075111768
200,9.05,0.01728029923242202
200,9.052,0.017182642148312628
200,9.054,0.017072283934492335
200,9.056000000000001,0.016949888311637466
200,9.058,0.016816089945881216
200,9.06,0.016671495719573923
200,9.062,0.016516685940194818
200,9.064,0.016352215491034085
200,9.066,0.016178614927027525
200,9.068,0.015996391518890415
200,9.07,0.015806030248495702
200,9.072000000000001,0.015607994758235587
200,9.074,0.015402728256935682
200,9.076,0.015190654384708974
200,9.078,0.014972178038996274
200,9.08,0.014747686163884407
200,9.082,0.014517548504668626
200,9.084,0.014282118329502717
200,9.086,0.014041733119866907
200,9.088000000000001,0.013796715231484638
200,9.09,0.013547372527221773
200,9.092,0.013293998983421271
200,9.094,0.013036875271046704
200,9.096,0.012776269312937516
200,9.098,0.012512436818421723
200,9.1,0.012245621796473339
200,9.102,0.011976057048558912
200,9.104000000000001,0.011703964642278995
200,9.106,0.011429556366880398
200,9.108,0.01115303417169779
200,9.11,0.010874590588575317
200,9.112,0.010594409139319923
200,9.114,0.010312664729263238
200,9.116,0.010029524028043107
200,9.118,0.009745145838777478
200,9.120000000000001,0.009459681456894393
200,9.122,0.00919187227546254
200,9.124,0.00894086669112763
200,9.126,0.008705849867709666
200,9.128,0.008486042468417514
200,9.13,0.008280699406630438
200,9.132,0.008089108615205964
200,9.134,0.007910589834357953
200,9.136000000000001,0.007744493418279058
200,9.138,0.007590199160878824
200,9.14,0.0074471151412147515
200,9.142,0.007314676589430072
200,9.144,0.0071923447742266245
200,9.146,0.0070796059131036015
200,9.148,0.006975970106747583
200,9.15,0.006880970299072303
200,9.152000000000001,0.006794161264457045
200,9.154,0.006715118623721211
200,9.156,0.006643437890304398
200,9.158,0.0065787335479916085
200,9.16,0.006520638161342928
200,9.162,0.006468801519767083
200,9.164,0.006422889815928629
200,9.166,0.0063825848589052145
200,9.168000000000001,0.006347583322236046
200,9.17,0.006317596026727577
200,9.172,0.006292347257619877
200,9.174,0.0062715741154801665
200,9.176,0.006255025899971708
200,9.178,0.006242463525468694
200,9.18,0.006233658967335234
200,9.182,0.006228394737574242
200,9.184000000000001,0.006226463388470039
200,9.186,0.006227667042797832
200,9.188,0.006231816949151876
200,9.19,0.006238733060947539
200,9.192,0.006248243637676758
200,9.194,0.006260184867038181
200,9.196,0.006274400506616838
200,9.198,0.006290741543857757
200,9.200000000000001,0.006309065873143512
200,9.202,0.006312638734133451
200,9.204,0.006302192006766565
200,9.206,0.006278425551424814
200,9.208,0.006242008521935892
200,9.21,0.006193580663209263
200,9.212,0.006133753583193249
200,9.214,0.006063111993014776
200,9.216000000000001,0.0059822149121102515
200,9.218,0.005891596837311908
200,9.22,0.005791768876482285
200,9.222,0.005683219848614602
200,9.224,0.0055664173534608384
200,9.226,0.005441808814884233
200,9.228,0.00530982250333561
200,9.23,0.005170868544286215
200,9.232,0.00502533992124566
200,9.234,0.004873613484367812
200,9.236,0.004716050978865134
200,9.238,0.004553000111931871
200,9.24,0.004384795683198715
200,9.242,0.004211760812830445
200,9.244,0.0040342083146291795
200,9.246,0.0038524422811531565
200,9.248,0.003666759977505486
200,9.25,0.003477454186005689
200,9.252,0.003284816215478566
200,9.254,0.0030891399037160177
200,9.256,0.0028907271307354893
200,9.258000000000001,0.0026898956805421867
200,9.26,0.0024869908479895793
200,9.262,0.0022824031972075312
200,9.264,0.00207659677371038
200,9.266,0.0018701557837690755
200,9.268,0.0016638653644126373
200,9.27,0.001458858453805668
200,9.272,0.001256897796642847
200,9.274000000000001,0.0010609488131097455
200,9.276,0.0008763991331906882
200,9.278,0.000713647962887655
200,9.28,0.000592583589326571
200,9.282,0.0005461029813838144
200,9.284,0.0005754241325064717
200,9.286,0.0006580026060590224
200,9.288,0.0007676117866609232
200,9.290000000000001,0.0008873293831175152
200,9.292,0.0010082648688698394
200,9.294,0.001125968223316607
200,9.296,0.0012382323112924841
200,9.298,0.0013439966253082829
200,9.3,0.0014428100044061856
200,9.302,0.0015345583123347422
200,9.304,0.0016193199246246172
200,9.306000000000001,0.0016972854648883017
200,9.308,0.0017687113571846123
200,9.31,0.0018338919801797284
200,9.312,0.0018931424746388434
200,9.314,0.0019467878752754677
200,9.316,0.0019951561175764153
200,9.318,0.0020385734849596104
200,9.32,0.0020773616293240315
200,9.322000000000001,0.0021118356261163023
200,9.324,0.0021423027202949877
200,9.326,0.002169061538924427
200,9.328,0.002192401620892939
200,9.33,0.0022126031621391954
200,9.332,0.002229936906087769
200,9.334,0.0022446641298875867
200,9.336,0.0022570366912486864
200,9.338000000000001,0.002267297110517502
200,9.34,0.0022756786696042385
200,9.342,0.0022824055144195126
200,9.344,0.002287692751234699
200,9.346,0.0022917465302576324
200,9.348,0.002294764111999793
200,9.35,0.0022969339138883224
200,9.352,0.002298435536168877
200,9.354000000000001,0.0022994397675396012
200,9.356,0.00230010857219588
200,9.358,0.002300595061076004
200,9.36,0.0023010434510828542
200,9.362,0.002301589016914361
200,9.364,0.002302358040837142
200,9.366,0.002303467766282844
200,9.368,0.0023050263614796014
200,9.370000000000001,0.002307132899463926
200,9.372,0.0023098773607057466
200,9.374,0.002313340664233588
200,9.376,0.002317594732554136
200,9.378,0.0023227025948501954
200,9.38,0.0023287185319270207
200,9.382,0.002335688265210758
200,9.384,0.0023436491908269295
200,9.386000000000001,0.002352630658459968
200,9.388,0.0023626542933801622
200,9.39,0.002373734358780273
200,9.392,0.0023858781544413535
200,9.394,0.0023990864468029067
200,9.396,0.002413353924767767
200,9.398,0.00242866967506397
200,9.4,0.0024450176707059906
200,9.402000000000001,0.002462377266056333
200,9.404,0.002480723692157321
200,9.406,0.0025000285463611643
200,9.408,0.002520260270796444
200,9.41,0.002541384614840963
200,9.412,0.002563365077475302
200,9.414,0.002586163326143608
200,9.416,0.0026097395895052296
200,9.418000000000001,0.0026340530221993855
200,9.42,0.0026590620404394554
200,9.422,0.0026847246278867034
200,9.424,0.00271099861181581
200,9.426,0.002737841910062748
200,9.428,0.0027652127496495624
200,9.43,0.0027930698582967336
200,9.432,0.0028213726302797697
200,9.434000000000001,0.0028500812682603753
200,9.436,0.0028791569028348424
200,9.438,0.002908561691602306
200,9.44,0.002938258899569086
200,9.442,0.0029682129626801583
200,9.444,0.002998389536219803
200,9.446,0.00302875552974593
200,9.448,0.003059279130132353
200,9.450000000000001,0.003089929814191256
200,9.452,0.0031206783522401394
200,9.454,0.003151496803864298
200,9.456,0.003182358507018225
200,9.458,0.003213238061495208
200,9.46,0.0032441113076960505
200,9.462,0.003274955301523049
200,9.464,0.0033057482861346722
200,9.466000000000001,0.0033364696612099057
200,9.468,0.0033670999502907113
200,9.47,0.003397620766697928
200,9.472,0.003428014778451479
200,9.474,0.0034582656725641557
200,9.476,0.003488358119025806
200,9.478,0.0035182777347475985
200,9.48,0.0035480110476927684
200,9.482,0.0035775454613833657
200,9.484,0.0036068692199392404
200,9.486,0.003635971373778429
200,9.488,0.0036648417460798458
200,9.49,0.0036934709000917896
200,9.492,0.003721850107345664
200,9.494,0.0037499713168241164
200,9.496,0.0037778271251136283
200,9.498,0.0038054107475635488
200,9.5,0.0038327159904613874
200,9.502,0.0038597372242269476
200,9.504,0.0038864693576208366
200,9.506,0.003912907812956652
200,9.508000000000001,0.003939048502300789
200,9.51,0.003964887804642896
200,9.512,0.003990422544012024
200,9.514,0.004015649968516925
200,9.516,0.004040567730280855
200,9.518,0.0040651738662469674
200,9.52,0.004089466779822279
200,9.522,0.004112883551085254
200,9.524000000000001,0.004135444992617441
200,9.526,0.004157173165352484
200,9.528,0.004178091085390513
200,9.53,0.004198222472567304
200,9.532,0.004217591535239275
200,9.534,0.004236222786485097
200,9.536,0.004254140887563304
200,9.538,0.004271370515016207
200,9.540000000000001,0.004287936248291708
200,9.542,0.004303862475162579
200,9.544,0.004319173312585417
200,9.546,0.004333892540945881
200,9.548,0.004348043549907882
200,9.55,0.004361649294314096
200,9.552,0.004374732258786562
200,9.554,0.00438731442985073
200,9.556000000000001,0.0043994172745568366
200,9.558,0.004411061724705162
200,9.56,0.004422268165893803
200,9.562,0.0044335647223249
200,9.564,0.004444934795316028
200,9.566,0.004456363061039276
200,9.568,0.0044678353760491535
200,9.57,0.004479338690951227
200,9.572000000000001,0.004490860971493986
200,9.574,0.004502391126418189
200,9.576,0.004513918941460575
200,9.578,0.004525435018951101
200,9.58,0.004536930722496992
200,9.582,0.004548398126288639
200,9.584,0.0045598299686021165
200,9.586,0.00457121960911395
200,9.588000000000001,0.004582560989676108
200,9.59,0.004593848598232175
200,9.592,0.0046050774355855
200,9.594,0.004616242984756282
200,9.596,0.004627341182688887
200,9.598,0.004638368394094792
200,9.6,0.004649321387235033
200,9.602,0.004660542286437789
200,9.604000000000001,0.004671996930659455
200,9.606,0.004683654536759311
200,9.608,0.0046954873161844405
200,9.61,0.004707470132846672
200,9.612,0.004719580198395942
200,9.614,0.004731796801349079
200,9.616,0.004744101066788402
200,9.618,0.0047564757435957575
200,9.620000000000001,0.004768905016434343
200,9.622,0.004781374339922764
200,9.624,0.0047938702926694785
200,9.626,0.004806380449044981
200,9.628,0.004818893266764685
200,9.63,0.004831397988536704
200,9.632,0.004843884556198549
200,9.634,0.004856343535918656
200,9.636000000000001,0.0048687660531849435
200,9.638,0.004881143736430053
200,9.64,0.004893468668261035
200,9.642,0.004905733343372929
200,9.644,0.004917930632319784
200,9.646,0.004930053750408823
200,9.648,0.004942096231062518
200,9.65,0.0049540519030659425
200,9.652000000000001,0.004965914871183461
200,9.654,0.004977679499688034
200,9.656,0.004989340398396235
200,9.658,0.005000892410856108
200,9.66,0.005012330604370286
200,9.662,0.005023650261581598
200,9.664,0.0050348468733776375
200,9.666,0.005045916132904288
200,9.668000000000001,0.00505685393050425
200,9.67,0.00506765634942078
200,9.672,0.005078319662127374
200,9.674,0.0050888403271666235
200,9.676,0.005099214986392474
200,9.678,0.005109440462531284
200,9.68,0.005119513756985193
200,9.682,0.005129768885437415
200,9.684000000000001,0.005140188178665718
200,9.686,0.005150755558710345
200,9.688,0.0051614563030897296
200,9.69,0.005172276839595817
200,9.692,0.005183204568385991
200,9.694,0.005194227708379693
200,9.696,0.005205335165246128
200,9.698,0.005216516418525735
200,9.700000000000001,0.005227761425662224
200,9.702,0.00523906054094247
200,9.704,0.00525040444754041
200,9.706,0.005261784101043233
200,9.708,0.005273190683006994
200,9.71,0.00528461556323997
200,9.712,0.005296050269651148
200,9.714,0.005307486464626638
200,9.716000000000001,0.00531891592701126
200,9.718,0.005330330538876448
200,9.72,0.005341722276347166
200,9.722,0.0053530832038470155
200,9.724,0.005364405471195305
200,9.726,0.005375681313058936
200,9.728,0.005386903050322086
200,9.73,0.005398063092995199
200,9.732,0.0054091539443292865
200,9.734,0.0054201682058502955
200,9.736,0.005431098583064875
200,9.738,0.005441937891626258
200,9.74,0.005452679063776934
200,9.742,0.005463315154917258
200,9.744,0.005473839350169168
200,9.746,0.005484244970828717
200,9.748,0.005494525480618833
200,9.75,0.005504674491672025
200,9.752,0.0055146857701842775
200,9.754,0.0055245532416991995
200,9.756,0.005534270995986652
200,9.758000000000001,0.005543833291494554
200,9.76,0.005553234559358714
200,9.762,0.005562469406961131
200,9.764,0.0055715326210376455
200,9.766,0.005580419170335094
200,9.768,0.005589124207826811
200,9.77,0.005597643072497266
200,9.772,0.0056059712907083545
200,9.774000000000001,0.00561410457716372
200,9.776,0.0056220388354887504
200,9.778,0.005629770158443975
200,9.78,0.005637294827793856
200,9.782,0.005644609313847691
200,9.784,0.005651710274697188
200,9.786,0.005658594555168535
200,9.788,0.005665259185511228
200,9.790000000000001,0.005671701379843719
200,9.792,0.005677918534375191
200,9.794,0.005683908225424063
200,9.796,0.005689668207251659
200,9.798,0.005695196409728848
200,9.8,0.005700490935853734
200,9.802,0.005705550059137127
200,9.804,0.005710372220871136
200,9.806000000000001,0.005714956027297137
200,9.808,0.005719300246686046
200,9.81,0.005723403806345486
200,9.812,0.005727265789566341
200,9.814,0.005730885432520097
200,9.816,0.005734262121118687
200,9.818,0.005737395387846756
200,9.82,0.005740284908576407
200,9.822000000000001,0.005742930499373204
200,9.824,0.005745332113300787
200,9.826,0.005747489837233116
200,9.828,0.005749403888681089
200,9.83,0.005751074612638268
200,9.832,0.005752502478453129
200,9.834,0.005753688076732856
200,9.836,0.005754632116282844
200,9.838000000000001,0.005755335421086447
200,9.84,0.005755798927329154
200,9.842,0.005756578882260864
200,9.844,0.0057576484103547335
200,9.846,0.005758982351483662
200,9.848,0.005760557098650451
200,9.85,0.005762350452452428
200,9.852,0.005764341490741144
200,9.854000000000001,0.005766510452049429
200,9.856,0.005768838631470864
200,9.858,0.005771308287778882
200,9.86,0.005773902560675853
200,9.862,0.005776605397152644
200,9.864,0.0057794014860281465
200,9.866,0.0057822761998204495
200,9.868,0.00578521554317602
200,9.870000000000001,0.005788206107155945
200,9.872,0.005791235028740927
200,9.874,0.005794289954979689
200,9.876,0.005797359011259449
200,9.878,0.005800430773227424
200,9.88,0.005803494241942201
200,9.882,0.005806538821871855
200,9.884,0.0058095543013998675
200,9.886000000000001,0.005812530835530924
200,9.888,0.005815458930525377
200,9.89,0.005818329430216949
200,9.892,0.005821133503796836
200,9.894,0.005823862634872508
200,9.896,0.005826508611628898
200,9.898,0.005829063517941382
200,9.9,0.005831519725307666
200,9.902000000000001,0.005833869885480313
200,9.904,0.005836106923697858
200,9.906,0.00583822403242408
200,9.908,0.005840214665517534
200,9.91,0.005842072532762176
200,9.912,0.005843791594701682
200,9.914,0.0058453660577250455
200,9.916,0.005846790369361318
200,9.918000000000001,0.00584805921374642
200,9.92,0.005849167507229323
200,9.922,0.005850110394092836
200,9.924,0.0058508832423657346
200,9.926,0.005851481639710039
200,9.928,0.00585190138936566
200,9.93,0.0058521385061435565
200,9.932,0.00585218921245656
200,9.934000000000001,0.005852049934380681
200,9.936,0.005851717297742372
200,9.938,0.00585118812422745
200,9.94,0.005850459427509942
200,9.942,0.005849528409398802
200,9.944,0.005848392456002847
200,9.946,0.005847049133915384
200,9.948,0.005845496186416696
200,9.950000000000001,0.005843731529700093
200,9.952,0.005841753249120339
200,9.954,0.00583955959546812
200,9.956,0.005837148981273404
200,9.958,0.005834519977139704
200,9.96,0.005831671308112707
200,9.962,0.005828601850084923
200,9.964,0.005825310626240976
200,9.966000000000001,0.005821796803544653
200,9.968,0.00581805968927163
200,9.97,0.0058140987275888695
200,9.972,0.005809913496185374
200,9.974,0.0058055037029547665
200,9.976,0.005800869182732619
200,9.978,0.005796009894090311
200,9.98,0.005790925916188211
200,9.982000000000001,0.005785617445688361
200,9.984,0.005780084793729072
200,9.986,0.005774328382963367
200,9.988,0.00576834874466097
200,9.99,0.005762146515876757
200,9.992,0.005755722436684824
200,9.994,0.005749077347480295
200,9.996,0.005742212186348376
200,9.998,0.005735127986502499
200,10.0,0.005727825873790243
200,10.002,0.005720989791273734
200,10.004,0.005714586689795737
200,10.006,0.005708585467346455
200,10.008000000000001,0.0057029568110003055
200,10.01,0.005697673053052745
200,10.012,0.005692708040214248
200,10.014,0.0056880370147886
200,10.016,0.005683636506828944
200,10.018,0.005679484236332979
200,10.02,0.005675559024601985
200,10.022,0.005671840713952173
200,10.024000000000001,0.005668310095026201
200,10.026,0.005664948841009719
200,10.028,0.005661739448111283
200,10.03,0.005658665181717522
200,10.032,0.005655710027679807
200,10.034,0.00565285864823864
200,10.036,0.0056500963421288
200,10.038,0.005647409008452689
200,10.040000000000001,0.005644783113942712
200,10.042,0.005642205663268702
200,10.044,0.00563966417207736
200,10.046,0.005637146642480946
200,10.048,0.005634641540737218
200,10.05,0.005632137776888721
200,10.052,0.005629624686152124
200,10.054,0.005627092011867553
200,10.056000000000001,0.00562452988983927
200,10.058,0.005621928833913849
200,10.06,0.005619279722658909
200,10.062,0.005616573787020646
200,10.064,0.005613802598850169
200,10.066,0.005610958060199835
200,10.068,0.005608032393305198
200,10.07,0.00560501813117183
200,10.072000000000001,0.005601908108702391
200,10.074,0.005598695454299279
200,10.076,0.005595373581892843
200,10.078,0.005591936183345697
200,10.08,0.005588377221192721
200,10.082,0.005584690921680257
200,10.084,0.005580871768072672
200,10.086,0.005576914494198676
200,10.088000000000001,0.005572814078213435
200,10.09,0.005568565736555293
200,10.092,0.005564164918079726
200,10.094,0.005559607298355142
200,10.096,0.005554888774105557
200,10.098,0.005550005457792175
200,10.1,0.005544953672320595
200,10.102,0.005539729945868504
200,10.104000000000001,0.005534331006825544
200,10.106,0.005528753778839792
200,10.108,0.005522995375967046
200,10.11,0.005517053097918121
200,10.112,0.005510924425400878
200,10.114,0.005504607015556241
200,10.116,0.0054980986974840045
200,10.118,0.005491397467857884
200,10.120000000000001,0.005484501486628329
200,10.122,0.005478201825577889
200,10.124,0.0054724624724100165
200,10.126,0.005467249297898552
200,10.128,0.005462529905607349
200,10.13,0.005458273495475845
200,10.132,0.0054544507401504795
200,10.134,0.005451033673003539
200,10.136000000000001,0.00544799558684737
200,10.138,0.005445310942411269
200,10.14,0.005442955285714824
200,10.142,0.005440905173526658
200,10.144,0.005439138106162138
200,10.146,0.005437632466923837
200,10.148,0.005436367467545608
200,10.15,0.005435323099050393
200,10.152000000000001,0.005434480087482035
200,10.154,0.005433819854014301
200,10.156,0.005433324478983755
200,10.158,0.005432976669435152
200,10.16,0.005432759729801578
200,10.162,0.005432657535378965
200,10.164,0.005432654508286367
200,10.166,0.005432735595631278
200,10.168000000000001,0.005432886249629433
200,10.17,0.005433092409451802
200,10.172,0.005433340484595173
200,10.174,0.005433617339594063
200,10.176,0.005433910279912122
200,10.178,0.005434207038866328
200,10.18,0.005434495765456738
200,10.182,0.005434765012986084
200,10.184000000000001,0.005435003728369566
200,10.186,0.005435201242044844
200,10.188,0.005435347258403925
200,10.19,0.00543543184668002
200,10.192,0.0054354454322278305
200,10.194,0.005435378788146736
200,10.196,0.005435223027201515
200,10.198,0.005434969594001399
200,10.200000000000001,0.00543461025740653
200,10.202,0.0054341371031305236
200,10.204,0.005433542526517797
200,10.206,0.005432819225474841
200,10.208,0.005431960193539033
200,10.21,0.005430958713069464
200,10.212,0.005429808348551987
200,10.214,0.005428502940006474
200,10.216000000000001,0.00542703659649031
200,10.218,0.0054254036896934
200,10.22,0.005423598847618581
200,10.222,0.0054216169483471965
200,10.224,0.005419453113885772
200,10.226,0.005417102704093123
200,10.228,0.005414561310689469
200,10.23,0.005411824751343299
200,10.232000000000001,0.0054088890638420125
200,10.234,0.005405750500342896
200,10.236,0.005402405521707242
200,10.238,0.005398850791919129
200,10.24,0.005395083172589714
200,10.242,0.005392069173607384
200,10.244,0.005389766403525066
200,10.246,0.005388134354842502
200,10.248,0.005387134275567007
200,10.25,0.005386729052332618
200,10.252,0.005386883104133711
200,10.254,0.005387562285775427
200,10.256,0.0053887338002004985
200,10.258000000000001,0.005390366118899046
200,10.26,0.00539242890966659
200,10.262,0.005394892971021027
200,10.264,0.005397730172644398
200,10.266,0.005400913401260187
200,10.268,0.005404416511404823
200,10.27,0.005408214280597636
200,10.272,0.005412282368452501
200,10.274000000000001,0.005416597279317867
200,10.276,0.0054211363280658184
200,10.278,0.005425877608689888
200,10.28,0.005430799965399483
200,10.282,0.005435882965931777
200,10.284,0.005441106876831523
200,10.286,0.005446452640470835
200,10.288,0.005451901853608123
200,10.290000000000001,0.005457436747307226
200,10.292,0.005463040168055253
200,10.294,0.005468695559938123
200,10.296,0.005474386947749927
200,10.298,0.005480098920922537
200,10.3,0.005485816618181766
200,10.302,0.005491525712844526
200,10.304,0.005497212398681784
200,10.306000000000001,0.005502863376285613
200,10.308,0.005508465839882465
200,10.31,0.005514007464547722
200,10.312,0.005519476393777742
200,10.314,0.005524861227387186
200,10.316,0.00553015100970092
200,10.318,0.005535335218015086
200,10.32,0.005540403751308127
200,10.322000000000001,0.005545346919183455
200,10.324,0.005550155431028901
200,10.326,0.005554820385383596
200,10.328,0.0055593332594999914
200,10.33,0.005563685899096194
200,10.332,0.005567870508290973
200,10.334,0.005571879639717838
200,10.336,0.005575706184813711
200,10.338000000000001,0.0055793433642821145
200,10.34,0.005582784718725368
200,10.342,0.005586024099447777
200,10.344,0.005589055659428118
200,10.346,0.005591873844459798
200,10.348,0.005594473384460153
200,10.35,0.005596849284948303
200,10.352,0.005598996818690701
200,10.354000000000001,0.005600911517515994
200,10.356,0.005602589164297778
200,10.358,0.005604025785106589
200,10.36,0.005605217641529895
200,10.362,0.005606161223160697
200,10.364,0.005606853240254046
200,10.366,0.0056072906165504895
200,10.368,0.005607470482267191
200,10.370000000000001,0.005607390167255275
200,10.372,0.005607047194321068
200,10.374,0.005606439272713197
200,10.376,0.005605564291770919
200,10.378,0.005604420314734934
200,10.38,0.005603005572718399
200,10.382,0.005601318458834747
200,10.384,0.00559935752248385
200,10.386000000000001,0.0055971214637912355
200,10.388,0.0055946091282010006
200,10.39,0.005591819501218008
200,10.392,0.0055887517033000565
200,10.394,0.005585404984893327
200,10.396,0.0055817787216141885
200,10.398,0.005577872409569991
200,10.4,0.005573685660819395
200,10.402000000000001,0.0055703972949198485
200,10.404,0.005567955688998154
200,10.406,0.005566311373164179
200,10.408,0.005565416923046153
200,10.41,0.0055652268595027315
200,10.412,0.005565697555009024
200,10.414,0.005566787146231665
200,10.416,0.005568455452339385
200,10.418000000000001,0.00557066389861488
200,10.42,0.005573375444965725
200,10.422,0.005576554518951768
200,10.424,0.005580166952977653
200,10.426,0.005584179925320221
200,10.428,0.005588561904683733
200,10.43,0.0055932825980031286
200,10.432,0.005598312901232871
200,10.434000000000001,0.0056036248528825395
200,10.436,0.005609191590079563
200,10.438,0.005614987306955728
200,10.44,0.005620987215176947
200,10.442,0.005627167506443885
200,10.444,0.00563350531681423
200,10.446,0.005639978692704902
200,10.448,0.005646566558448976
200,10.450000000000001,0.005653248685292346
200,10.452,0.005660005661726388
200,10.454,0.0056668188650613
200,10.456,0.005673670434157532
200,10.458,0.005680543243235257
200,10.46,0.005687420876694136
200,10.462,0.005694287604880756
200,10.464,0.0057011283607436465
200,10.466000000000001,0.005707928717329024
200,10.468,0.005714674866067062
200,10.47,0.00572135359580634
200,10.472,0.005727952272561042
200,10.474,0.0057344588199328686
200,10.476,0.005740861700176994
200,10.478,0.005747149895884232
200,10.48,0.005753312892250171
200,10.482000000000001,0.005759340659910188
200,10.484,0.005765223638314745
200,10.486,0.0057709527196274256
200,10.488,0.0057765192331236375
200,10.49,0.005781914930074786
200,10.492,0.005787131969099352
200,10.494,0.005792162901967049
200,10.496,0.005797000659839721
200,10.498,0.005801638539937265
200,10.5,0.005806070192614375
200,10.502,0.005810289608834987
200,10.504,0.005814291108035596
200,10.506,0.0058180693263631626
200,10.508000000000001,0.005821619205277931
200,10.51,0.005824935980512659
200,10.512,0.00582801517137458
200,10.514,0.005830852570384478
200,10.516,0.005833444233240766
200,10.518,0.005835786469101542
200,10.52,0.005837875831173443
200,10.522,0.00584096836008641
200,10.524000000000001,0.005845005526639862
200,10.526,0.005849931158471163
200,10.528,0.005855691338479109
200,10.53,0.005862234308956012
200,10.532,0.005869510381043569
200,10.534,0.005877471849148595
200,10.536,0.005886072909974377
200,10.538,0.00589526958584802
200,10.540000000000001,0.005905019652040629
200,10.542,0.005915282567802801
200,10.544,0.005926019410851628
200,10.546,0.005937192815072064
200,10.548,0.005948766911206099
200,10.55,0.005960707270326779
200,10.552,0.0059729808499060875
200,10.554,0.005985555942303579
200,10.556000000000001,0.005998402125516119
200,10.558,0.006011490216041937
200,10.56,0.006024792223725455
200,10.562,0.0060382813084599776
200,10.564,0.00605193173863518
200,10.566,0.006065718851229462
200,10.568,0.006079619013448887
200,10.57,0.006093609585830906
200,10.572000000000001,0.006107668886732273
200,10.574,0.0061217761581274024
200,10.576,0.006135911532655099
200,10.578,0.006150056001848894
200,10.58,0.006164191385496033
200,10.582,0.006178300302075569
200,10.584,0.0061923661402252
200,10.586,0.00620637303119332
200,10.588000000000001,0.006220305822236866
200,10.59,0.006234150050925301
200,10.592,0.006247891920314711
200,10.594,0.006261518274961319
200,10.596,0.006275016577739886
200,10.598,0.006288374887440263
200,10.6,0.00630158183711379
200,10.602,0.006314626613142056
200,10.604000000000001,0.006327498935005084
200,10.606,0.006340189035724858
200,10.608,0.006352687642960445
200,10.61,0.006364985960735512
200,10.612,0.006377075651775935
200,10.614,0.006388948820439118
200,10.616,0.0064005979962142995
200,10.618,0.006412016117778753
200,10.620000000000001,0.006423196517589081
200,10.622,0.006434132906993055
200,10.624,0.006444819361844984
200,10.626,0.006455250308608018
200,10.628,0.006465420510929897
200,10.63,0.006475325056675642
200,10.632,0.006484959345404273
200,10.634,0.006494319076274056
200,10.636000000000001,0.006503400236365341
200,10.638,0.006512199089404493
200,10.64,0.006520712164879562
200,10.642,0.006530233014548734
200,10.644,0.006540700563164399
200,10.646,0.006552056189431037
200,10.648,0.006564243630314995
200,10.65,0.006577208889606607
200,10.652000000000001,0.006590900150495683
200,10.654,0.006605267691940876
200,10.656,0.0066202638086229155
200,10.658,0.00663584273428743
200,10.66,0.006651960568294082
200,10.662,0.0066685752051997005
200,10.664,0.006685646267217522
200,10.666,0.006703135039401037
200,10.668000000000001,0.006721004407414172
200,10.67,0.006739218797758485
200,10.672,0.006757744120333949
200,10.674,0.006776547713222496
200,10.676,0.0067955982895869715
200,10.678,0.0068148658865874465
200,10.68,0.006834321816222736
200,10.682,0.0068539386180100975
200,10.684000000000001,0.0068736900134234915
200,10.686,0.006893550862012463
200,10.688,0.00691349711913289
200,10.69,0.006933505795220712
200,10.692,0.006953554916546265
200,10.694,0.006973623487389816
200,10.696,0.006993691453581866
200,10.698,0.007013739667354421
200,10.700000000000001,0.007033749853454941
200,10.702,0.007053704576472254
200,10.704,0.007073587209330355
200,10.706,0.007093381902908318
200,10.708,0.00711307355674186
200,10.71,0.0071326477907694835
200,10.712,0.007152090918085405
200,10.714,0.007171389918661928
200,10.716000000000001,0.007190532414008505
200,10.718,0.007209506642732724
200,10.72,0.007228301436972304
200,10.722,0.007246906199668601
200,10.724,0.00726531088264982
200,10.726,0.007283505965497403
200,10.728,0.007301482435169222
200,10.73,0.007319231766350166
200,10.732000000000001,0.007336745902508996
200,10.734,0.007354017237634078
200,10.736,0.007371038598625015
200,10.738,0.00738780322831933
200,10.74,0.007404304769129336
200,10.742,0.007420537247271164
200,10.744,0.007436495057562935
200,10.746,0.0074521729487737765
200,10.748000000000001,0.007467566009504089
200,10.75,0.007482669654579516
200,10.752,0.00749747961193881
200,10.754,0.007511991910000977
200,10.756,0.007526202865492482
200,10.758000000000001,0.007540109071720998
200,10.76,0.007553707387277772
200,10.762,0.007566994925154768
200,10.764,0.007579969042263185
200,10.766,0.007592627329335437
200,10.768,0.0076049676012034
200,10.77,0.0076169878874321134
200,10.772,0.007628686423302959
200,10.774000000000001,0.007640061641130562
200,10.776,0.007651112161901664
200,10.778,0.007661836787225904
200,10.78,0.007672234491587196
200,10.782,0.007682304414883081
200,10.784,0.007692045855245015
200,10.786,0.007701458262126871
200,10.788,0.007710541229652907
200,10.790000000000001,0.007719294490217227
200,10.792,0.0077277179083227706
200,10.794,0.007735811474655033
200,10.796,0.007743575300378876
200,10.798,0.0077510096116514575
200,10.8,0.007758114744344715
200,10.802,0.007766193379171504
200,10.804,0.007775187270694143
200,10.806000000000001,0.007785040517544367
200,10.808,0.007795699474571574
200,10.81,0.0078071126682912485
200,10.812,0.007819230715502092
200,10.814,0.0078320062449473
200,10.816,0.007845393821902018
200,10.818,0.007859349875570827
200,10.82,0.007873832629188586
200,10.822000000000001,0.007888802032717624
200,10.824,0.00790421969804278
200,10.826,0.00792004883656753
200,10.828,0.00793625419911943
200,10.83,0.007952802018076867
200,10.832,0.007969659951633888
200,10.834,0.007986797030119619
200,10.836,0.008004183604297938
200,10.838000000000001,0.008021791295570034
200,10.84,0.008039592948012332
200,10.842,0.00805756258217632
200,10.844,0.008075675350589609
200,10.846,0.008093907494891858
200,10.848,0.008112236304546439
200,10.85,0.008130640077069018
200,10.852,0.00814909807971715
200,10.854000000000001,0.008167590512588908
200,10.856,0.008186098473074999
200,10.858,0.008204603921618685
200,10.86,0.008223089648733199
200,10.862,0.008241539243231647
200,10.864,0.008259937061624924
200,10.866,0.008278268198644873
200,10.868,0.00829651845885145
200,10.870000000000001,0.008314674329285133
200,10.872,0.008332722953126105
200,10.874,0.008350652104322523
200,10.876,0.008368450163155034
200,10.878,0.008386106092701106
200,10.88,0.008403609416167065
200,10.882,0.008420950195058048
200,10.884,0.00843811900815173
200,10.886000000000001,0.008455106931251144
200,10.888,0.008471905517684092
200,10.89,0.008488506779524538
200,10.892,0.008504903169509269
200,10.894,0.008521087563623554
200,10.896,0.008537053244332526
200,10.898,0.008552793884434707
200,10.9,0.008568303531513949
200,10.902000000000001,0.008583576592969261
200,10.904,0.008598607821601104
200,10.906,0.008613392301733169
200,10.908,0.008627925435851277
200,10.91,0.008642202931739448
200,10.912,0.008656220790095823
200,10.914,0.00866997529261074
200,10.916,0.008683462990489116
200,10.918000000000001,0.008696680693402962
200,10.92,0.008709625458856035
200,10.922,0.00872229458194708
200,10.924,0.008734685585516929
200,10.926,0.008746796210664508
200,10.928,0.008758624407619087
200,10.93,0.008770168326956039
200,10.932,0.00878142631114192
200,10.934000000000001,0.008792396886399136
200,10.936,0.008803078754876098
200,10.938,0.00881347078711396
200,10.94,0.008823572014796836
200,10.942,0.008833381623776795
200,10.944,0.008842898947363185
200,10.946,0.008852123459865696
200,10.948,0.008861054770382721
200,10.950000000000001,0.008869692616826352
200,10.952,0.008878036860173603
200,10.954,0.008886087478938159
200,10.956,0.008893844563851642
200,10.958,0.008901308312749155
200,10.96,0.008908479025650286
200,10.962,0.008916639048013474
200,10.964,0.00892573136317154
200,10.966000000000001,0.008935701228797345
200,10.968,0.008946496092887585
200,10.97,0.008958065512771386
200,10.972,0.008970361077039435
200,10.974,0.008983336330288489
200,10.976,0.008996946700583937
200,10.978,0.009011149429542908
200,10.98,0.009025903504947135
200,10.982000000000001,0.009041169595792943
200,10.984,0.009056909989696124
200,10.986,0.00907308853256332
200,10.988,0.009089670570454022
200,10.99,0.009106622893551413
200,10.992,0.009123913682169128
200,10.994,0.009141512454720925
200,10.996,0.009159390017581797
200,10.998000000000001,0.009177518416775691
200,11.0,0.009195870891421423
200,11.002,0.009214421828875243
200,11.004,0.009233146721509962
200,11.006,0.009252022125070212
200,11.008000000000001,0.009271025618548479
200,11.01,0.009290135765526692
200,11.012,0.009309332076930512
200,11.014,0.00932859497514599
200,11.016,0.009347905759448423
200,11.018,0.009367246572698001
200,11.02,0.009386600369254015
200,11.022,0.009405950884064972
200,11.024000000000001,0.00942528260289298
200,11.026,0.009444580733629205
200,11.028,0.009463831178662455
200,11.03,0.009483020508262425
200,11.032,0.009502135934940339
200,11.034,0.00952116528875249
200,11.036,0.00954009699351112
200,11.038,0.009558920043871166
200,11.040000000000001,0.009577623983259577
200,11.042,0.009597363731034583
200,11.044,0.009618072845044833
200,11.046,0.009639687558485707
200,11.048,0.009662146681503232
200,11.05,0.009685391506279367
200,11.052,0.009709365715482234
200,11.054,0.009734015293970482
200,11.056000000000001,0.009759288443645146
200,11.058,0.009785135501342425
200,11.06,0.009811508859663804
200,11.062,0.009838362890647873
200,11.064,0.009865653872183938
200,11.066,0.009893339917075828
200,11.068,0.009921380904663915
200,11.07,0.00994973841491784
200,11.072000000000001,0.009978375664915152
200,11.074,0.0100072574476212
200,11.076,0.01003635007289115
200,11.078,0.01006562131061703
200,11.08,0.010095040335942926
200,11.082,0.010124577676475791
200,11.084,0.010154205161422871
200,11.086,0.010183895872585004
200,11.088000000000001,0.010213624097141376
200,11.09,0.010243365282161552
200,11.092,0.01027309599078229
200,11.094,0.01030279385999096
200,11.096,0.010332437559955818
200,11.098,0.010362006754849495
200,11.1,0.010391482065110499
200,11.102,0.010420845031090762
200,11.104000000000001,0.010450078078040905
200,11.106,0.010479164482381577
200,11.108,0.010508088339217445
200,11.11,0.010536834531045798
200,11.112,0.0105653886976195
200,11.114,0.010593737206918485
200,11.116,0.010621867127192843
200,11.118,0.010649766200036262
200,11.120000000000001,0.01067742281445267
200,11.122,0.01070482598188031
200,11.124,0.010731965312137999
200,11.126,0.010758830990258586
200,11.128,0.010785413754180052
200,11.13,0.010811704873259328
200,11.132,0.010837696127581361
200,11.134,0.010863379788032668
200,11.136000000000001,0.01088874859711227
200,11.138,0.010913795750452919
200,11.14,0.010938514879025325
200,11.142,0.010962900032002214
200,11.144,0.01098694566025668
200,11.146,0.011010646600471578
200,11.148,0.011033998059838549
200,11.15,0.01105699560132348
200,11.152000000000001,0.011079635129479085
200,11.154,0.01110191287678391
200,11.156,0.01112382539048734
200,11.158,0.0111453695199447
200,11.16,0.011166542404421413
200,11.162,0.011188599580356349
200,11.164,0.011211483146223167
200,11.166,0.011235137535263633
200,11.168000000000001,0.011259509429730757
200,11.17,0.011284547678215035
200,11.172,0.011310203215943676
200,11.174,0.01133642898795045
200,11.176,0.011363179875012373
200,11.178,0.011390412622256702
200,11.18,0.01141808577034311
200,11.182,0.011446159589128773
200,11.184000000000001,0.011474596013730354
200,11.186,0.011503358582893936
200,11.188,0.011532412379592915
200,11.19,0.011561723973773948
200,11.192,0.011591261367172952
200,11.194,0.011620993940128069
200,11.196,0.011650892400317114
200,11.198,0.011680928733351408
200,11.200000000000001,0.011711076155157995
200,11.202,0.011741309066087129
200,11.204,0.011771603006682394
200,11.206,0.01180193461505317
200,11.208,0.011832281585792673
200,11.21,0.011862622630385716
200,11.212,0.011892937439051189
200,11.214,0.011923206643969451
200,11.216000000000001,0.01195341178384317
200,11.218,0.011983535269744081
200,11.22,0.012013560352199611
200,11.222,0.012043471089474032
200,11.224,0.012073252317000254
200,11.226,0.012102889617923648
200,11.228,0.012132369294713492
200,11.23,0.012161678341807439
200,11.232000000000001,0.01219080441924904
200,11.234,0.012219735827283227
200,11.236,0.012248461481876183
200,11.238,0.012276970891124193
200,11.24,0.012305254132521398
200,11.242,0.012333301831053687
200,11.244,0.012361105138090226
200,11.246,0.012388655711043155
200,11.248000000000001,0.012415945693767057
200,11.25,0.012442967697673685
200,11.252,0.012469714783532855
200,11.254,0.012496180443938054
200,11.256,0.01252235858640987
200,11.258000000000001,0.012548243517116602
200,11.26,0.012573829925187636
200,11.262,0.01259911286760026
200,11.264,0.012624087754617349
200,11.266,0.012648750335757025
200,11.268,0.012673096686275129
200,11.27,0.012697123194141386
200,11.272,0.012720826547492086
200,11.274000000000001,0.012744203722542027
200,11.276,0.012767251971937852
200,11.278,0.012789968813539119
200,11.28,0.01281235201961004
200,11.282,0.012834399606406794
200,11.284,0.01285610982414818
200,11.286,0.012877481147353141
200,11.288,0.012898512265533457
200,11.290000000000001,0.01291920207422952
200,11.292,0.012939549666374684
200,11.294,0.01295955432397732
200,11.296,0.012979215510111067
200,11.298,0.012998532861197773
200,11.3,0.013017506179577507
200,11.302,0.013036135426351427
200,11.304,0.013054420714489832
200,11.306000000000001,0.013072362302195053
200,11.308,0.01308996058651021
200,11.31,0.013107216097164415
200,11.312,0.013124129490647084
200,11.314,0.013140701544501709
200,11.316,0.01315693315183246
200,11.318,0.013172825316014616
200,11.32,0.013188379145602575
200,11.322000000000001,0.013204830027322591
200,11.324,0.013222125181845883
200,11.326,0.013240213910922395
200,11.328,0.013259047522512956
200,11.33,0.01327857925854449
200,11.332,0.013298764225198066
200,11.334,0.013319559325643576
200,11.336,0.013340923195135121
200,11.338000000000001,0.013362816138388474
200,11.34,0.013385200069159163
200,11.342,0.013408038451946718
200,11.344,0.013431296245751437
200,11.346,0.013454939849811843
200,11.348,0.01347893705125523
200,11.35,0.013503256974593892
200,11.352,0.013527870033003746
200,11.354000000000001,0.013552747881323152
200,11.356,0.013577863370711941
200,11.358,0.013603190504912604
200,11.36,0.013628704398059037
200,11.362,0.013654381233976724
200,11.364,0.013680198226924782
200,11.366,0.01370613358372749
200,11.368,0.013732166467247746
200,11.370000000000001,0.013758276961155237
200,11.372,0.013784446035944609
200,11.374,0.013810655516158205
200,11.376,0.013836888048773425
200,11.378,0.013863127072712068
200,11.38,0.013889356789433234
200,11.382,0.013915562134571393
200,11.384,0.013941728750582891
200,11.386000000000001,0.013967842960365703
200,11.388,0.013993891741818419
200,11.39,0.014019862703304409
200,11.392,0.014045744059990628
200,11.394,0.014071524611029401
200,11.396,0.014097193717554303
200,11.398,0.014122741281460119
200,11.4,0.014148157724940378
200,11.402000000000001,0.014173433970756526
200,11.404,0.01419856142321021
200,11.406,0.014223531949796824
200,11.408,0.014248337863514584
200,11.41,0.01427297190580662
200,11.412,0.014297427230113374
200,11.414,0.014321697386014338
200,11.416,0.0143457763039374
200,11.418000000000001,0.014369658280417223
200,11.42,0.014393337963881269
200,11.422,0.014416810340947047
200,11.424,0.014440070723210487
200,11.426,0.014463114734509456
200,11.428,0.014485938298645163
200,11.43,0.014508537627545235
200,11.432,0.014530909209852717
200,11.434000000000001,0.014553049799926566
200,11.436,0.01457495640723791
200,11.438,0.014596626286149368
200,11.44,0.01461805692606332
200,11.442,0.014640455783746674
200,11.444,0.014663768034859252
200,11.446,0.01468794099410837
200,11.448,0.014712924038924026
200,11.450000000000001,0.014738668535776411
200,11.452,0.014765127769045367
200,11.454,0.014792256872357596
200,11.456,0.014820012762308063
200,11.458,0.014848354074483774
200,11.46,0.014877241101716112
200,11.462,0.014906635734480863
200,11.464,0.014936501403377218
200,11.466000000000001,0.0149668030236136
200,11.468,0.014997506941431498
200,11.47,0.015028580882402394
200,11.472,0.015059993901532539
200,11.474,0.015091716335114684
200,11.476,0.015123719754266261
200,11.478,0.015155976920096707
200,11.48,0.015188461740447027
200,11.482000000000001,0.015221149228148422
200,11.484,0.015254015460747157
200,11.486,0.015287037541645149
200,11.488,0.015320193562607623
200,11.49,0.015353462567589512
200,11.492,0.01538682451783651
200,11.494,0.015420260258215825
200,11.496,0.015453751484733318
200,11.498000000000001,0.015487280713197162
200,11.5,0.015520831248986967
200,11.502,0.015554387157890853
200,11.504,0.015587933237972853
200,11.506,0.015621454992434447
200,11.508000000000001,0.015654938603436207
200,11.51,0.01568837090684616
200,11.512,0.01572173936788093
200,11.514000000000001,0.015755032057611317
200,11.516,0.015788237630299327
200,11.518,0.015821345301538708
200,11.52,0.015854344827171896
200,11.522,0.01588837681941445
200,11.524000000000001,0.015923378435932046
200,11.526,0.015959289297417415
200,11.528,0.01599605139992014
200,11.53,0.016033609030207424
200,11.532,0.01607190868405603
200,11.534,0.01611089898737656
200,11.536,0.016150530620073312
200,11.538,0.016190756242548867
200,11.540000000000001,0.016231530424762827
200,11.542,0.016272809577758236
200,11.544,0.016314551887571815
200,11.546,0.01635671725144706
200,11.548,0.016399267216270906
200,11.55,0.016442164919158838
200,11.552,0.016485375030113814
200,11.554,0.016528863696689086
200,11.556000000000001,0.016572598490584952
200,11.558,0.016616548356113925
200,11.56,0.016660683560469156
200,11.562,0.01670497564573434
200,11.564,0.016749397382575
200,11.566,0.01679392272555331
200,11.568,0.016838526770009594
200,11.57,0.01688318571045665
200,11.572000000000001,0.016927876800434973
200,11.574,0.01697257831377728
200,11.576,0.017017269507234173
200,11.578,0.017061930584413222
200,11.58,0.01710654266098632
200,11.582,0.017151087731120087
200,11.584,0.017195548635088688
200,11.586,0.017239909028025774
200,11.588000000000001,0.017284153349777287
200,11.59,0.017328266795816408
200,11.592,0.01737223528918315
200,11.594,0.01741604545341341
200,11.596,0.01745968458642332
200,11.598,0.01750314063531354
200,11.6,0.017546402172064688
200,11.602,0.017589493908340807
200,11.604000000000001,0.017632407551989276
200,11.606,0.017675135271986407
200,11.608,0.01771766968082982
200,11.61,0.017760003817555048
200,11.612,0.017802131131357136
200,11.614,0.01784404546579373
200,11.616,0.017885741043550077
200,11.618,0.017927212451747856
200,11.620000000000001,0.017968454627775313
200,11.622,0.018009462845625095
200,11.624,0.0180502327027175
200,11.626,0.018090760107195503
200,11.628,0.018131041265672877
200,11.63,0.018171072671421342
200,11.632,0.01821085109297937
200,11.634,0.01825037356316988
200,11.636000000000001,0.018289637368511174
200,11.638,0.018328640039007024
200,11.64,0.0183673793383046
200,11.642,0.018405853254204938
200,11.644,0.018444059989515146
200,11.646,0.01848199795322957
200,11.648,0.01851966575202894
200,11.65,0.018557062182085915
200,11.652000000000001,0.018594186221166396
200,11.654,0.018631037021016296
200,11.656,0.018667613900023663
200,11.658,0.01870391633614637
200,11.66,0.018739943960095973
200,11.662,0.018775696548770093
200,11.664,0.01881117401892147
200,11.666,0.01884637642105891
200,11.668000000000001,0.018881303933569665
200,11.67,0.018915956857056746
200,11.672,0.018950335608881874
200,11.674,0.018984440717909064
200,11.676,0.019018272819440865
200,11.678,0.01905183265033879
200,11.68,0.019085121044325134
200,11.682,0.01911813892745555
200,11.684000000000001,0.019150887313760117
200,11.686,0.019183367301044273
200,11.688,0.019215580066845574
200,11.69,0.019247526864539864
200,11.692,0.019279209019592236
200,11.694,0.019310627925947232
200,11.696,0.01934178504255362
200,11.698,0.019372681890018985
200,11.700000000000001,0.019403320047389223
200,11.702,0.01943370114904925
200,11.704,0.01946382688173956
200,11.706,0.019493698981686087
200,11.708,0.01952331923183735
200,11.71,0.0195526894592072
200,11.712,0.019581811532317573
200,11.714,0.01961068735873942
200,11.716000000000001,0.01963931888272689
200,11.718,0.0196677080829422
200,11.72,0.019695856970267905
200,11.722,0.019723767585703315
200,11.724,0.01975144199834248
200,11.726,0.01977888230343014
200,11.728,0.019806090620493405
200,11.73,0.01983306909154666
200,11.732000000000001,0.01985981987936613
200,11.734,0.019886345165833003
200,11.736,0.019912647150341356
200,11.738,0.019938728048269818
200,11.74,0.019964590089512933
200,11.742,0.019990235517072897
200,11.744,0.020015666585705926
200,11.746,0.020040885560624905
200,11.748000000000001,0.020065894716253255
200,11.75,0.020090696335030845
200,11.752,0.020115292706267354
200,11.754,0.020139686125044073
200,11.756,0.020163878891160378
200,11.758000000000001,0.020187873308124372
200,11.76,0.020211671682185735
200,11.762,0.020236426727213135
200,11.764000000000001,0.020262087770720836
200,11.766,0.02028860605834643
200,11.768,0.020315934687168212
200,11.77,0.02034402854128103
200,11.772,0.020372844229556895
200,11.774000000000001,0.0204023400255182
200,11.776,0.020432475809250766
200,11.778,0.020463213011292846
200,11.78,0.020494514558429575
200,11.782,0.020526344821333115
200,11.784,0.020558669563983993
200,11.786,0.02059145589481571
200,11.788,0.0206246722195241
200,11.790000000000001,0.02065828819548552
200,11.792,0.020692274687730303
200,11.794,0.020726603726418644
200,11.796,0.020761248465769107
200,11.798,0.02079618314438966
200,11.8,0.020831383046965333
200,11.802,0.02086905859623091
200,11.804,0.0209090841168679
200,11.806000000000001,0.020951338610774514
200,11.808,0.020995705596672274
200,11.81,0.021042072955011572
200,11.812,0.021090332778009382
200,11.814,0.02114038122465838
200,11.816,0.021192118380551288
200,11.818,0.021245448122366235
200,11.82,0.021300277986867986
200,11.822000000000001,0.021356519044279015
200,11.824,0.02141408577588243
200,11.826,0.021472895955720595
200,11.828,0.02153287053625842
200,11.83,0.021593933537883987
200,11.832,0.021656011942121866
200,11.834,0.021719035588440162
200,11.836,0.02178293707453313
200,11.838000000000001,0.02184765165996895
200,11.84,0.021913117173089795
200,11.842,0.02195808783479928
200,11.844,0.021983438869862187
200,11.846,0.02199001457995992
200,11.848,0.021978629431625856
200,11.85,0.021950069102396826
200,11.852,0.021905091487005455
200,11.854000000000001,0.021844427665377572
200,11.856,0.02176878283412867
200,11.858,0.021678837203179285
200,11.86,0.0215752468590385
200,11.862,0.021458644596226012
200,11.864,0.021329640718240096
200,11.866,0.021188823809402103
200,11.868,0.021036761478848556
200,11.870000000000001,0.020874001077876094
200,11.872,0.020701070391788597
200,11.874,0.020518478307337697
200,11.876,0.020326715456799118
200,11.878,0.020126254839674288
200,11.88,0.019917552422968478
200,11.882,0.019702252721634794
200,11.884,0.019480724235622884
200,11.886000000000001,0.019253322078960296
200,11.888,0.019020388438097193
200,11.89,0.018782253015476973
200,11.892,0.01853923345895767
200,11.894,0.018291635777692283
200,11.896,0.0180397547450633
200,11.898,0.01778387428924507
200,11.9,0.017524267871964157
200,11.902000000000001,0.017261198856011333
200,11.904,0.016994920862057287
200,11.906,0.016725678115315414
200,11.908,0.016453705782598124
200,11.91,0.016179230300312267
200,11.912,0.015902469693945372
200,11.914,0.01562363388960632
200,11.916,0.015342925018195029
200,11.918000000000001,0.015060537712798505
200,11.92,0.014776659399932472
200,11.922,0.01449147058528481
200,11.924,0.014205145134651645
200,11.926,0.013917850550812755
200,11.928,0.01362974824714691
200,11.93,0.013340993818867846
200,11.932,0.01305173731284611
200,11.934000000000001,0.012762123497090194
200,11.936,0.012472292131092464
200,11.938,0.012182378238397226
200,11.94,0.011892512382939693
200,11.942,0.01160282095092869
200,11.944,0.011313426440322544
200,11.946,0.011024447760277336
200,11.948,0.01073600054334945
200,11.950000000000001,0.010448197473726589
200,11.952,0.010161148635357201
200,11.954,0.009874961884582124
200,11.956,0.009589743252772367
200,11.958,0.009305597385585512
200,11.96,0.009022628026829528
200,11.962,0.00874093855662597
200,11.964,0.008460632595699296
200,11.966000000000001,0.008181814690282686
200,11.968,0.007904591095489176
200,11.97,0.007629070679240741
200,11.972,0.007355365974222698
200,11.974,0.007083594412194336
200,11.976,0.006813879783748676
200,11.978,0.006546353977879047
200,11.98,0.00628115907021459
200,11.982000000000001,0.006018449847524512
200,11.984,0.005758396880346576
200,11.986,0.005501190287006135
200,11.988,0.005247044372919468
200,11.99,0.0049962033814262685
200,11.992,0.0047489486592825
200,11.994,0.004505607624185276
200,11.996,0.004266565025087254
200,11.998000000000001,0.004032277107309734
200,12.0,0.0038032894247949493
